candidate_key,example_key,source_row,id,context,question,gold_answer,beam_rank,prediction,sequence_score,relative_beam_weight,verbatim_in_context,token_f1_with_gold,automatic_relation,review_batch,acceptance_status,error_type,acceptance_basis,blind_verification_sample,blind_verification_result,screening_rationale
v5_0012_1097_beam2,v5_0012_1097,12,1097,"Thus, Economic Sales in Tobacco and related products grew by 0.9% comparing to previous fiscal year due to the good performance of the distribution of convenience products, of the activity in Portugal and the increase of value added services.",What were the reasons behind the growth by 0.9% comparing to previous fiscal year regarding Economic Sales in Tobacco and related products?,"the good performance of the distribution of convenience products, of the activity in Portugal and the increase of value added services",2,"to the good performance of the distribution of convenience products, of the activity in Portugal and the increase of value added services",-0.4194066524505615,0.1835166140393102,True,0.9767441860465116,overextended,1,accepted,overextended,prior_manual_validation,no,,adds leading connector/preposition before the gold span
v5_0015_531_beam1,v5_0015_531,15,531,"• Market liquidity risk. Risk when a Group entity or the Group as a whole cannot reverse or close a position in time without having an impact on the market price or the cost of the transaction. Market liquidity risk is caused by a reduction in the number of market makers or institutional investors, the execution of a large volume of transactions, or market instability. It increases as a result of the concentration of certain products and currencies.",What does market liquidity risk stem from?,"a reduction in the number of market makers or institutional investors, the execution of a large volume of transactions, or market instability",1,"a reduction in the number of market makers or institutional investors, the execution of a large volume of transactions",-0.3922087550163269,0.2333567712207467,True,0.8780487804878049,incomplete,1,accepted,incomplete,screening_method_accepted_after_50_of_50_audit,no,,Omits a distinct coordinated component of the gold answer while remaining a usable span.
v5_0017_889_beam5,v5_0017_889,17,889,"The Company experienced NAV growth during the year ended 31 March 2017 mainly driven by the issuance of new capital in the summer and in November 2016 for c.£179.9m and the revaluation of its investment portfolio during the year. As a result, NAV grew over the year from £273.8m to £478.6m as at 31 March 2017.",What reasons led to the Company's NAV growth from £273.8m to £478.6m during the year ended 31 March 2017?,the issuance of new capital in the summer and in November 2016 for c.£179.9m and the revaluation of its investment portfolio during the year,5,the issuance of new capital in the summer and in November 2016 for c.£179.9m,-0.2640835046768188,0.1848019369413259,True,0.7368421052631579,incomplete,1,accepted,incomplete,blind_verification_sample_user_confirmed,yes,user_confirmed_valid,Omits a distinct coordinated component of the gold answer while remaining a usable span.
v5_0018_380_beam2,v5_0018_380,18,380,"The Group's outcome-orientated approach, which focuses on tailoring solutions using the Group's various skillsets in order to achieve client outcomes, has conduct at its core. Therefore, in assessing the Group's risks, the Directors have considered the FCA's 11 principles for businesses.",What motivated the Directors to consider the FCA's 11 principles for business when assessing the Group's risk?,"The Group's outcome-orientated approach, which focuses on tailoring solutions using the Group's various skillsets in order to achieve client outcomes, has conduct at its core",2,"The Group's outcome-orientated approach, which focuses on tailoring solutions using the Group's various skillsets",-0.3967834711074829,0.2410603460123181,True,0.717948717948718,incomplete,1,accepted,incomplete,screening_method_accepted_after_50_of_50_audit,no,,Omits the causal or explanatory tail needed to complete the gold answer.
v5_0020_53_beam4,v5_0020_53,20,53,"As a consequence of the Disposal, the Company became a Rule 15 Cash Shell and, as such, the Company is required to make an acquisition or acquisitions which constitute a reverse takeover under AIM Rule 14 on or before the date falling six months from completion of the Disposal.",What were the implications of the Disposal?,"the Company became a Rule 15 Cash Shell and, as such, the Company is required to make an acquisition or acquisitions which constitute a reverse takeover under AIM Rule 14 on or before the date falling six months from completion of the Disposal",4,"the Company became a Rule 15 Cash Shell and, as such, the Company is required to make an acquisition or acquisitions which constitute a reverse takeover under AIM Rule 14",-0.2292338460683822,0.1874432176951179,True,0.8219178082191781,incomplete,1,accepted,incomplete,screening_method_accepted_after_50_of_50_audit,no,,"Omits a complete, meaningful portion of the gold answer while remaining usable."
v5_0028_1545_beam5,v5_0028_1545,28,1545,"The new regulation represents a challenge not only from a regulatory point of view but also strategically, given that it requires the professionalisation of investment services and introduces significant changes to the structure of revenue arising from the provision of them. In 2018, the adaptation to MiFID II, MIFIR and PRIIPs has become a priority and the Regulatory Compliance area advised the Group on the adaptation work and on the analysis and decisions that need to be adopted as a result of European regulatory changes and their transposition into Spanish law.",Why does the new regulation respresents a regulatory and strategical challenge?,it requires the professionalisation of investment services and introduces significant changes to the structure of revenue arising from the provision of them,5,it requires the professionalisation of investment services,-1.0365033149719238,0.1279087603709505,True,0.4827586206896552,incomplete,1,accepted,incomplete,screening_method_accepted_after_50_of_50_audit,no,,Omits a distinct coordinated component of the gold answer while remaining a usable span.
v5_0030_999_beam1,v5_0030_999,30,999,"Total water consumption per tonne of production decreased 4.5% in 2017, with most of the improvement due to a reduction in ""once through"" cooling requirements on two German sites and reduced losses due to a replacement reactor in the Middle East.",What was the main cause of the improvement that led to the 4.5% decrease in total water consumption per tonne of production?,"a reduction in ""once through"" cooling requirements on two German sites and reduced losses due to a replacement reactor in the Middle East",1,"a reduction in ""once through"" cooling requirements on two German sites and reduced losses",-0.1803379356861114,0.2351434527766782,True,0.7567567567567568,incomplete,1,accepted,incomplete,prior_manual_validation,no,,omits the replacement-reactor explanation for reduced losses
v5_0032_1210_beam2,v5_0032_1210,32,1210,"Textile Printing using digital inkjet technology is growing fast due to rapid shifts in consumer expectations such as fast changing fashion seasons, and the requirement to reduce waste and pollution. This drives the need for new, digital printing processes which are capable of delivering short print runs quickly, economically and in a more environmentally friendly way.","What triggers the need for new digital printing processes that can quickly, economically, and environmentally deliver short print runs?","Textile Printing using digital inkjet technology is growing fast due to rapid shifts in consumer expectations such as fast changing fashion seasons, and the requirement to reduce waste and pollution",2,Textile Printing using digital inkjet technology is growing fast,-0.3417839705944061,0.1968036389247306,True,0.4615384615384615,incomplete,1,accepted,incomplete,screening_method_accepted_after_50_of_50_audit,no,,Omits the causal or explanatory tail needed to complete the gold answer.
v5_0033_1091_beam5,v5_0033_1091,33,1091,"The average balance of interest-earning assets was EUR 1,246,189 million in 2018, 3% higher year-on-year (EUR 1,204,847 million). The increase was largely due to domestic activities, benefiting from the acquisition of Banco Popular in June 2017, and mature markets, driven by the growth of Santander Consumer Finance and the US. On the other hand, developing markets decreased because of exchange rates.",What drove the increase of the average balance of interest-earning assets in 2018?,"domestic activities, benefiting from the acquisition of Banco Popular in June 2017, and mature markets, driven by the growth of Santander Consumer Finance and the US",5,"domestic activities, benefiting from the acquisition of Banco Popular in June 2017, and mature markets, driven by the growth of Santander Consumer Finance",-0.2801806330680847,0.182593764488938,True,0.9387755102040816,incomplete,1,accepted,incomplete,screening_method_accepted_after_50_of_50_audit,no,,Omits a distinct coordinated component of the gold answer while remaining a usable span.
v5_0037_1001_beam3,v5_0037_1001,37,1001,"Operating cash outflows of £24.0 million, of which £15.0 million relates to the CLSA annual payment, have decreased from £42.4 million for the year to 31 December 2016 as a result of changes in net working capital requirements.",What were the effects of changes in net working capital requirements?,"Operating cash outflows of £24.0 million, of which £15.0 million relates to the CLSA annual payment, have decreased from £42.4 million for the year to 31 December 2016",3,"Operating cash outflows of £24.0 million, of which £15.0 million relates to the CLSA annual payment",-0.2495506703853607,0.2073082125897401,True,0.6818181818181818,incomplete,1,accepted,incomplete,screening_method_accepted_after_50_of_50_audit,no,,"Omits a complete, meaningful portion of the gold answer while remaining usable."
v5_0050_1115_beam5,v5_0050_1115,50,1115,"The bank's interest rate risk was also monitored and managed, and it was maintained at acceptable levels. Indeed, the positioning of the fixed income ALCO portfolio and the balance sheet hedges mitigated the adverse effect of the Euribor interest rates, to which the majority of the bank's loans are referenced.",What contributed to offsetting the adverse effect of the Euribor interest rates?,the positioning of the fixed income ALCO portfolio and the balance sheet hedges,5,the positioning of the fixed income ALCO portfolio,-0.9875323176383972,0.1241095514694264,True,0.761904761904762,incomplete,1,accepted,incomplete,screening_method_accepted_after_50_of_50_audit,no,,Omits a distinct coordinated component of the gold answer while remaining a usable span.
v5_0053_1632_beam3,v5_0053_1632,53,1632,"Despite lower sales, profitability in Latin America remained in line with the previous year due to the savings made from the consolidation of the Brazilian sites that took place towards the end of 2016.",What explains the profitability in Latin America remaining in line with the previous year?,the savings made from the consolidation of the Brazilian sites that took place towards the end of 2016,3,the savings made,-2.8633410930633545,0.1463295533356361,True,0.2857142857142857,incomplete,1,accepted,incomplete,screening_method_accepted_after_50_of_50_audit,no,,Omits the causal or explanatory tail needed to complete the gold answer.
v5_0062_1257_beam3,v5_0062_1257,62,1257,"Having built a highly competitive digital offering in the UK, one of the most advanced and innovative markets globally, we can compete strongly in international markets and thereby diversify our business.",What does it entail for the company to have developed a highly competitive digital offering in the UK?,we can compete strongly in international markets and thereby diversify our business,3,we can compete strongly in international markets,-0.5540404915809631,0.1752307115661311,True,0.7368421052631579,incomplete,1,accepted,incomplete,blind_verification_sample_user_confirmed,yes,user_confirmed_valid,Omits a distinct coordinated component of the gold answer while remaining a usable span.
v5_0064_661_beam4,v5_0064_661,64,661,"Said improvement, although insufficient due to the loss situation, in an overall analysis of financial year 2018, was possible due to the increase in turnover, to higher sales prices and to a better product mix, together with the progress in the results of the TRansforma | 360º Plan. All of which has allowed for the mitigation of the negative effects of the lower activity of the large diameter plant and the protectionist measures of the United States in the second part of the year, as well as the increase in the costs of raw materials, with an increase in the price of scrap metal and the devaluation of the US dollar of 12 and 3.6 percent for the year as a whole, respectively.","What was the consequence of the improvement derived from the increase in turnover, higher sales prices and a better product mix, together with the progress in the results of the TRansforma | 360º Plan?","the mitigation of the negative effects of the lower activity of the large diameter plant and the protectionist measures of the United States in the second part of the year, as well as the increase in the costs of raw materials, with an increase in the price of scrap metal and the devaluation of the US dollar of 12 and 3.6 percent for the year as a whole, respectively",4,the mitigation of the negative effects of the lower activity of the large diameter plant and the protectionist measures of the United States in the second part of the year,-0.2066971659660339,0.1921784900623656,True,0.6060606060606061,incomplete,1,accepted,incomplete,screening_method_accepted_after_50_of_50_audit,no,,Omits a distinct coordinated component of the gold answer while remaining a usable span.
v5_0079_1756_beam4,v5_0079_1756,79,1756,"The key strengths of our operating business are our people, our PRISM operating platform, our brand and the strength of our relationships with Universities. We have continued to build on these throughout 2017, resulting in a 12% increase in EPRA earnings to £70.5 million (2016: £62.7 million). This growth has again been driven by high occupancy, rental growth and the impact of portfolio movements, as well as further operational efficiencies and ongoing cost discipline.","What was the result of high occupancy, rental growth, portfolio movements, further operational efficiencies, and ongoing cost discipline?",a 12% increase in EPRA earnings to £70.5 million (2016: £62.7 million),4,EPRA earnings to £70.5 million (2016: £62.7 million),-0.3184558749198913,0.1930249589717548,True,0.8,incomplete,1,accepted,incomplete,screening_method_accepted_after_50_of_50_audit,no,,"Omits a meaningful leading causal or effect component, changing the answer."
v5_0081_1391_beam3,v5_0081_1391,81,1391,"The main variance in revenues (from continuing operations) was in the Group's publishing division, which saw a decrease of 49 per cent or £2.04m year on year. This was predominantly due to the remaining Macclesfield publishing unit withdrawing from the vast majority of its contract publishing titles and owned titles.",What was the main consequence of the remaining Macclesfield publishing unit withdrawing from the vast majority of its contract publishing titles and owned titles?,"The main variance in revenues (from continuing operations) was in the Group's publishing division, which saw a decrease of 49 per cent or £2.04m year on year",3,The main variance in revenues (from continuing operations) was in the Group's publishing division,-0.2972983419895172,0.2113682496378353,True,0.6341463414634146,incomplete,1,accepted,incomplete,blind_verification_sample_user_confirmed,yes,user_confirmed_valid,Omits the causal or explanatory tail needed to complete the gold answer.
v5_0092_1338_beam5,v5_0092_1338,92,1338,The tax currently payable is based on taxable profit for the year. Taxable profit differs from net profit as reported in the Income Statement because it excludes items of income or expense that are taxable or deductible in other years and it further excludes items that are never taxable or deductible. The Group's liability for current tax is calculated using tax rates in the respective jurisdictions that have been enacted or substantively enacted by the Statement of Financial Position date.,"What is the reason for taxable profit differing from net profit, as reported in the Income Statement?",it excludes items of income or expense that are taxable or deductible in other years and it further excludes items that are never taxable or deductible,5,it excludes items of income or expense that are taxable or deductible in other years,-0.5429936647415161,0.1628784236105728,True,0.7317073170731707,incomplete,1,accepted,incomplete,screening_method_accepted_after_50_of_50_audit,no,,Omits a distinct coordinated component of the gold answer while remaining a usable span.
v5_0115_1558_beam5,v5_0115_1558,115,1558,"Throughout the Strategic Report, and consistent with prior years, underlying and other alternative performance measures are used to describe the Group's performance. These are not recognised under IFRS or other generally accepted accounting principles (GAAP). The Executive Board of the Group manages and assesses the performance of the business on these measures and believes they are more representative of ongoing trading, facilitate meaningful year on year comparisons and hence provide more useful information to shareholders.",Why does the executive group believe that these measures offer more valuable information to shareholders?,"The Executive Board of the Group manages and assesses the performance of the business on these measures and believes they are more representative of ongoing trading, facilitate meaningful year on year comparisons",5,The Executive Board of the Group manages and assesses the performance of the business on these measures,-0.3430901765823364,0.173814796678055,True,0.6938775510204082,incomplete,2,accepted,incomplete,screening_method_accepted_after_50_of_50_audit,no,,Omits a distinct coordinated component of the gold answer while remaining a usable span.
v5_0127_447_beam2,v5_0127_447,127,447,"The Company has discontinued its membership of the Association of Investment Companies (AIC) and, therefore, no longer applies the principles of the AIC Code of Corporate Governance. This Statement of Corporate Governance supports the Directors' Report.",What are the consequences of the Company discontinuing its membership in the Association of Investment Companies (AIC)?,no longer applies the principles of the AIC Code of Corporate Governance,2,no longer applies the principles of the AIC Code of Corporate Governance. This Statement of Corporate Governance supports the Directors' Report,-0.2310152351856231,0.2136736868903987,True,0.7272727272727273,overextended,2,accepted,overextended,screening_method_accepted_after_50_of_50_audit,no,,"Adds a separate sentence, clause, or downstream effect beyond the complete gold answer."
v5_0129_1609_beam3,v5_0129_1609,129,1609,"In 2018, we launched an engagement survey to check in with employees in order to detect our strengths and opportunities as an organisation. Our main objective is to continue improving and developing areas that contribute to talent retention and attraction. As a result, we set priorities and identified actions to be implemented in 2019 and metrics to quantify the engagement-level progress in the final quarter of 2019.",What specific strategic deliverables were implemented to realize the primary objective of enhancing talent retention?,we set priorities and identified actions to be implemented in 2019 and metrics to quantify the engagement-level progress in the final quarter of 2019,3,we set priorities and identified actions to be implemented in 2019,-0.4884169101715088,0.2233796684309605,True,0.6285714285714286,incomplete,2,accepted,incomplete,screening_method_accepted_after_50_of_50_audit,no,,Omits a distinct coordinated component of the gold answer while remaining a usable span.
v5_0133_1189_beam3,v5_0133_1189,133,1189,"This complete and timely view of risk is obtained as a result of the integration of several programs, such as risk and control assessment, scenarios, events and metrics with a common set of taxonomies, and methodological standards. The result of this integration is a more precise risk profile and a significant improvement in efficiency by avoiding redundant efforts and duplicities.",What allows a complete and timely view of risk and therefore a more precise risk profile and significant improvement in efficiency by avoiding redundant efforts and duplicities?,"the integration of several programs, such as risk and control assessment, scenarios, events and metrics with a common set of taxonomies, and methodological standards",3,"the integration of several programs, such as risk and control assessment, scenarios, events and metrics with a common set of taxonomies",-0.3768529593944549,0.2120037223577973,True,0.888888888888889,incomplete,2,accepted,incomplete,screening_method_accepted_after_50_of_50_audit,no,,Omits a distinct coordinated component of the gold answer while remaining a usable span.
v5_0141_436_beam2,v5_0141_436,141,436,A small portion of the Group's cash is restricted in overseas jurisdictions primarily due to legal or regulatory requirements. Such cash does not form part of our liquidity headroom calculation.,What causes a small portion of the Group's cash to be restricted in overseas jurisdictions?,legal or regulatory requirements,2,legal or regulatory requirements. Such cash does not form part of our liquidity headroom calculation,-0.6806815266609192,0.239074645140866,True,0.3157894736842105,overextended,2,accepted,overextended,screening_method_accepted_after_50_of_50_audit,no,,"Adds a separate sentence, clause, or downstream effect beyond the complete gold answer."
v5_0142_1307_beam5,v5_0142_1307,142,1307,"• The largest increases were in Spain due to the acquisition of Banco Popular; SCF, because of higher releases and portfolio sales in 2017, although its cost of credit remained below the standards for this business; and Argentina due to higher provisions for individual customers and the impact of the peso's depreciation on dollar balances.",What caused the increases in Argentina?,higher provisions for individual customers and the impact of the peso's depreciation on dollar balances,5,higher provisions for individual customers,-1.684946894645691,0.0670970696946036,True,0.5,incomplete,2,accepted,incomplete,screening_method_accepted_after_50_of_50_audit,no,,Omits a distinct coordinated component of the gold answer while remaining a usable span.
v5_0146_426_beam3,v5_0146_426,146,426,"The translation reserve comprises foreign exchange differences arising from the translation of the financial statements of foreign operations, as well as from the translation of liabilities that hedge the Group's net investment in a foreign subsidiary.",What accounts for the differences in foreign exchanges comprised in the translation reserve?,"the translation of the financial statements of foreign operations, as well as from the translation of liabilities that hedge the Group's net investment in a foreign subsidiary",3,"the translation of the financial statements of foreign operations, as well as from the translation of liabilities",-0.3604097366333008,0.2096764367351112,True,0.7727272727272727,incomplete,2,accepted,incomplete,screening_method_accepted_after_50_of_50_audit,no,,Omits the causal or explanatory tail needed to complete the gold answer.
v5_0158_870_beam5,v5_0158_870,158,870,"Owing to the magnitude of the loss and the fact that the asset has been disposed of, we believe it is more instructive for the readers to show the loss this year, and the mark-to-market revaluation last year, as a separate reported item.",What led to the decision that it would be more instructive for readers to see this year's loss and last year's mark-to-market revaluation as separate reported items?,the magnitude of the loss and the fact that the asset has been disposed of,5,the magnitude of the loss,-1.5209311246871948,0.0809290536113279,True,0.5,incomplete,2,accepted,incomplete,screening_method_accepted_after_50_of_50_audit,no,,Omits a distinct coordinated component of the gold answer while remaining a usable span.
v5_0159_1962_beam1,v5_0159_1962,159,1962,"On the other hand, competition is much stiffer as a result of the entry of the so-called fintechs in providing some financial services. These companies enjoy some advantages, particularly in terms of costs (they do not have branches and do not have to renew outdated technology), and in the products and markets where they operate, as they focus on the most profitable ones and do not provide the universal service that we do. We need to end asymmetric regulations, as banks, on the one hand, and digital platforms and start-ups, on the other, are not competing on a level playing field, whether in terms of capital requirements, compliance or use of data. We are not an IT company, but it is our duty to use the best technology and look for the best possible solutions for the real financial challenges of our customers, providing them exactly with what they need.",What is the implication of other companies focusing on the most profitable products and markets and not providing the universal service that they do?,"These companies enjoy some advantages, particularly in terms of costs (they do not have branches and do not have to renew outdated technology), and in the products and markets where they operate",1,"These companies enjoy some advantages, particularly in terms of costs (they do not have branches and do not have to renew outdated technology)",-0.1750224232673645,0.2603946304597917,True,0.8,incomplete,2,accepted,incomplete,screening_method_accepted_after_50_of_50_audit,no,,Omits a distinct coordinated component of the gold answer while remaining a usable span.
v5_0160_756_beam3,v5_0160_756,160,756,"B's product offering and advanced functionality has resulted in a market-leading customer experience and, at September 2017, B had a Net Promoter Score (NPS) of over 40. As a result, since its launch in May 2016, B has over 100,000 accounts and deposit balances of c.£1bn.",What was the effect of B's product offering and advanced functionality?,"a market-leading customer experience and, at September 2017, B had a Net Promoter Score (NPS) of over 40",3,B had a Net Promoter Score (NPS) of over 40,-0.3802589476108551,0.2243072165198177,True,0.7142857142857143,incomplete,2,accepted,incomplete,blind_verification_sample_user_confirmed,yes,user_confirmed_valid,Omits a distinct leading component of the gold answer while retaining only the later component.
v5_0166_94_beam3,v5_0166_94,166,94,The strong growth in the valuation of the portfolio has seen the loan to value ratio fall to 52.9% (2016: 53.7%) despite the total level of net debt rising by £64.6 million in the year due to the cost of acquisitions and capital expenditure and the conversion of £19.3 million convertible bonds in the year.,What caused the loan-to-value ratio to decrease to 52.9% despite a £64.6 million increase in net debt during the year?,the cost of acquisitions and capital expenditure and the conversion of £19.3 million convertible bonds in the year,3,the conversion of £19.3 million convertible bonds in the year,-0.6972284317016602,0.1985147157663485,True,0.7142857142857143,incomplete,2,accepted,incomplete,screening_method_accepted_after_50_of_50_audit,no,,Omits a distinct leading component of the gold answer while retaining only the later component.
v5_0169_916_beam2,v5_0169_916,169,916,"In May 2017 we cancelled the legacy deferred shares in issue. The deferred shares were not listed, and effectively carried no rights. As a result, share capital reduced to £2.0m (2016: £16.3m) and a capital redemption reserve of £14.3m was created (2016: £nil).",What was the outcome of the deferred shares not being listed and effectively carrying no rights?,share capital reduced to £2.0m (2016: £16.3m) and a capital redemption reserve of £14.3m was created (2016: £nil),2,share capital reduced to £2.0m (2016: £16.3m),-0.3649550080299377,0.2205396636055073,True,0.56,incomplete,2,accepted,incomplete,screening_method_accepted_after_50_of_50_audit,no,,Omits a distinct coordinated component of the gold answer while remaining a usable span.
v5_0177_1508_beam5,v5_0177_1508,177,1508,HSBC Holdings is also subject to contingent liquidity risk by virtue of credit-related commitments and guarantees and similar contracts issued relating to its subsidiaries. Such commitments and guarantees are only issued after due consideration of HSBC Holdings' ability to finance the commitments,What causes HSBC Holdings is also subject to contingent liquidity risk?,credit-related commitments and guarantees and similar contracts issued relating to its subsidiaries,5,credit-related commitments and guarantees,-1.520885705947876,0.0818756951162112,True,0.5,incomplete,2,accepted,incomplete,screening_method_accepted_after_50_of_50_audit,no,,Omits a distinct coordinated component of the gold answer while remaining a usable span.
v5_0184_509_beam5,v5_0184_509,184,509,"HL Funds consist of ten Multi-Manager funds, on which the management fee is 75bps per annum, and two Select equity funds, on which the management fee is 60bps. Net revenue from these funds has grown strongly this year due to investment outperformance, rising markets, and the successful launch of the new fund.",What factors explain the strong growth of net revenue from these funds this year?,"investment outperformance, rising markets, and the successful launch of the new fund",5,"investment outperformance, rising markets",-1.285980463027954,0.0931493631097224,True,0.375,incomplete,2,accepted,incomplete,screening_method_accepted_after_50_of_50_audit,no,,Omits a distinct coordinated component of the gold answer while remaining a usable span.
v5_0207_986_beam3,v5_0207_986,207,986,"As a consequence of managing the estate to reduce square footage, eliminate store catchment overlap and improve the quality of our store base on realistic rental deals, the operating lease liabilities have reduced significantly to £531.9m (2016: £599.3m).",What factors led to the significant reduction in operating lease liabilities to £531.9m in 2017 from £599.3m in 2016?,"managing the estate to reduce square footage, eliminate store catchment overlap and improve the quality of our store base on realistic rental deals",3,"managing the estate to reduce square footage, eliminate store catchment overlap",-0.6585093140602112,0.2000047146358652,True,0.6470588235294118,incomplete,3,accepted,incomplete,screening_method_accepted_after_50_of_50_audit,no,,Omits a distinct coordinated component of the gold answer while remaining a usable span.
v5_0211_1628_beam1,v5_0211_1628,211,1628,"Finance costs decreased from $30.5 million in 2016 to $26.1 million in 2017, principally due to the reduction of interest resulting from the repayment of Scotiabank medium term loan in H1 2016 and from lower average short-term borrowings.",What is the cause finance costs decreased from $30.5 million in 2016 to $26.1 million in 2017,the reduction of interest resulting from the repayment of Scotiabank medium term loan in H1 2016 and from lower average short-term borrowings,1,the reduction of interest resulting from the repayment of Scotiabank medium term loan in H1 2016,-0.3608245849609375,0.2678659421763533,True,0.8421052631578948,incomplete,3,accepted,incomplete,blind_verification_sample_user_confirmed,yes,user_confirmed_valid,Omits a distinct coordinated component of the gold answer while remaining a usable span.
v5_0212_788_beam3,v5_0212_788,212,788,"As a result of the exceptional costs charged in the year, the group reported a statutory loss before tax of £123.0m (2016: profit of £343.9m) and a basic loss per share of 90.7p (2016: earnings per share of 181.8p).",What was the effect of the exceptional costs charged in the year?,the group reported a statutory loss before tax of £123.0m (2016: profit of £343.9m) and a basic loss per share of 90.7p (2016: earnings per share of 181.8p),3,the group reported a statutory loss before tax of £123.0m (2016: profit of £343.9m),-0.3002062141895294,0.2350793256343976,True,0.6666666666666666,incomplete,3,accepted,incomplete,screening_method_accepted_after_50_of_50_audit,no,,Omits a distinct coordinated component of the gold answer while remaining a usable span.
v5_0213_1684_beam4,v5_0213_1684,213,1684,Net assets as at 31 July 2017 have reduced to £29.89 million (2016: £35.86 million) as a result of the losses incurred during the year of £6.37 million and the corresponding reduction in cash and short-term deposits.,What are the reasons behind the reduction in net assets to £29.89 million as of 31 July 2017?,the losses incurred during the year of £6.37 million and the corresponding reduction in cash and short-term deposits,4,the losses incurred during the year of £6.37 million,-0.4377150535583496,0.1777598834018251,True,0.6666666666666666,incomplete,3,accepted,incomplete,screening_method_accepted_after_50_of_50_audit,no,,Omits a distinct coordinated component of the gold answer while remaining a usable span.
v5_0245_548_beam4,v5_0245_548,245,548,"Public sector sales were substantially lower than in 2016, particularly in England, reflecting a weak opening order book and lower than anticipated order conversion in the first half of the year, due to a combination of the delayed roll out of the next phase of the ESFA Priority Schools",What factors caused public sector sales to reflect a weak opening order book and lower than anticipated order conversion in the first half of the year?,a combination of the delayed roll out of the next phase of the ESFA Priority Schools,4,a combination of the delayed roll out,-1.3593858480453491,0.1697643841428829,True,0.6086956521739131,incomplete,3,accepted,incomplete,screening_method_accepted_after_50_of_50_audit,no,,"Omits a complete, meaningful portion of the gold answer while remaining usable."
v5_0246_1488_beam5,v5_0246_1488,246,1488,"Given the Group is currently trading below our target range for the net debt to underlying EBITDA ratio, the Board considered the Group's capital structure and capital allocation priorities with a view to a return of surplus cash to shareholders.",What was the reason the Group is currently trading below the target range for the net debt to underlying EBITDA ratio?,the Board considered the Group's capital structure and capital allocation priorities with a view to a return of surplus cash to shareholders,5,the Board considered the Group's capital structure,-1.0466251373291016,0.1577957467756111,True,0.4827586206896552,incomplete,3,accepted,incomplete,screening_method_accepted_after_50_of_50_audit,no,,Omits a distinct coordinated component of the gold answer while remaining a usable span.
v5_0249_1776_beam1,v5_0249_1776,249,1776,"Major product programme delivery Since last year, the level of risk for the major product programme delivery principal risk has increased. This is due to in-service issues that we have experienced with our Trent 1000 and Trent 900 engines (see page 24) and the resources required to mitigate the impact",What are the reasons behind the increased level of risk for the major product programme delivery principal risk since last year?,in-service issues that we have experienced with our Trent 1000 and Trent 900 engines (see page 24) and the resources required to mitigate the impact,1,in-service issues that we have experienced with our Trent 1000 and Trent 900 engines,-0.2677645683288574,0.2090276036768431,True,0.717948717948718,incomplete,3,accepted,incomplete,blind_verification_sample_user_confirmed,yes,user_confirmed_valid,"Omits a complete, meaningful portion of the gold answer while remaining usable."
v5_0252_199_beam2,v5_0252_199,252,199,There are a number of risks in developing drug candidates due to a long and complex development process. Any programme must undergo extensive research to get to preclinical or clinical stage. This process takes several years and is very costly.,What factor contributes to the presence of risks in developing drug candidates?,a long and complex development process,2,a long and complex development process. Any programme must undergo extensive research,-1.1196447610855105,0.1787831691989417,True,0.5555555555555556,overextended,3,accepted,overextended,blind_verification_sample_user_confirmed,yes,user_confirmed_valid,"Adds a separate sentence, clause, or downstream effect beyond the complete gold answer."
v5_0254_804_beam2,v5_0254_804,254,804,EBITDA growth resulted from the credit positive performances of Distribution and IT Solutions and a reduction in net indirect costs as a consequence of the adoption of IFRS 16 in 2018.,What prompted the EBITDA growth?,the credit positive performances of Distribution and IT Solutions and a reduction in net indirect costs as a consequence of the adoption of IFRS 16 in 2018,2,the credit positive performances of Distribution and IT Solutions,-0.7173094749450684,0.2416617569999427,True,0.5,incomplete,3,accepted,incomplete,blind_verification_sample_user_confirmed,yes,user_confirmed_valid,Omits a distinct coordinated component of the gold answer while remaining a usable span.
v5_0261_267_beam3,v5_0261_267,261,267,Head office costs increased from £7.3 million in 2016 to £9.1 million in 2017. This was largely due to the effect of headcount increases in 2017 and staff bonuses associated with improved operating performance.,What caused head office costs to increase from £7.3 million in 2016 to £9.1 million in 2017?,the effect of headcount increases in 2017 and staff bonuses associated with improved operating performance,3,the effect of headcount increases in 2017,-0.7103540897369385,0.202243838730637,True,0.6363636363636364,incomplete,3,accepted,incomplete,screening_method_accepted_after_50_of_50_audit,no,,Omits a distinct coordinated component of the gold answer while remaining a usable span.
v5_0264_1744_beam5,v5_0264_1744,264,1744,"Revenue was up by 7% at US$11,520 million compared with US$10,738 million in FY2016. The table on the right indicates the movement by segment. The increase was primarily driven by improved zinc and aluminium metal prices, improved volumes on account of our aluminium ramp up",What were the factors that contributed to the increase in revenue?,"improved zinc and aluminium metal prices, improved volumes on account of our aluminium ramp up",5,improved zinc and aluminium metal prices,-0.6708624958992004,0.1534266358938452,True,0.4761904761904761,incomplete,3,accepted,incomplete,screening_method_accepted_after_50_of_50_audit,no,,"Omits a complete, meaningful portion of the gold answer while remaining usable."
v5_0269_316_beam4,v5_0269_316,269,316,"The tax rate on trading results 1 was 17.1% (2016: 23.8%). This is a considerable reduction on the 2016 rate and is mainly due to a one-off benefit following the conclusion of a US tax audit, further progress in improving our tax rate, tax provision releases following expiry of statute of limitations and a beneficial geographical mix of profits.",What were the main reasons for the tax rate on trading results being 17.1% in 2017 compared to 23.8% in 2016?,"a one-off benefit following the conclusion of a US tax audit, further progress in improving our tax rate, tax provision releases following expiry of statute of limitations and a beneficial geographical mix of profits",4,"a one-off benefit following the conclusion of a US tax audit, further progress in improving our tax rate, tax provision releases following expiry of statute of limitations",-0.2617151141166687,0.1902146855156808,True,0.8852459016393442,incomplete,3,accepted,incomplete,screening_method_accepted_after_50_of_50_audit,no,,Omits a distinct coordinated component of the gold answer while remaining a usable span.
v5_0271_1672_beam5,v5_0271_1672,271,1672,"The Group made a profit of $2.3 million (2016: $1.3 million loss) during the year ended 31 December 2017, mainly as a result of improved revenue from higher production volumes and hydrocarbon prices.","What was the main explanation for the Group making a profit of $2.3 million in 2017, compared to a loss of $1.3 million in 2016?",improved revenue from higher production volumes and hydrocarbon prices,5,improved revenue from higher production volumes,-1.1469786167144775,0.1214154833792625,True,0.8,incomplete,3,accepted,incomplete,screening_method_accepted_after_50_of_50_audit,no,,Omits a distinct coordinated component of the gold answer while remaining a usable span.
v5_0274_1192_beam4,v5_0274_1192,274,1192,"To assist in monitoring the risk management framework, the Assets and Liabilities, Retail Credit, Conduct & Regulatory Risk, Operational Risk, Information and Project & Change Committees report into the Board Risk Committee. As a result of continued enhancement to the governance structure, these committees are transitioning to report into the Executive Committee, who will then report into the Board Risk Committee. The Committee meets at least quarterly.",What were the implications of the continued enhancements to the governance structure?,"these committees are transitioning to report into the Executive Committee, who will then report into the Board Risk Committee",4,these committees are transitioning to report into the Executive Committee,-0.6109261512756348,0.1653498988429964,True,0.6896551724137931,incomplete,3,accepted,incomplete,screening_method_accepted_after_50_of_50_audit,no,,Omits the causal or explanatory tail needed to complete the gold answer.
v5_0276_1550_beam5,v5_0276_1550,276,1550,Profit before tax including the Group's share of joint ventures has increased to a record high of £34.1 million from £32.2 million and to £34.6 million excluding the Group's share of joint ventures (2016: £32.3 million). The Board expects the year to 31 March 2018 to show significant growth in pre-tax profits and again in the following year. A large proportion of this growth is already visible due to the scale of the development pipeline and the Group's substantial forward sold position.,What was the reason for a large proportion of the expected growth to be already visible?,the scale of the development pipeline and the Group's substantial forward sold position,5,the scale of the development pipeline,-1.2812862396240234,0.1023580329437999,True,0.631578947368421,incomplete,3,accepted,incomplete,screening_method_accepted_after_50_of_50_audit,no,,Omits a distinct coordinated component of the gold answer while remaining a usable span.
v5_0282_235_beam4,v5_0282_235,282,235,Share based charges increased by £0.7m due to the continued investment in the Franchise Incentive Plan and management share options to ensure both Franchisees and management are aligned with the Group's objectives and rewarded based on the performance of the Group.,What motivated the increase in share-based charges by £0.7m?,the continued investment in the Franchise Incentive Plan and management share options,4,the continued investment in the Franchise Incentive Plan,-0.7683181762695312,0.1691403808258041,True,0.8,incomplete,3,accepted,incomplete,screening_method_accepted_after_50_of_50_audit,no,,Omits a distinct coordinated component of the gold answer while remaining a usable span.
v5_0287_1007_beam5,v5_0287_1007,287,1007,"This shift in behaviour, combined with our partnership with the Post Office, mobile branches and Community Bankers, means there are now more ways to bank than ever before.",What factors contributed to there being more ways to bank now than ever before?,"This shift in behaviour, combined with our partnership with the Post Office, mobile branches and Community Bankers",5,This shift in behaviour,-1.441153883934021,0.0943720092344422,True,0.2857142857142857,incomplete,3,accepted,incomplete,screening_method_accepted_after_50_of_50_audit,no,,"Omits a complete, meaningful portion of the gold answer while remaining usable."
v5_0292_1664_beam1,v5_0292_1664,292,1664,"As a reasonable taxpayer, the Company is committed to establishing, maintaining and monitoring the implementation of an appropriate tax strategy.",What are the implications of the Company being a reasonable taxpayer?,"the Company is committed to establishing, maintaining and monitoring the implementation of an appropriate tax strategy",1,"to establishing, maintaining and monitoring the implementation of an appropriate tax strategy",-0.3925454914569855,0.2445125002996837,True,0.8571428571428571,incomplete,3,accepted,incomplete,prior_manual_validation,no,,omits the commitment itself and returns only the activity
v5_0292_1664_beam2,v5_0292_1664,292,1664,"As a reasonable taxpayer, the Company is committed to establishing, maintaining and monitoring the implementation of an appropriate tax strategy.",What are the implications of the Company being a reasonable taxpayer?,"the Company is committed to establishing, maintaining and monitoring the implementation of an appropriate tax strategy",2,"establishing, maintaining and monitoring the implementation of an appropriate tax strategy",-0.4815268516540527,0.2236953481811342,True,0.8148148148148148,incomplete,3,accepted,incomplete,prior_manual_validation,no,,omits the commitment itself and returns only the activity
v5_0293_1397_beam4,v5_0293_1397,293,1397,"No emissions data has been included in the emissions table where Urban&Civic has an interest in property or operations, but does not have operational control. Consequently, tenant consumption and certain joint ventures have been omitted from the presented analysis.",What led to the omission of tenant consumption and certain joint ventures from the presented analysis?,"No emissions data has been included in the emissions table where Urban&Civic has an interest in property or operations, but does not have operational control",4,No emissions data has been included in the emissions table,-0.832496166229248,0.1713322394772901,True,0.5714285714285715,incomplete,3,accepted,incomplete,screening_method_accepted_after_50_of_50_audit,no,,Omits the causal or explanatory tail needed to complete the gold answer.
v5_0302_1034_beam5,v5_0302_1034,302,1034,"However, our customer service metrics remain exceptional across all of the countries in which we operate because we make it our mission to care more and we continue to innovate to create the best customer experience for tomorrow.",What is the reason their customer service metrics remain exceptional across all of the countries?,we make it our mission to care more and we continue to innovate to create the best customer experience for tomorrow,5,we make it our mission to care more,-1.1319594383239746,0.0996797971464761,True,0.5517241379310345,incomplete,4,accepted,incomplete,screening_method_accepted_after_50_of_50_audit,no,,Omits a distinct coordinated component of the gold answer while remaining a usable span.
v5_0307_1608_beam2,v5_0307_1608,307,1608,"There is no requirement for companies quoted on AIM to produce a formal Remuneration Report. As a consequence, this Remuneration Report is produced for information purposes in order to give shareholders and other users of the financial statements greater transparency about the way in which the Directors of Inland Homes are remunerated.",What are the implications of the lack of need for companies quoted on AIM to produce a formal Remuneration Report?,this Remuneration Report is produced for information purposes in order to give shareholders and other users of the financial statements greater transparency about the way in which the Directors of Inland Homes are remunerated,2,this Remuneration Report is produced for information purposes in order to give shareholders and other users of the financial statements greater transparency,-0.3560124933719635,0.2181681999893206,True,0.7857142857142858,incomplete,4,accepted,incomplete,screening_method_accepted_after_50_of_50_audit,no,,"Omits a complete, meaningful portion of the gold answer while remaining usable."
v5_0311_1291_beam5,v5_0311_1291,311,1291,"Following its annual review, the Committee recommended to the Board not to establish an internal audit function, due to the existence of current controls and review systems, and as the Company was neither of sufficient size nor complexity to warrant it.","Following its annual review, why did the Committee recommend to the Board not to establish an internal audit function?","the existence of current controls and review systems, and as the Company was neither of sufficient size nor complexity to warrant it",5,the existence of current controls and review systems,-0.7674839496612549,0.1478481603324164,True,0.4666666666666667,incomplete,4,accepted,incomplete,blind_verification_sample_user_confirmed,yes,user_confirmed_valid,Omits a distinct coordinated component of the gold answer while remaining a usable span.
v5_0314_457_beam1,v5_0314_457,314,457,"Historically, the Committee has not granted LTIP awards to the executive directors and does not intend to do so in 2018, due to the large shareholdings of the MD and FD. There are therefore currently no formal LTIP agreements in place for executive directors.",What factors explain the absence of formal LTIP agreements in place for executive directors?,"the Committee has not granted LTIP awards to the executive directors and does not intend to do so in 2018, due to the large shareholdings of the MD and FD",1,the Committee has not granted LTIP awards to the executive directors and does not intend to do so in 2018,-0.1057753637433052,0.2846173103583171,True,0.7599999999999999,incomplete,4,accepted,incomplete,screening_method_accepted_after_50_of_50_audit,no,,Omits the causal or explanatory tail needed to complete the gold answer.
v5_0329_197_beam5,v5_0329_197,329,197,"We were encouraged to see occupancy recover in H2 2017 which, together with the addition of Waves Hotel to the portfolio, led to a revenue increase of 5% over 2016.",What factors contributed to the 5% increase in revenue over 2016?,"We were encouraged to see occupancy recover in H2 2017 which, together with the addition of Waves Hotel to the portfolio",5,We were encouraged to see occupancy recover in H2 2017,-0.4202429950237274,0.167032531209198,True,0.6451612903225806,incomplete,4,accepted,incomplete,screening_method_accepted_after_50_of_50_audit,no,,Omits the causal or explanatory tail needed to complete the gold answer.
v5_0342_1451_beam1,v5_0342_1451,342,1451,"Increased competition has arisen due to high private and public investments in the UAE healthcare sector, as well as associated investments from new entrants and existing player partnerships.",What are the factors driving the increase in competition?,"high private and public investments in the UAE healthcare sector, as well as associated investments from new entrants and existing player partnerships",1,"high private and public investments in the UAE healthcare sector, as well as associated investments from new entrants",-0.4889638125896454,0.2560331836173374,True,0.9,incomplete,4,accepted,incomplete,screening_method_accepted_after_50_of_50_audit,no,,Omits a distinct coordinated component of the gold answer while remaining a usable span.
v5_0349_1177_beam5,v5_0349_1177,349,1177,"With barriers to entry in the traditional broad wealth management industry (as opposed to robo-advice and challenger entrants with extremely clean, simple, focused business lines), we expect further consolidation as a result of the high level of regulatory requirements and technology development costs.",What explains the further consolidation expected?,the high level of regulatory requirements and technology development costs,5,the high level of regulatory requirements,-1.3463377952575684,0.1022872899684303,True,0.7499999999999999,incomplete,4,accepted,incomplete,screening_method_accepted_after_50_of_50_audit,no,,Omits a distinct coordinated component of the gold answer while remaining a usable span.
v5_0352_656_beam5,v5_0352_656,352,656,The unchanged capacity and fall in revenue and underlying EBITDA in Foster Care is due to the competitive nature of the market as well the change to family assessments in the home. It is also due to capacity being reported on the basis of the children that carers are able,What reasons explain the unchanged capacity and the fall in revenue and underlying EBITDA in Foster Care?,the competitive nature of the market as well the change to family assessments in the home,5,the competitive nature of the market,-0.9180854558944702,0.1452455341903096,True,0.5454545454545454,incomplete,4,accepted,incomplete,screening_method_accepted_after_50_of_50_audit,no,,"Omits a complete, meaningful portion of the gold answer while remaining usable."
v5_0366_1595_beam3,v5_0366_1595,366,1595,"The approach to data analytics performed by KPMG expands their audit coverage to 100% of revenue, which together with the data analytics performed by management has led to increased overall assurance in this area.",What are the factors contributing to the increase in overall assurance in this area?,"The approach to data analytics performed by KPMG expands their audit coverage to 100% of revenue, which together with the data analytics performed by management",3,The approach to data analytics performed by KPMG expands their audit coverage to 100% of revenue,-0.2734101116657257,0.2069824643487084,True,0.7317073170731707,incomplete,4,accepted,incomplete,screening_method_accepted_after_50_of_50_audit,no,,Omits the causal or explanatory tail needed to complete the gold answer.
v5_0372_1464_beam5,v5_0372_1464,372,1464,"As a consequence of my appointment on 2 May 2017 and, in particular, my independence on that date, this area of non-compliance no longer exists.",What factor explains that the are of non-compliance no longer exists?,"my appointment on 2 May 2017 and, in particular, my independence on that date",5,my appointment on 2 May 2017,-0.6771626472473145,0.1507715083396801,True,0.6,incomplete,4,accepted,incomplete,screening_method_accepted_after_50_of_50_audit,no,,Omits a distinct coordinated component of the gold answer while remaining a usable span.
v5_0380_1968_beam1,v5_0380_1968,380,1968,"Asset management sales and staircasing performed strongly this year, contributing £8.6 m (2016: £3.5m) to the overall surplus. This result is driven in part by increased numbers of units sold and in part by higher surplus per property due to the type of dwelling sold.","What factors contributed to the strong performance of asset management sales and staircasing this year, which added £8.6 million to the overall surplus?",in part by increased numbers of units sold and in part by higher surplus per property due to the type of dwelling sold,1,increased numbers of units sold and in part by higher surplus per property,-0.1022375151515007,0.3417298406314591,True,0.7222222222222222,incomplete,4,accepted,incomplete,screening_method_accepted_after_50_of_50_audit,no,,Omits the causal or explanatory tail needed to complete the gold answer.
v5_0385_1327_beam2,v5_0385_1327,385,1327,"Because the Manager aims to invest in companies that can compound shareholders' capital, but also aims to invest at a discount to intrinsic value, the portfolio tends to have both growth and value characteristics.",What reason explains why the portfolio usually has growth and value characteristics?,"the Manager aims to invest in companies that can compound shareholders' capital, but also aims to invest at a discount to intrinsic value",2,"Because the Manager aims to invest in companies that can compound shareholders' capital, but also aims to invest at a discount to intrinsic value",-0.1924405843019485,0.2078207270688934,True,0.9787234042553192,overextended,4,accepted,overextended,prior_manual_validation,no,,includes unnecessary leading causal connector
v5_0386_1431_beam3,v5_0386_1431,386,1431,"Based on their assessment and considerations, the Directors have concluded that they should continue to prepare the financial statements of the Company on a going concern basis and the financial statements have been prepared accordingly.",What happened as a result of their assessment and considerations?,the Directors have concluded that they should continue to prepare the financial statements of the Company on a going concern basis and the financial statements have been prepared accordingly,3,the Directors have concluded that they should continue to prepare the financial statements of the Company on a going concern basis,-0.3179416954517364,0.2065591955137044,True,0.8400000000000001,incomplete,4,accepted,incomplete,blind_verification_sample_user_confirmed,yes,user_confirmed_valid,Omits a distinct coordinated component of the gold answer while remaining a usable span.
v5_0388_152_beam5,v5_0388_152,388,152,"The total EEV profit before tax for the year was £1,289.1 million (2016: £1,198.4 million). The improvement is principally due to growth in the business between the two periods arising from both strong gross inflows and positive investment performance over the last twelve months.",What factors contributed to the improvement of EEV profit before tax?,growth in the business between the two periods arising from both strong gross inflows and positive investment performance over the last twelve months,5,growth in the business between the two periods,-0.3407142162322998,0.1832811472466787,True,0.5161290322580645,incomplete,4,accepted,incomplete,blind_verification_sample_user_confirmed,yes,user_confirmed_valid,"Omits a complete, meaningful portion of the gold answer while remaining usable."
v5_0404_1782_beam1,v5_0404_1782,404,1782,"Expensed administration costs in 2017 were reduced to £7.7 million (2016: £10.2 million) mainly due to an additional charge in 2016 of £2.0 million following a true-up of 2015 timewriting rates, and due to increased activity on operated assets (in particular Brasse) leading to a higher G&A recharge to assets.",What accounts for the reduction in expensed administration costs to £7.7 million in 2017?,"an additional charge in 2016 of £2.0 million following a true-up of 2015 timewriting rates, and due to increased activity on operated assets (in particular Brasse) leading to a higher G&A recharge to assets",1,an additional charge in 2016 of £2.0 million following a true-up of 2015 timewriting rates,-0.1322191506624221,0.2933595963278328,True,0.5714285714285713,incomplete,5,accepted,incomplete,screening_method_accepted_after_50_of_50_audit,no,,Omits a distinct coordinated component of the gold answer while remaining a usable span.
v5_0411_1455_beam1,v5_0411_1455,411,1455,"Other income comprises fund management fees, corporate finance fee income and other fees typically chargeable to the Group's portfolio companies for services including executive search and selection, legal and administrative support. Other income for the year increased to £6.1m (2016: £2.6m). The increase was largely due to the acquisition of Parkwalk Advisors in January and the resultant fund management related fees and commissions (£3.2m) which were consolidated into the Group's results for the first time.",What factors contributed to the increase in other income for the year to £6.1 million from £2.6 million in 2016?,the acquisition of Parkwalk Advisors in January and the resultant fund management related fees and commissions (£3.2m) which were consolidated into the Group's results for the first time,1,the acquisition of Parkwalk Advisors in January and the resultant fund management related fees,-0.6301392912864685,0.3510332606834282,True,0.6666666666666666,incomplete,5,accepted,incomplete,screening_method_accepted_after_50_of_50_audit,no,,Omits a distinct coordinated component of the gold answer while remaining a usable span.
v5_0418_433_beam1,v5_0418_433,418,433,"Average production reached 715 Kboe/d in 2018, which represents a 3% increase (+20.7 Kboe/d; +6.2 Kboe/d in liquids and 14.5 Kboe/d in gas) vs. 2017. This increase is primarily due to production in Libya and the launch of organic development projects in 2017 (Reggane in Algeria, Kinabalu in Malaysia, TROC and Juniper in Trinidad and Tobago, Shaw and Cayley in the United Kingdom and Sagari in Peru) and in 2018 (launch of the gas project Bunga Pakma in Malaysia and the connection of new wells in Marcellus in the United States), as well as the acquisition of the Visund field in Norway. These positive effects were offset by lower production in Venezuela and by the sale of the SK field in Russia in 2017. and MidContinent in the US.","What led to production reaching 715 Kboe/d in 2018, which represents a 3% increase (+20.7 Kboe/d; +6.2 Kboe/d in liquids and 14.5 Kboe/d in gas) vs. 2017?","production in Libya and the launch of organic development projects in 2017 (Reggane in Algeria, Kinabalu in Malaysia, TROC and Juniper in Trinidad and Tobago, Shaw and Cayley in the United Kingdom and Sagari in Peru) and in 2018 (launch of the gas project Bunga Pakma in Malaysia and the connection of new wells in Marcellus in the United States), as well as the acquisition of the Visund field in Norway",1,"production in Libya and the launch of organic development projects in 2017 (Reggane in Algeria, Kinabalu in Malaysia, TROC and Juniper in Trinidad and Tobago, Shaw and Cayley in the United Kingdom and Sagari in Peru)",-0.1426775753498077,0.3077082176197933,True,0.6728971962616822,incomplete,5,accepted,incomplete,screening_method_accepted_after_50_of_50_audit,no,,Omits a distinct coordinated component of the gold answer while remaining a usable span.
v5_0427_1278_beam3,v5_0427_1278,427,1278,"Continued strong operational delivery and a focus on customer experience and better procurement has driven the increase in operating profit, up 42% to £39.1m (2016: £27.5m) and an operating margin of 5.3% (2016: 4.3%). Performance in the second half of the year was particularly strong, with an operating margin of 6.2%, compared to a first half margin of 4.3%, due to the blend of higher margin contracts and the operational leverage benefit from increased activity in the second half.",What did the blend of higher margin contracts and the operational leverage benefit lead to?,"Performance in the second half of the year was particularly strong, with an operating margin of 6.2%, compared to a first half margin of 4.3%",3,a first half margin of 4.3%,-0.732245922088623,0.1906030607302619,True,0.3870967741935484,incomplete,5,accepted,incomplete,screening_method_accepted_after_50_of_50_audit,no,,"Omits a meaningful leading causal or effect component, changing the answer."
v5_0431_1943_beam4,v5_0431_1943,431,1943,"As a consequence of this review the Committee is proposing a number of amendments to the annual bonus plan and to the long-term incentive arrangements. This will necessitate a revision of the current remuneration policy, which is being submitted to shareholders for approval at the annual general meeting.",What does this review result in?,the Committee is proposing a number of amendments to the annual bonus plan and to the long-term incentive arrangements,4,the Committee is proposing a number of amendments to the annual bonus plan,-0.7790985703468323,0.150444146626784,True,0.8125000000000001,incomplete,5,accepted,incomplete,screening_method_accepted_after_50_of_50_audit,no,,Omits a distinct coordinated component of the gold answer while remaining a usable span.
v5_0432_1329_beam3,v5_0432_1329,432,1329,"The non-standard nature of the properties within the commercial mortgage portfolio means that there are also a number of loans that are not past due or are past due by less than three months at the reporting date, but where objective evidence indicates that losses are likely. A total individual impairment provision of £7.7m (2016: £8.4m), as shown in note 16 to the Accounts, is held against these accounts and the individually impaired loans in the above tables.",What are the implications of the non-standard nature of the properties within the commercial mortgage portfolio?,"there are also a number of loans that are not past due or are past due by less than three months at the reporting date, but where objective evidence indicates that losses are likely",3,there are also a number of loans that are not past due or are past due by less than three months at the reporting date,-0.2099979072809219,0.1934905620521304,True,0.8135593220338982,incomplete,5,accepted,incomplete,blind_verification_sample_user_confirmed,yes,user_confirmed_valid,"Omits a complete, meaningful portion of the gold answer while remaining usable."
v5_0436_421_beam5,v5_0436_421,436,421,"The oil distribution business saw sales volumes decline 3.5%, which was a resilient performance given the mild weather conditions, with ambient temperatures during winter and spring higher than the prior year. Our continued good performance can be attributed to our product offer and excellent levels of customer service.",What factors account for their ongoing good performance?,our product offer and excellent levels of customer service,5,our product offer,-2.570375680923462,0.0356485087681739,True,0.5,incomplete,5,accepted,incomplete,blind_verification_sample_user_confirmed,yes,user_confirmed_valid,Omits a distinct coordinated component of the gold answer while remaining a usable span.
v5_0444_641_beam4,v5_0444_641,444,641,"It should be noted that energy from these sources grew by 35.8% versus the previous year because of the greater hydroelectric power generation capacity in Spain linked to increased rainfall, and the installation and operation of micro solar plants in Brazil.",What caused the increase of energy production from these sources?,"the greater hydroelectric power generation capacity in Spain linked to increased rainfall, and the installation and operation of micro solar plants in Brazil",4,the greater hydroelectric power generation capacity in Spain linked to increased rainfall,-0.5603963136672974,0.1868829247406531,True,0.6285714285714286,incomplete,5,accepted,incomplete,screening_method_accepted_after_50_of_50_audit,no,,Omits a distinct coordinated component of the gold answer while remaining a usable span.
v5_0446_585_beam5,v5_0446_585,446,585,"As a result of these very high standards and relentless focus, we have a strong performance in health and safety.",What explains their strong performance in health and safety?,these very high standards and relentless focus,5,these very high standards,-2.106280565261841,0.0607978647745483,True,0.7272727272727273,incomplete,5,accepted,incomplete,blind_verification_sample_user_confirmed,yes,user_confirmed_valid,Omits a distinct coordinated component of the gold answer while remaining a usable span.
v5_0447_1393_beam5,v5_0447_1393,447,1393,"Because of the numbers involved and the need to integrate new recruits at salaries comparable to those of existing employees, salaries are adjusted upwards over time to the median salary level. This approach ensures that the pay level of the workforce remains close to the median and is maintained at that rate.",What explains salaries being adjusted upwards over time to the median salary level?,the numbers involved and the need to integrate new recruits at salaries comparable to those of existing employees,5,the numbers involved,-2.632830858230591,0.027676468841239,True,0.2857142857142857,incomplete,5,accepted,incomplete,blind_verification_sample_user_confirmed,yes,user_confirmed_valid,Omits a distinct coordinated component of the gold answer while remaining a usable span.
v5_0455_1452_beam5,v5_0455_1452,455,1452,The primary bonus metric will be profit-based (e.g. underlying operating profit) with targets set in relation to a carefully considered business plan and requiring significant out-performance of that plan to trigger maximum payments. A minority of bonus will also be earned based on pre-set targets drawn from the Group.,What actions lead to obtaining maximum payments?,targets set in relation to a carefully considered business plan and requiring significant out-performance of that plan,5,targets set in relation to a carefully considered business plan,-0.6249755024909973,0.1461867050854241,True,0.7407407407407407,incomplete,5,accepted,incomplete,screening_method_accepted_after_50_of_50_audit,no,,Omits a distinct coordinated component of the gold answer while remaining a usable span.
v5_0464_1453_beam2,v5_0464_1453,464,1453,"Response to market changes (agility): As technology and customer needs change, the typical banking model is evolving and as such, operational complexity has the potential to restrict our speed of response.",What do changes in technology and customer bring about?,the typical banking model is evolving,2,"the typical banking model is evolving and as such, operational complexity has the potential to restrict our speed of response",-0.1088933795690536,0.2334470094818777,True,0.4615384615384615,overextended,5,accepted,overextended,screening_method_accepted_after_50_of_50_audit,no,,"Adds a separate sentence, clause, or downstream effect beyond the complete gold answer."
v5_0465_1838_beam5,v5_0465_1838,465,1838,"• We have finalised a new standard for the technological and physical security of all our business units. Implementation has taken more time than expected due to the extent of the new arrangements and the increased scope. However, we are planning to complete implementation for all business units during 2018.",What is the reason the implementation of the new standard has taken more time than expected?,the extent of the new arrangements and the increased scope,5,the extent of the new arrangements,-1.3527007102966309,0.1115806083418865,True,0.7499999999999999,incomplete,5,accepted,incomplete,blind_verification_sample_user_confirmed,yes,user_confirmed_valid,Omits a distinct coordinated component of the gold answer while remaining a usable span.
v5_0468_574_beam5,v5_0468_574,468,574,"Pre-tax profits continued to increase, reaching £34.1 million (2016: £32.2 million), slightly ahead of the level anticipated at the beginning of the year due to more open market completions in the second half of the year and additional build to rent profit recognition. The gross margin before interest charges of 22.3 per cent and the operating margin before interest of 13.4 per cent were in line with expectations.","What factors drove the continued increase in pre-tax profits to £34.1 million, compared to 2016's £32.2 million, which is slightly ahead of the level anticipated?",more open market completions in the second half of the year and additional build to rent profit recognition,5,more open market completions in the second half of the year,-0.5697868466377258,0.1693895950585047,True,0.7586206896551725,incomplete,5,accepted,incomplete,screening_method_accepted_after_50_of_50_audit,no,,Omits a distinct coordinated component of the gold answer while remaining a usable span.
v5_0473_158_beam2,v5_0473_158,473,158,The Company is not within the scope of the Modern Slavery Act 2015 because it has insufficient turnover and is therefore not obliged to make a human trafficking statement.,What does the fact that the Company is not within the scope of the Modern Slavery Act 2015 owe to?,it has insufficient turnover,2,it has insufficient turnover and is therefore not obliged to make a human trafficking statement,-0.2359095066785812,0.2350180065957268,True,0.4210526315789474,overextended,5,accepted,overextended,blind_verification_sample_user_confirmed,yes,user_confirmed_valid,"Adds a separate sentence, clause, or downstream effect beyond the complete gold answer."
v5_0476_125_beam2,v5_0476_125,476,125,"Revenues for the year increased by 21.6% to £8.27 million (2016: £6.80 million), with gross profits increasing by 17.8% to £4.01 million (2016: £3.41 million). The improved revenue was due to increased sales of oxo-biodegradable plastic additives in several markets.",What were the consequences of the increase in sales of oxo-biodegradable plastic additives in several markets?,"Revenues for the year increased by 21.6% to £8.27 million (2016: £6.80 million), with gross profits increasing by 17.8% to £4.01 million (2016: £3.41 million)",2,Revenues for the year increased by 21.6% to £8.27 million (2016: £6.80 million),-0.1981595456600189,0.2237746263961895,True,0.6842105263157895,incomplete,5,accepted,incomplete,screening_method_accepted_after_50_of_50_audit,no,,"Omits a complete, meaningful portion of the gold answer while remaining usable."
v5_0484_390_beam5,v5_0484_390,484,390,"The statutory result for the year after tax, exceptional items and IAS19 interest was a profit of £11.7m (2016: £12.6m). The Group's effective tax rate decreased to 14% (2016: 17%) due to the utilisation of prior year losses and capital allowances.","What is the reason for the decrease in the Group's effective tax rate to 14% this year, compared to 17% in 2016?",the utilisation of prior year losses and capital allowances,5,the utilisation of prior year losses,-1.1719131469726562,0.1259970798703148,True,0.8,incomplete,5,accepted,incomplete,screening_method_accepted_after_50_of_50_audit,no,,Omits a distinct coordinated component of the gold answer while remaining a usable span.
v5_0488_1846_beam4,v5_0488_1846,488,1846,"These metrics are key determinants of shareholder value creation, because they reflect the effectiveness of strategic investment decisions, the focus on growing our SFI business and the growth in financial value of the whole Group.",Why are metrics essential factors in determining shareholder value creation?,"they reflect the effectiveness of strategic investment decisions, the focus on growing our SFI business and the growth in financial value of the whole Group",4,"they reflect the effectiveness of strategic investment decisions, the focus on growing our SFI business",-0.5461304783821106,0.1908121198971725,True,0.7499999999999999,incomplete,5,accepted,incomplete,blind_verification_sample_user_confirmed,yes,user_confirmed_valid,Omits a distinct coordinated component of the gold answer while remaining a usable span.
v5_0506_408_beam5,v5_0506_408,506,408,"The Cartagena de Indias Airport has also been affected by the effects of the Avianca strike in 2018. However, as it is less dependent on this airline than the Cali Airport, and thanks to its significant tourist component, it has rapidly recovered domestic routes. Together with the strong growth of international passengers (we highlight the new routes to Orlando by Spirit, San Salvador by Avianca and Miami by American), this has led to overall growth of 14.7%.","Why has The Cartagena de Indias Airport rapidly recovered domestic routes, even though it has been affected by the effects of the Avianca strike in 2018?","it is less dependent on this airline than the Cali Airport, and thanks to its significant tourist component",5,it is less dependent on this airline than the Cali Airport,-0.6983701586723328,0.1553601582438831,True,0.6896551724137931,incomplete,6,accepted,incomplete,screening_method_accepted_after_50_of_50_audit,no,,Omits a distinct coordinated component of the gold answer while remaining a usable span.
v5_0508_1847_beam5,v5_0508_1847,508,1847,"A number of investment properties that have previously been impaired are in receipt of rental income from independent third party tenants. As a result, £2.2m of impairment against these locations is no longer required and has been reversed (2016: £0.4m charge).",What are the consequences of some previously-impaired investment properties being in receipt of rental income from independent third party tenants?,£2.2m of impairment against these locations is no longer required and has been reversed (2016: £0.4m charge),5,£2.2m of impairment against these locations is no longer required,-0.5771275758743286,0.1609572471198919,True,0.7407407407407407,incomplete,6,accepted,incomplete,screening_method_accepted_after_50_of_50_audit,no,,Omits a distinct coordinated component of the gold answer while remaining a usable span.
v5_0510_473_beam1,v5_0510_473,510,473,High CEO Board This risk has been reintroduced this year as a result of the on-going challenges in our operating environment and the impact that these external factors may have on our reserves and resources calculation,What factors contributed to the reintroduction of this risk this year?,the on-going challenges in our operating environment and the impact that these external factors may have on our reserves and resources calculation,1,the on-going challenges in our operating environment and the impact that these external factors may have on our reserves and resources,-0.3682965338230133,0.2137536009542843,True,0.9767441860465116,incomplete,6,accepted,incomplete,prior_manual_validation,no,,omits “calculation” from the final object
v5_0510_473_beam4,v5_0510_473,510,473,High CEO Board This risk has been reintroduced this year as a result of the on-going challenges in our operating environment and the impact that these external factors may have on our reserves and resources calculation,What factors contributed to the reintroduction of this risk this year?,the on-going challenges in our operating environment and the impact that these external factors may have on our reserves and resources calculation,4,the on-going challenges in our operating environment and the impact that these external factors,-0.4971792995929718,0.1879058779901358,True,0.7777777777777778,incomplete,6,accepted,incomplete,prior_manual_validation,no,,omits the reserve/resource impact portion
v5_0510_473_beam5,v5_0510_473,510,473,High CEO Board This risk has been reintroduced this year as a result of the on-going challenges in our operating environment and the impact that these external factors may have on our reserves and resources calculation,What factors contributed to the reintroduction of this risk this year?,the on-going challenges in our operating environment and the impact that these external factors may have on our reserves and resources calculation,5,the on-going challenges in our operating environment and the impact that these external factors may have on our reserves,-0.4993428289890289,0.1874997775629265,True,0.9268292682926828,incomplete,6,accepted,incomplete,prior_manual_validation,no,,omits “and resources calculation”
v5_0515_1840_beam2,v5_0515_1840,515,1840,"AISC of US$803 per ounce sold was 10% higher than 2016 (US$733/oz) primarily due to higher cash costs as explained above (US$88/oz) and the impact of the lower production base (US$51/oz), partly offset by lower capitalised development costs (US$45/oz) and lower sustaining capital expenditure (US$18/oz).","What caused the AISC to increase to US$803 per ounce sold, which is 10% higher than the 2016 cost of US$733 per ounce?",higher cash costs as explained above (US$88/oz) and the impact of the lower production base (US$51/oz),2,higher cash costs as explained above (US$88/oz),-0.4972896575927734,0.220310492238101,True,0.6086956521739131,incomplete,6,accepted,incomplete,blind_verification_sample_user_confirmed,yes,user_confirmed_valid,Omits a distinct coordinated component of the gold answer while remaining a usable span.
v5_0516_1839_beam4,v5_0516_1839,516,1839,"The ramp up of the entire plant has been successful due to the experience of our in-house construction team and SENET, our EPCM engineering contractor. The Company is pleased to report that Yanfolila has a 95% Malian work force, with the supervisors and control room operators having been recruited",What led to the ramp up of the entire plant to be successful?,"the experience of our in-house construction team and SENET, our EPCM engineering contractor",4,the experience of our in-house construction team,-1.1111434698104858,0.1711945517260556,True,0.7000000000000001,incomplete,6,accepted,incomplete,screening_method_accepted_after_50_of_50_audit,no,,Omits a distinct coordinated component of the gold answer while remaining a usable span.
v5_0518_1974_beam5,v5_0518_1974,518,1974,"Finance expense increased due to the increased amount of debt and the refinancing during the period. The increase debt reflects the portfolio acquisition in March 2017, with the assumption of £69.4m of bank borrowing and some £35.7m of Zero Dividend Preference shares (""ZDP"") and the £35.7m of additional borrowings.",What drove the increase in finance expense?,the increased amount of debt and the refinancing during the period,5,the increased amount of debt,-1.5443012714385986,0.0849117221806094,True,0.625,incomplete,6,accepted,incomplete,blind_verification_sample_user_confirmed,yes,user_confirmed_valid,Omits a distinct coordinated component of the gold answer while remaining a usable span.
v5_0521_6_beam4,v5_0521_6,521,6,"The Commercial COR of 93.4% benefitted from low weather- related claims costs. The COR was 5.3 percentage points lower than 2016, primarily due to higher prior-year reserve releases following favourable development on liability classes and the non-repeat of the Ogden charge of £24.8 million incurred in 2016.",What reason is behind the COR being 5.3 percentage points lower than in 2016?,higher prior-year reserve releases following favourable development on liability classes and the non-repeat of the Ogden charge of £24.8 million incurred in 2016,4,higher prior-year reserve releases following favourable development on liability classes,-0.6031053066253662,0.1763556327198807,True,0.6060606060606061,incomplete,6,accepted,incomplete,blind_verification_sample_user_confirmed,yes,user_confirmed_valid,Omits a distinct coordinated component of the gold answer while remaining a usable span.
v5_0523_665_beam5,v5_0523_665,523,665,"The Group’s objective is to become the benchmark in the sector and the first choice for customers and users, as a result of the quality of its products and the service excellence in all its activities.",What fosters the Group's exceptional positioning of the Group in the industry and public opinion?,the quality of its products and the service excellence in all its activities,5,the quality of its products,-1.4356883764266968,0.0860493864559337,True,0.5555555555555556,incomplete,6,accepted,incomplete,blind_verification_sample_user_confirmed,yes,user_confirmed_valid,Omits a distinct coordinated component of the gold answer while remaining a usable span.
v5_0527_1296_beam3,v5_0527_1296,527,1296,"As has been announced previously, the acquisition of Colt has not met the Board's expectations. The goodwill and associated intangible assets of £6.1m has therefore been impaired to £nil and a further impairment of 0.2m against Property Plant and Equipment has been recognised.",What was the effect of the acquisition of Colt not meeting the Board's expectations?,The goodwill and associated intangible assets of £6.1m has therefore been impaired to £nil and a further impairment of 0.2m against Property Plant and Equipment has been recognised,3,The goodwill and associated intangible assets of £6.1m has therefore been impaired to £nil,-0.3639195263385772,0.1943585644562741,True,0.6666666666666666,incomplete,6,accepted,incomplete,blind_verification_sample_user_confirmed,yes,user_confirmed_valid,Omits a distinct coordinated component of the gold answer while remaining a usable span.
v5_0529_361_beam1,v5_0529_361,529,361,Prior year adjustments totalling £4.4m arise primarily from adjustments to amounts provided following the filing of tax returns and as a result of the expiration of statutes of limitations and closure of tax authority audits.,What factors primarily explain why the prior year adjustments totaling £4.4 million arose?,adjustments to amounts provided following the filing of tax returns and as a result of the expiration of statutes of limitations and closure of tax authority audits,1,adjustments to amounts provided following the filing of tax returns and as a result of the expiration of statutes of limitations,-0.3499585390090942,0.2312021336425775,True,0.8750000000000001,incomplete,6,accepted,incomplete,screening_method_accepted_after_50_of_50_audit,no,,Omits a distinct coordinated component of the gold answer while remaining a usable span.
v5_0536_1316_beam5,v5_0536_1316,536,1316,"Textile Printing using digital inkjet technology is growing fast due to rapid shifts in consumer expectations such as fast changing fashion seasons, and the requirement to reduce waste and pollution. This drives the need for new, digital printing processes which are capable of delivering short print runs quickly, economically and in a more environmentally friendly way.",What factors drive the fast growth in textile printing using digital inkjet technology?,"rapid shifts in consumer expectations such as fast changing fashion seasons, and the requirement to reduce waste and pollution",5,rapid shifts in consumer expectations such as fast changing fashion seasons,-0.6785323023796082,0.1457418115132476,True,0.6666666666666666,incomplete,6,accepted,incomplete,screening_method_accepted_after_50_of_50_audit,no,,Omits a distinct coordinated component of the gold answer while remaining a usable span.
v5_0548_1630_beam4,v5_0548_1630,548,1630,"This increase is largely due to the inclusion of emissions from Metro, Salford Quays, Manchester (acquired during 2016). The new site is a significant consumer as it is the third largest office in the portfolio by floor area.",What is the reason behind this increase?,"the inclusion of emissions from Metro, Salford Quays, Manchester (acquired during 2016)",4,the inclusion of emissions,-2.765631437301636,0.0441042130297356,True,0.5,incomplete,6,accepted,incomplete,blind_verification_sample_user_confirmed,yes,user_confirmed_valid,Omits the causal or explanatory tail needed to complete the gold answer.
v5_0551_894_beam1,v5_0551_894,551,894,"As part of this review the Committee reviewed the potential threats to auditor independence as a result of: • auditor self-interests, being those areas where the auditor may have a financial or other interest in the Company; • auditor self-review, being areas where the results of non-audit services are reflected in the amounts included or disclosed in the financial statements; and • Other threats, such as familiarity and intimidation.","What are the factors accounting for the potential threats to auditor independence, given the Committee's review?","auditor self-interests, being those areas where the auditor may have a financial or other interest in the Company; • auditor self-review, being areas where the results of non-audit services are reflected in the amounts included or disclosed in the financial statements; and • Other threats, such as familiarity and intimidation",1,"auditor self-interests, being those areas where the auditor may have a financial or other interest in the Company; • auditor self-review, being areas where the results of non-audit services are reflected in the amounts included or disclosed in the financial statements",-0.1309348195791244,0.2637040808257829,True,0.8791208791208791,incomplete,6,accepted,incomplete,blind_verification_sample_user_confirmed,yes,user_confirmed_valid,Omits a distinct coordinated component of the gold answer while remaining a usable span.
v5_0555_103_beam3,v5_0555_103,555,103,"A share-based payments charge of £4.5m (2016: £2.5m) was recognised during the year, including national insurance costs ('NI') on potential employee gains where applicable. The year-on-year increase in the charge was primarily due to further awards made in June 2016 under the Performance Share Plan and the Deferred Annual Bonus Plan as well as the full-year impact of the Sharesave scheme launched in September 2015.",What factors contribute to the year-on-year increase in the charge?,further awards made in June 2016 under the Performance Share Plan and the Deferred Annual Bonus Plan as well as the full-year impact of the Sharesave scheme launched in September 2015,3,further awards made in June 2016 under the Performance Share Plan and the Deferred Annual Bonus Plan,-0.2359814047813415,0.2165070823748545,True,0.7083333333333333,incomplete,6,accepted,incomplete,screening_method_accepted_after_50_of_50_audit,no,,Omits a distinct coordinated component of the gold answer while remaining a usable span.
v5_0559_1287_beam5,v5_0559_1287,559,1287,Absolute emissions have increased due to acquisitions in the period and the inclusion of the full year impact of previous acquisitions. The intensity ratio has decreased as a result of increased focus on electricity and fuel usage coupled with the Group' s increased revenue.,What caused absolute emissions to increase?,acquisitions in the period and the inclusion of the full year impact of previous acquisitions,5,acquisitions in the period,-1.619867205619812,0.0680904975960498,True,0.4210526315789474,incomplete,6,accepted,incomplete,screening_method_accepted_after_50_of_50_audit,no,,Omits a distinct coordinated component of the gold answer while remaining a usable span.
v5_0570_1306_beam5,v5_0570_1306,570,1306,"Dividends are the interim and final dividends paid in respect of the financial year ended 31 December 2016 and the interim dividend paid and the final dividend recommended in respect of the financial year ended 31 December 2017. The total employee pay expenditure increase is due to the year on year exchange rate movement as well as higher bonus payments, due to bonus targets being achieved in some parts of the business.",What prompted the increase in total employee pay expenditure?,the year on year exchange rate movement as well as higher bonus payments,5,the year on year exchange rate movement,-0.8401536345481873,0.1481115585693006,True,0.7000000000000001,incomplete,6,accepted,incomplete,screening_method_accepted_after_50_of_50_audit,no,,Omits a distinct coordinated component of the gold answer while remaining a usable span.
v5_0579_1656_beam1,v5_0579_1656,579,1656,"Underlying attributable profit fell (-1%) both in euros and excluding the exchange rate impact, due to the sale of portfolios in 2017, the cost of rebranding in 2018 and the charges associated with the integration of DBP.",What caused the fall of underlying attributable profit (-1%) both in euros and excluding the exchange rate impact?,"the sale of portfolios in 2017, the cost of rebranding in 2018 and the charges associated with the integration of DBP",1,"the sale of portfolios in 2017, the cost of rebranding in 2018",-0.3745312690734863,0.2632124404072689,True,0.7272727272727273,incomplete,6,accepted,incomplete,screening_method_accepted_after_50_of_50_audit,no,,Omits a distinct coordinated component of the gold answer while remaining a usable span.
v5_0583_860_beam1,v5_0583_860,583,860,"The Strator POS Terminals network continues extending thanks to its superior technology and the operating advantages facilitating points of sale they may increase their businesses’ sales and profitability, with the access to a broad range of products and services offered by Logista France while enjoying an efficient and easy management of their businesses.",What factors determine the continuing expansion of The Strator POS Terminals network?,"its superior technology and the operating advantages facilitating points of sale they may increase their businesses’ sales and profitability, with the access to a broad range of products and services offered by Logista France while enjoying an efficient and easy management of their businesses",1,its superior technology and the operating advantages facilitating points of sale they may increase their businesses’ sales and profitability,-0.0698090270161628,0.3070614297051022,True,0.5714285714285715,incomplete,6,accepted,incomplete,screening_method_accepted_after_50_of_50_audit,no,,"Omits a complete, meaningful portion of the gold answer while remaining usable."
v5_0587_852_beam1,v5_0587_852,587,852,"In light of the operational challenges faced by the Civil Aerospace business, the Board remained regularly informed on the management of these issues including: conflicting demands on resource, the handling of impacted customers' interests, and the management of the resultant programme risks.",What implications did the operational challenges faced by the Civil Aerospace business have?,"the Board remained regularly informed on the management of these issues including: conflicting demands on resource, the handling of impacted customers' interests, and the management of the resultant programme risks",1,"the Board remained regularly informed on the management of these issues including: conflicting demands on resource, the handling of impacted customers' interests",-0.4321252107620239,0.2650181975005783,True,0.8076923076923077,incomplete,6,accepted,incomplete,screening_method_accepted_after_50_of_50_audit,no,,Omits a distinct coordinated component of the gold answer while remaining a usable span.
v5_0592_43_beam4,v5_0592_43,592,43,"The Society's charity partnership is with Alzheimer's Society and Alzheimer Scotland and the society-wide drive to support our charity partners has resulted in many of our colleagues becoming 'dementia friends', attending sessions to improve their understanding of dementia and, as a result, they're better equipped to support people",What is the reason for many of our colleagues becoming 'dementia friends' and attending sessions to improve their understanding of dementia?,The Society's charity partnership is with Alzheimer's Society and Alzheimer Scotland and the society-wide drive to support our charity partners,4,The Society's charity partnership is with Alzheimer's Society and Alzheimer Scotland,-0.5536277294158936,0.1669591019843804,True,0.7096774193548387,incomplete,6,accepted,incomplete,screening_method_accepted_after_50_of_50_audit,no,,Omits a distinct coordinated component of the gold answer while remaining a usable span.
v5_0594_817_beam3,v5_0594_817,594,817,"The Euskaltel Group has continued to develop its Environmental Master Plan in 2018, reflecting its commitment to the struggle against climate change and its effects, and the efficient use of resources. The Plan, together with the Integrated Management System Policy that includes the Environmental Policy, is the main guideline for Natural Capital in its contribution to the Sustainable Development Goals (SDGs), focusing in particular on SDG 12 ""Responsible Production and Consumption"" and 13 ""Climate Action"". This Master Plan lays down guidelines aimed at reducing the Group's carbon footprint, improving environmental management and therefore enhancing the contribution to the 2030 Agenda in each of the autonomous regions in which the Euskaltel Group is present.",What are the reasons behind Euskaltel Group continuing to develop its Environmental Master Plan in 2018?,"its commitment to the struggle against climate change and its effects, and the efficient use of resources",3,its commitment to the struggle against climate change and its effects,-0.69013512134552,0.1946681388404441,True,0.7142857142857143,incomplete,6,accepted,incomplete,screening_method_accepted_after_50_of_50_audit,no,,Omits a distinct coordinated component of the gold answer while remaining a usable span.
v5_0595_75_beam3,v5_0595_75,595,75,"There is a risk of reputational damage as a result of employee misconduct, failure to manage inside information or conflicts of interest, fraud, improper practice, poor client service or advice.",What factors led to the risk of reputational damage?,"employee misconduct, failure to manage inside information or conflicts of interest, fraud, improper practice, poor client service or advice",3,"employee misconduct, failure to manage inside information or conflicts of interest",-0.5542123913764954,0.2431347709779543,True,0.6666666666666666,incomplete,6,accepted,incomplete,screening_method_accepted_after_50_of_50_audit,no,,"Omits a complete, meaningful portion of the gold answer while remaining usable."
v5_0605_1384_beam1,v5_0605_1384,605,1384,"Electricity distribution and transmission Chile 2018 Ebitda reached Euros 243 million, with a 17.1% decrease mainly as a result of lower revenues from prior years' regularizations and other demand impacts, as well as a negative Euros 10 million FX impact.",What caused the fall of EBITDA in Chile in 2018?,"lower revenues from prior years' regularizations and other demand impacts, as well as a negative Euros 10 million FX impact",1,lower revenues from prior years' regularizations and other demand impacts,-0.3744358718395233,0.2257585415547108,True,0.6,incomplete,7,accepted,incomplete,screening_method_accepted_after_50_of_50_audit,no,,Omits a distinct coordinated component of the gold answer while remaining a usable span.
v5_0611_1408_beam1,v5_0611_1408,611,1408,"This compliance system is based on the principle of due control given that, a) Compliance risks are regularly analysed; b) Expected behaviours are carefully defined in the Code of Ethics, which is given to all employees; c) There is an independent prevention and compliance body that has the resources to assess the effectiveness of the model, reporting directly to the Board of Directors; d) A procedure has been put in place to anonymously and confidentially report any irregularities.",What factors lead to the compliance system being based on the principle of due control?,"Compliance risks are regularly analysed; b) Expected behaviours are carefully defined in the Code of Ethics, which is given to all employees; c) There is an independent prevention and compliance body that has the resources to assess the effectiveness of the model, reporting directly to the Board of Directors; d) A procedure has been put in place to anonymously and confidentially report any irregularities",1,"Compliance risks are regularly analysed; b) Expected behaviours are carefully defined in the Code of Ethics, which is given to all employees; c) There is an independent prevention and compliance body that has the resources to assess the effectiveness of the model, reporting directly to the Board of Directors",-0.1365547925233841,0.258937550942856,True,0.8495575221238937,incomplete,7,accepted,incomplete,screening_method_accepted_after_50_of_50_audit,no,,"Omits a complete, meaningful portion of the gold answer while remaining usable."
v5_0621_880_beam5,v5_0621_880,621,880,"• Underlying segmental operating profit of £2.4 million was down from £2.9 million in 2016, reflecting ongoing operational inefficiencies in the Fabrication businesses, disruption as a result of the Entu (UK) Plc administration and the lacklustre RMI market.",What caused the ongoing operational inefficiencies in the Fabrication businesses?,the Entu (UK) Plc administration and the lacklustre RMI market,5,the Entu (UK) Plc administration,-0.5957528948783875,0.16080131981707,True,0.6666666666666666,incomplete,7,accepted,incomplete,blind_verification_sample_user_confirmed,yes,user_confirmed_valid,Omits a distinct coordinated component of the gold answer while remaining a usable span.
v5_0628_276_beam5,v5_0628_276,628,276,"The Board's policy on diversity, including gender, is to take this into account during the recruitment and appointment process. However, the Board is committed to appointing the most appropriate candidate, regardless of gender or other forms of diversity and therefore no targets have been set against which to report.",Why have no targets been set against which to report in the Board's policy on diversity?,"the Board is committed to appointing the most appropriate candidate, regardless of gender or other forms of diversity",5,"the Board is committed to appointing the most appropriate candidate, regardless of gender",-0.6035549640655518,0.1609948902299065,True,0.8387096774193548,incomplete,7,accepted,incomplete,screening_method_accepted_after_50_of_50_audit,no,,Omits a distinct coordinated component of the gold answer while remaining a usable span.
v5_0634_85_beam4,v5_0634_85,634,85,Finance costs have increased by £2.9 million during the year as a result of increased margins applicable under the revolving credit facility and the full year impact of the interest rate swap taken out in July 2016. Net debt has reduced during the year by £55.9 million to £192.0 million.,Why have finance costs increased by £2.9 million during the year?,increased margins applicable under the revolving credit facility and the full year impact of the interest rate swap taken out in July 2016,4,increased margins applicable under the revolving credit facility,-0.892995297908783,0.1344847254913654,True,0.5161290322580645,incomplete,7,accepted,incomplete,screening_method_accepted_after_50_of_50_audit,no,,Omits a distinct coordinated component of the gold answer while remaining a usable span.
v5_0635_785_beam2,v5_0635_785,635,785,"As a result of US tax reform, the reported tax charge on a statutory basis includes a benefit from revaluation of deferred tax balances to the reduced federal rate of £5m and a repatriation tax charge of £6m.",What did US tax reform lead to?,the reported tax charge on a statutory basis includes a benefit from revaluation of deferred tax balances to the reduced federal rate of £5m and a repatriation tax charge of £6m,2,the reported tax charge on a statutory basis includes a benefit from revaluation of deferred tax balances to the reduced federal rate of £5m,-0.3716725409030914,0.2857004547036161,True,0.8727272727272727,incomplete,7,accepted,incomplete,screening_method_accepted_after_50_of_50_audit,no,,Omits a distinct coordinated component of the gold answer while remaining a usable span.
v5_0637_1462_beam2,v5_0637_1462,637,1462,"Under local legislation or regulation for all divisions of the group, the directors have responsibility for maintenance and projections of solvency and for assessment of capital requirements, based on risk assessments, and for establishing the level of long-term business provisions, including the adoption of appropriate assumptions.",What are the implications of local legislation or regulation for all divisions of the group?,"the directors have responsibility for maintenance and projections of solvency and for assessment of capital requirements, based on risk assessments, and for establishing the level of long-term business provisions, including the adoption of appropriate assumptions",2,"the directors have responsibility for maintenance and projections of solvency and for assessment of capital requirements, based on risk assessments",-0.4075681865215301,0.2479200002609577,True,0.6909090909090908,incomplete,7,accepted,incomplete,screening_method_accepted_after_50_of_50_audit,no,,Omits a distinct coordinated component of the gold answer while remaining a usable span.
v5_0648_682_beam5,v5_0648_682,648,682,"New directors receive formal induction training on joining the Board. The training is tailored to the needs of each director given their existing knowledge and experience, and any committees on which they will serve. Training covers key aspects of the Society's business. Established directors must continue their professional development and maintain their knowledge of the Society's operations, including branch and department visits.",What factors contribute to meeting the directors' needs when tailoring their training?,"their existing knowledge and experience, and any committees on which they will serve",5,their existing knowledge and experience,-1.1798748970031738,0.1086200141384958,True,0.4444444444444444,incomplete,7,accepted,incomplete,blind_verification_sample_user_confirmed,yes,user_confirmed_valid,Omits a distinct coordinated component of the gold answer while remaining a usable span.
v5_0658_160_beam3,v5_0658_160,658,160,"The reduction in construction work, vehicle fleet decrease and data scope modifications (particularly Latina's restructuring in Brazil) contributed to reducing the consumption of liquid fuels in the year, which decreased by 24.4% in turnover-related terms.",What were the causes of the decrease in liquid fuel use?,"The reduction in construction work, vehicle fleet decrease and data scope modifications (particularly Latina's restructuring in Brazil)",3,"The reduction in construction work, vehicle fleet decrease",-0.915886402130127,0.1959245750424152,True,0.6399999999999999,incomplete,7,accepted,incomplete,screening_method_accepted_after_50_of_50_audit,no,,Omits a distinct coordinated component of the gold answer while remaining a usable span.
v5_0668_347_beam3,v5_0668_347,668,347,"Due to the modest size of the Group, the Board is able to maintain a close direct control over all activities of the Group and does not believe it would be cost efficient to operate a separate internal audit function.",What are the implications of the Group's modest size?,the Board is able to maintain a close direct control over all activities of the Group and does not believe it would be cost efficient to operate a separate internal audit function,3,the Board is able to maintain a close direct control over all activities of the Group,-0.3724021315574646,0.2109598496778211,True,0.6666666666666666,incomplete,7,accepted,incomplete,blind_verification_sample_user_confirmed,yes,user_confirmed_valid,Omits a distinct coordinated component of the gold answer while remaining a usable span.
v5_0669_1662_beam5,v5_0669_1662,669,1662,It is both due to this continued support and its ongoing appropriateness that the Committee maintained the current policy for its full three year life.,What explains that the Committee maintained the current policy for its full three year life?,this continued support and its ongoing appropriateness,5,this continued support,-2.152791976928711,0.0498313576106079,True,0.6,incomplete,7,accepted,incomplete,screening_method_accepted_after_50_of_50_audit,no,,Omits a distinct coordinated component of the gold answer while remaining a usable span.
v5_0672_182_beam4,v5_0672_182,672,182,"Group adjusted EBITDA increased by 13.7 per cent during the year mainly due to revenue growth over this period, as well as an improvement in the gross profit margin as noted above.",Why has Group adjusted EBITDA increased by 13.7 per cent during the year?,"revenue growth over this period, as well as an improvement in the gross profit margin as noted above",4,revenue growth over this period,-0.9377385377883912,0.1481362314908755,True,0.3478260869565218,incomplete,7,accepted,incomplete,screening_method_accepted_after_50_of_50_audit,no,,Omits a distinct coordinated component of the gold answer while remaining a usable span.
v5_0673_1746_beam3,v5_0673_1746,673,1746,"This year, our environmental indicators have improved due to higher revenues and economies of scale.",Why have their environmental indicators improved this year?,higher revenues and economies of scale,3,revenues and economies of scale,-0.8161340951919556,0.1647755413777312,True,0.9090909090909092,incomplete,7,accepted,incomplete,screening_method_accepted_after_50_of_50_audit,no,,"Omits a meaningful leading causal or effect component, changing the answer."
v5_0675_374_beam1,v5_0675_374,675,374,"Overall, net assets have increased by £112.0 million to £775.4 million since 31 December 2016. This increase is due to several factors, including the acquisition of the Empire Newcastle cinema with net assets of £10.3 million, movements in other non-current assets amounting to £82.2 million—primarily related to foreign currency translation gains—among other reasons.",What factors contributed to the increase in net assets from £663.4 million to £775.4 million since 31 December 2016?,"several factors, including the acquisition of the Empire Newcastle cinema with net assets of £10.3 million, movements in other non-current assets amounting to £82.2 million—primarily related to foreign currency translation gains—among other reasons",1,"several factors, including the acquisition of the Empire Newcastle cinema with net assets of £10.3 million",-0.241155594587326,0.2792665851790286,True,0.6122448979591837,incomplete,7,accepted,incomplete,screening_method_accepted_after_50_of_50_audit,no,,"Omits a complete, meaningful portion of the gold answer while remaining usable."
v5_0677_1436_beam3,v5_0677_1436,677,1436,"Goodwill increased by £15.2m from £70.8m to £86.0m due to additions of £14.9m arising from businesses acquired in the period, the reallocation of £1.3m of assets between goodwill and intangibles (note 12) and exchange rate movements of £0.5m.",What do the £14.9m additions stem from?,"businesses acquired in the period, the reallocation of £1.3m of assets between goodwill and intangibles (note 12) and exchange rate movements of £0.5m",3,the reallocation of £1.3m of assets between goodwill and intangibles (note 12) and exchange rate movements of £0.5m,-0.2579021453857422,0.2028851119054735,True,0.878048780487805,incomplete,7,accepted,incomplete,screening_method_accepted_after_50_of_50_audit,no,,Omits a distinct leading component of the gold answer while retaining only the later component.
v5_0700_1593_beam1,v5_0700_1593,700,1593,"Other non-current assets increased by $177 million primarily due to a $67 million increase in property, plant and equipment with additions offsetting depreciation, and the recognition of retirement benefit assets of $62 million for our UK and US pension schemes.",What was the main reason other non-current assets increased by $177 million?,"a $67 million increase in property, plant and equipment with additions offsetting depreciation, and the recognition of retirement benefit assets of $62 million for our UK and US pension schemes",1,"a $67 million increase in property, plant and equipment with additions offsetting depreciation",-0.2859629392623901,0.270508234875079,True,0.5581395348837209,incomplete,8,accepted,incomplete,screening_method_accepted_after_50_of_50_audit,no,,Omits a distinct coordinated component of the gold answer while remaining a usable span.
v5_0704_1244_beam5,v5_0704_1244,704,1244,"The Board has considered whether it is appropriate to appoint a Senior Independent Director and has concluded that, due to the size of the Board and the fact that all Directors are non-executive, it is not necessary for the time being.",What factor led the Board to conclude that it is not necessary to appoint a Senior Independent Director at this time?,the size of the Board and the fact that all Directors are non-executive,5,the size of the Board,-1.2189037799835205,0.1058076466745247,True,0.5555555555555556,incomplete,8,accepted,incomplete,blind_verification_sample_user_confirmed,yes,user_confirmed_valid,Omits a distinct coordinated component of the gold answer while remaining a usable span.
v5_0708_1337_beam2,v5_0708_1337,708,1337,"Revenue for Gleeson Strategic Land increased by £1.5m to £29.9m, due to the increased sales activity during the year and mix of sites sold. Highlights • Revenue increased by 12.9% to £160.4m • Gross margin on Gleeson Homes unit sales increased to 33.0% from 31.1%.",What did the increased sales activity during the year and mix of sites sold bring about?,Revenue for Gleeson Strategic Land increased by £1.5m to £29.9m,2,Gleeson Strategic Land increased by £1.5m to £29.9m,-0.2361868470907211,0.2001657594955473,True,0.888888888888889,incomplete,8,accepted,incomplete,screening_method_accepted_after_50_of_50_audit,no,,"Omits a meaningful leading causal or effect component, changing the answer."
v5_0724_1003_beam5,v5_0724_1003,724,1003,"For the year ending September 2017, the Group's underlying tax charge was £50.6m (19.5%) with a £5.3m deferred tax release following the remeasurement of deferred tax due to changes in the UK corporation tax rate.",What caused the the remeasurement of deferred tax?,changes in the UK corporation tax rate,5,the UK corporation tax rate,-1.945869326591492,0.0780397963623443,True,0.8333333333333333,incomplete,8,accepted,incomplete,blind_verification_sample_user_confirmed,yes,user_confirmed_valid,"Omits a meaningful leading causal or effect component, changing the answer."
v5_0726_845_beam3,v5_0726_845,726,845,"• Total income increased 9%, driven by net interest income (+13%), backed by larger volumes and higher interest rates. Net fee income was 8% more, largely due to credit cards, mutual funds and insurance. Gains on financial transactions, which have very little weight in fee income, fell 28% impacted by the volatile environment.",What facilitated the net fee income growth?,"credit cards, mutual funds and insurance",3,"credit cards, mutual funds",-1.940178632736206,0.0922256914933742,True,0.8,incomplete,8,accepted,incomplete,screening_method_accepted_after_50_of_50_audit,no,,Omits a distinct coordinated component of the gold answer while remaining a usable span.
v5_0732_1025_beam3,v5_0732_1025,732,1025,"In light of the strong long-term track record of MUSCIT, the commitment of Montanaro, and following the comprehensive review shown above, the Board unanimously recommends that all Shareholders should vote in favour of Resolution 10 at the Annual General Meeting, as they intend to do themselves.",What factors led the Board to unanimously recommend that all Shareholders vote in favor of Resolution 10 at the Annual General Meeting?,"the strong long-term track record of MUSCIT, the commitment of Montanaro, and following the comprehensive review shown above",3,"the strong long-term track record of MUSCIT, the commitment of Montanaro",-0.4220083057880401,0.2099608532387362,True,0.6896551724137931,incomplete,8,accepted,incomplete,screening_method_accepted_after_50_of_50_audit,no,,Omits a distinct coordinated component of the gold answer while remaining a usable span.
v5_0734_221_beam4,v5_0734_221,734,221,"The growth is also due to a GEL 1.7 million increase in gain from the sale of investment properties as well as GEL 5.2 gain in the ""other"" subsection of other operating income. The latter is mainly attributable to GEL 2.6 million reimbursed taxes.",What are the reasons for the growth?,"a GEL 1.7 million increase in gain from the sale of investment properties as well as GEL 5.2 gain in the ""other"" subsection of other operating income",4,a GEL 1.7 million increase in gain from the sale of investment properties,-0.3361667096614837,0.1882614636268471,True,0.65,incomplete,8,accepted,incomplete,screening_method_accepted_after_50_of_50_audit,no,,Omits a distinct coordinated component of the gold answer while remaining a usable span.
v5_0737_1893_beam5,v5_0737_1893,737,1893,"Other costs decreased by £4.1 million (34%) to £7.9 million, with the main contributors being lower bad debt expenses due to more benign market conditions, lower irrecoverable sales tax and the effect of favourable balance sheet revaluation.",What were the causes contributing to lower bad debt expenses?,"more benign market conditions, lower irrecoverable sales tax and the effect of favourable balance sheet revaluation",5,"more benign market conditions, lower irrecoverable sales tax",-0.7201707363128662,0.1504436934357851,True,0.6666666666666666,incomplete,8,accepted,incomplete,screening_method_accepted_after_50_of_50_audit,no,,Omits a distinct coordinated component of the gold answer while remaining a usable span.
v5_0758_384_beam1,v5_0758_384,758,384,"The LATAM area experienced a drop in profits due to worse results in the Brazil bank channel, due to an increase in acquisition expenses in the Life Risk business and an increase in loss experience in Automobile in the agent channel.",What are the key indicators for LATAM area’s drop in profits?,"worse results in the Brazil bank channel, due to an increase in acquisition expenses in the Life Risk business and an increase in loss experience in Automobile in the agent channel",1,worse results in the Brazil bank channel,-0.1229050531983375,0.3352942730796991,True,0.3684210526315789,incomplete,8,accepted,incomplete,blind_verification_sample_user_confirmed,yes,user_confirmed_valid,Omits the causal or explanatory tail needed to complete the gold answer.
v5_0761_1788_beam1,v5_0761_1788,761,1788,"The £4.2 m lower trade receivables, commented on earlier, provides a flattering, although exceptional impact on the net cash from operations that would be expected to reverse in FY 18.",What are the results of the £4.2 million decrease in trade receivables?,"a flattering, although exceptional impact on the net cash from operations that would be expected to reverse in FY 18",1,"a flattering, although exceptional impact on the net cash from operations",-0.2484421133995056,0.3251196193835716,True,0.7096774193548387,incomplete,8,accepted,incomplete,screening_method_accepted_after_50_of_50_audit,no,,Omits the causal or explanatory tail needed to complete the gold answer.
v5_0766_1260_beam1,v5_0766_1260,766,1260,"Financial performance has significantly improved, with EBITDA of £29 million in line with our guidance (2016: £4 million negative). This was principally due to the acquisition of Opus Energy, which added 10 months of EBITDA, but also improved financial performance from Haven Power, which was ahead of plan.",What contributed to an EBITDA of £29 million?,"the acquisition of Opus Energy, which added 10 months of EBITDA, but also improved financial performance from Haven Power, which was ahead of plan",1,the acquisition of Opus Energy,-0.4935379028320312,0.3558782604322008,True,0.2758620689655172,incomplete,8,accepted,incomplete,screening_method_accepted_after_50_of_50_audit,no,,Omits the causal or explanatory tail needed to complete the gold answer.
v5_0773_1378_beam2,v5_0773_1378,773,1378,"• Thanks to a lot of hard work by our IT and central colleagues, we have integrated the Londis/Budgens systems into the Booker platforms. All the teams have done a fantastic job of growing both brands. It is a credit to our teams and the wonderful retailers we serve via Premier, Londis, Budgens, Family Shopper, Shop Locally and all our other retailers that we have seen strong growth.",What was the effect of the hard work by their IT and central colleagues?,we have integrated the Londis/Budgens systems into the Booker platforms,2,we have integrated the Londis/Budgens systems into the Booker platforms. All the teams have done a fantastic job of growing both brands,-0.3268117904663086,0.2056832433066884,True,0.5625000000000001,overextended,8,accepted,overextended,screening_method_accepted_after_50_of_50_audit,no,,"Adds a separate sentence, clause, or downstream effect beyond the complete gold answer."
v5_0775_1702_beam5,v5_0775_1702,775,1702,"In 2018 the company promoted its relationship with universities and research centers as a source of innovation and technology transfer, giving rise to seminars such as Indradays and Chairs, as well as specific frameworks and agreements.",What were the effects of the company promoting its relationship with universities and research centers as a source of innovation and technology transfer?,"seminars such as Indradays and Chairs, as well as specific frameworks and agreements",5,seminars such as Indradays and Chairs,-0.9645166397094728,0.1212525229608172,True,0.5263157894736842,incomplete,8,accepted,incomplete,screening_method_accepted_after_50_of_50_audit,no,,Omits a distinct coordinated component of the gold answer while remaining a usable span.
v5_0793_505_beam3,v5_0793_505,793,505,"The Board attaches importance to matters set out in the Code and applies its principles. However, as a venture capital trust company, most of the Company's day-to-day responsibilities are delegated to third parties and the Directors are all non-executive.",What is the implication of being a venture capital trust company?,most of the Company's day-to-day responsibilities are delegated to third parties and the Directors are all non-executive,3,most of the Company's day-to-day responsibilities are delegated to third parties,-0.4563361704349518,0.1782628177121165,True,0.7857142857142858,incomplete,8,accepted,incomplete,screening_method_accepted_after_50_of_50_audit,no,,Omits a distinct coordinated component of the gold answer while remaining a usable span.
v5_0795_1_beam5,v5_0795_1,795,1,"– To provide a significant proportion of performance-linked pay in shares allowing senior management to build a significant shareholding in the business and, therefore, aligning management with shareholders' interests and the Group's performance, without encouraging excessive risk-taking.","What is the consequence of providing a significant proportion of performance-linked pay in shares, allowing senior management to build a significant shareholding in the business?","aligning management with shareholders' interests and the Group's performance, without encouraging excessive risk-taking",5,aligning management with shareholders' interests,-1.2579231262207031,0.0849766303970393,True,0.5555555555555556,incomplete,8,accepted,incomplete,screening_method_accepted_after_50_of_50_audit,no,,Omits a distinct coordinated component of the gold answer while remaining a usable span.
v5_0799_1704_beam3,v5_0799_1704,799,1704,"There has been a decrease in non-current liabilities of $14.4m to $2,839.7m (2016: $2,854.1m). This is primarily driven by a decrease in derivative financial instruments of $25.7m reflecting a reduction in the unrealised conversion liability on the convertible bonds and a decrease in other payables of $16.5m","What caused the decrease in non-current liabilities of $14.4m to $2,839.7m?",a decrease in derivative financial instruments of $25.7m reflecting a reduction in the unrealised conversion liability on the convertible bonds and a decrease in other payables of $16.5m,3,a decrease in derivative financial instruments of $25.7m reflecting a reduction in the unrealised conversion liability on the convertible bonds,-0.3045415878295898,0.230919488064187,True,0.8333333333333333,incomplete,8,accepted,incomplete,screening_method_accepted_after_50_of_50_audit,no,,Omits a distinct coordinated component of the gold answer while remaining a usable span.
v5_0802_1738_beam5,v5_0802_1738,802,1738,2. The value of shares held by Ian Griffiths is based on his holding at 29 December 2017 using a share price of 163.8 pence. Where the value of shares required to be held increases as a result of a salary increase (or an increase in the relevant percentage),What causes the value of shares required to be held to increase?,a salary increase (or an increase in the relevant percentage),5,an increase in the relevant percentage,-1.6366723775863647,0.0721428680246158,True,0.625,incomplete,9,accepted,incomplete,screening_method_accepted_after_50_of_50_audit,no,,Omits a distinct leading component of the gold answer while retaining only the later component.
v5_0811_140_beam3,v5_0811_140,811,140,"Non-controlling interests increased from €10.0 million in 2017 to €19.0 million in 2018. The increase of €9.0 million in the period is mostly due to the inclusion of profit due to the minority interests of Inversiones Finisterre, following that acquisition in the last quarter of 2017, as well as to the one-third minority investors in Karco Engineering, acquired by the Group in May 2018, but also includes profit growth from other non wholly-owned subsidiary investments.",To what factors is the increase in non-controlling interests (from €10.0m in 2017 to €19.0m in 2018) attributable?,"the inclusion of profit due to the minority interests of Inversiones Finisterre, following that acquisition in the last quarter of 2017, as well as to the one-third minority investors in Karco Engineering, acquired by the Group in May 2018",3,"the inclusion of profit due to the minority interests of Inversiones Finisterre, following that acquisition in the last quarter of 2017",-0.2153217196464538,0.2426779072688878,True,0.6666666666666666,incomplete,9,accepted,incomplete,screening_method_accepted_after_50_of_50_audit,no,,Omits a distinct coordinated component of the gold answer while remaining a usable span.
v5_0818_107_beam1,v5_0818_107,818,107,"Our mission to provide the best customer experience has led to an increased level of specialisation and customisation, and, as a result, the creation of specialised businesses/centres where expert managers offer the specific and customised financial advice services that our customers deserve. For this reason, we have created segments and divisions with specific knowledge bases.",What was the result of the mission to provide the best customer experience?,"an increased level of specialisation and customisation, and, as a result, the creation of specialised businesses/centres where expert managers offer the specific and customised financial advice services that our customers deserve",1,an increased level of specialisation and customisation,-0.1818301826715469,0.2862201335983273,True,0.3157894736842105,incomplete,9,accepted,incomplete,screening_method_accepted_after_50_of_50_audit,no,,Omits a distinct coordinated component of the gold answer while remaining a usable span.
v5_0819_1130_beam1,v5_0819_1130,819,1130,"The tax charge was low both in relative and absolute terms in 2016 and 2017 due to a combination of factors, including tax-free operations in Dubai, no corporation tax in the US due to deductions for fixed asset purchases, and high bank interest charges.",What factors explain why the tax charge was low both in relative and absolute terms in 2016 and 2017?,"a combination of factors, including tax-free operations in Dubai, no corporation tax in the US due to deductions for fixed asset purchases, and high bank interest charges",1,"a combination of factors, including tax-free operations in Dubai, no corporation tax in the US",-0.2923440337181091,0.2609383778977196,True,0.7142857142857143,incomplete,9,accepted,incomplete,screening_method_accepted_after_50_of_50_audit,no,,Omits the causal or explanatory tail needed to complete the gold answer.
v5_0821_442_beam5,v5_0821_442,821,442,"RWAs decreased £52.6bn to £313.0bn: book size decreased RWAs by £6.8bn primarily due to portfolio rundowns related to Barclays Non-Core, the re-measurement of US DTAs as a result of the US Tax Cuts and Jobs Act and securitisation transactions, partially offset by increased trading activity in investment bank.",What caused the re-measurement of US DTAs?,the US Tax Cuts and Jobs Act and securitisation transactions,5,the US Tax Cuts and Jobs Act,-1.0053043365478516,0.1272183275480252,True,0.8235294117647058,incomplete,9,accepted,incomplete,screening_method_accepted_after_50_of_50_audit,no,,Omits a distinct coordinated component of the gold answer while remaining a usable span.
v5_0826_710_beam3,v5_0826_710,826,710,"Discretion: In the Committee's experience, directors leave for a wide variety of reasons and individual circumstances, which do not all fall within the 'good leaver' categories outlined above. The Committee therefore retains discretion to approve payments to individuals based on individual circumstances and performance while in office or employment.",What is the consequence for the Committee of directors leaving outside the 'good leaver' categories?,retains discretion to approve payments to individuals based on individual circumstances and performance while in office or employment,3,retains discretion to approve payments to individuals based on individual circumstances,-0.7345966696739197,0.2497884511171744,True,0.7586206896551725,incomplete,9,accepted,incomplete,screening_method_accepted_after_50_of_50_audit,no,,Omits a distinct coordinated component of the gold answer while remaining a usable span.
v5_0828_528_beam3,v5_0828_528,828,528,"The results of the group for the year reflect the significant impact of changes in mortality assumptions and US corporate tax, which were not factored into the original targets. The Committee therefore discussed whether the AVP outturns were truly reflective of the group's performance overall.",What prompted the Committee to discuss whether the AVP outturns were truly reflective of the group's performance overall?,"The results of the group for the year reflect the significant impact of changes in mortality assumptions and US corporate tax, which were not factored into the original targets",3,The results of the group for the year reflect the significant impact of changes in mortality assumptions and US corporate tax,-0.2962579429149627,0.1903180283367955,True,0.7999999999999999,incomplete,9,accepted,incomplete,screening_method_accepted_after_50_of_50_audit,no,,Omits the causal or explanatory tail needed to complete the gold answer.
v5_0829_705_beam1,v5_0829_705,829,705,All-in sustaining costs were in line with expectations at $721 per gold equivalent ounce or $9.7 per silver equivalent ounce (2016: $646 per ounce). Costs rose versus 2016 due to the previously-disclosed investment in the expansion of the tailings dam and other infrastructure as well as reduced mined tonnage,What factors contributed to the rise of costs in 2016?,the previously-disclosed investment in the expansion of the tailings dam and other infrastructure as well as reduced mined tonnage,1,the previously-disclosed investment in the expansion of the tailings dam and other infrastructure,-0.260917991399765,0.2468571749035325,True,0.8125000000000001,incomplete,9,accepted,incomplete,screening_method_accepted_after_50_of_50_audit,no,,Omits a distinct coordinated component of the gold answer while remaining a usable span.
v5_0830_1845_beam4,v5_0830_1845,830,1845,"Net financing costs remained at a similar level to last year, despite the improvement in our net cash position, as a result of the group's longer-term financing, through our US private placement, and some local currency debt maintained as a hedge against assets in high inflation economies.",What explains the net financing costs remaining at a similar level to last year despite the improvement in their net cash position?,"the group's longer-term financing, through our US private placement, and some local currency debt maintained as a hedge against assets in high inflation economies",4,"the group's longer-term financing, through our US private placement",-0.6671504378318787,0.1711582891785615,True,0.4848484848484848,incomplete,9,accepted,incomplete,blind_verification_sample_user_confirmed,yes,user_confirmed_valid,Omits a distinct coordinated component of the gold answer while remaining a usable span.
v5_0837_1213_beam5,v5_0837_1213,837,1213,"During 2017, we sold residual certificates in one of our securitisation vehicles, PMF 2017-1B, to a third party in a transaction which resulted in the full derecognition of the underlying mortgage assets from the Group and delivered a net gain on sale of loans of £17.7 million (2016: £nil). Our total income for 2017 increased by 82.5% year-on-year to £170.2 million (2016: £93.3 million).","What was the outcome of the sale of residual certificates in a securitisation vehicle, PMF 2017-1B, to a third party in 2017?",the full derecognition of the underlying mortgage assets from the Group and delivered a net gain on sale of loans of £17.7 million (2016: £nil),5,the full derecognition of the underlying mortgage assets from the Group,-0.5391131043434143,0.1586319097170174,True,0.6111111111111112,incomplete,9,accepted,incomplete,screening_method_accepted_after_50_of_50_audit,no,,Omits a distinct coordinated component of the gold answer while remaining a usable span.
v5_0851_1062_beam2,v5_0851_1062,851,1062,"Our associate company, Troy Homes Limited, is in its second operating year and, as expected, further losses were incurred during the start-up phase. The Group has therefore made a provision of £238,000 and the carrying value is now £1.1 million.","Why has the Group made a provision of £238,000 and the carrying value is now £1.1 million?","Our associate company, Troy Homes Limited, is in its second operating year and, as expected, further losses were incurred during the start-up phase",2,"Our associate company, Troy Homes Limited, is in its second operating year",-0.5720928311347961,0.2628707539214343,True,0.6857142857142856,incomplete,9,accepted,incomplete,screening_method_accepted_after_50_of_50_audit,no,,Omits a distinct coordinated component of the gold answer while remaining a usable span.
v5_0853_1186_beam5,v5_0853_1186,853,1186,"The loyalty of the Group's customers is one of its main assets, since this gives rise to a sustainable competitive advantage. For the Group, customer satisfaction is key to their loyalty and therefore it strives continuously to offer, more than a service, an experience that links the customer with the brand and its corporate values.",What impact does the customer satisfaction being key to their loyalty have for the Group?,"it strives continuously to offer, more than a service, an experience that links the customer with the brand and its corporate values",5,"it strives continuously to offer, more than a service, an experience that links the customer with the brand",-0.5312716364860535,0.1640703904109298,True,0.9,incomplete,9,accepted,incomplete,screening_method_accepted_after_50_of_50_audit,no,,Omits a distinct coordinated component of the gold answer while remaining a usable span.
v5_0866_63_beam2,v5_0866_63,866,63,Trust in a company provides the licence to operate. Our reputation and the associated trust is driven by how we engage with all our stakeholders and this is vital to building a sustainable business.,What contributes to their reputation and its associated trust?,how we engage with all our stakeholders,2,how we engage with all our stakeholders and this is vital to building a sustainable business,-0.1917336136102676,0.2343676026765597,True,0.6086956521739131,overextended,9,accepted,overextended,screening_method_accepted_after_50_of_50_audit,no,,"Adds a separate sentence, clause, or downstream effect beyond the complete gold answer."
v5_0873_42_beam3,v5_0873_42,873,42,"The Board carried out a performance evaluation of the Board, committees and individual Directors during the year. Due to the size of the Company, the fact that the majority of the Directors are independent non-executive Directors and the costs involved, external facilitators are not used in the evaluation of the Board.",What factors contributed to the decision not to use external facilitators in the evaluation of the Board?,"the size of the Company, the fact that the majority of the Directors are independent non-executive Directors and the costs involved",3,"the size of the Company, the fact that the majority of the Directors are independent non-executive Directors",-0.4063280820846557,0.1823721720515287,True,0.8947368421052632,incomplete,9,accepted,incomplete,screening_method_accepted_after_50_of_50_audit,no,,Omits a distinct coordinated component of the gold answer while remaining a usable span.
v5_0875_1549_beam1,v5_0875_1549,875,1549,5 The maximum opportunity for 'single figure' purposes is 200% of salary. 50% of bonus is deferred in shares which vest subject to performance and are therefore defined as a long term incentive.,Why are shares defined as a long term incentive?,50% of bonus is deferred in shares which vest subject to performance,1,50% of bonus is deferred in shares,-0.8047820925712585,0.2900670372745044,True,0.7368421052631579,incomplete,9,accepted,incomplete,screening_method_accepted_after_50_of_50_audit,no,,Omits the causal or explanatory tail needed to complete the gold answer.
v5_0883_1038_beam5,v5_0883_1038,883,1038,"Given that this was Jeremy's second term a particularly rigorous review of his independence was carried out focussing on his contributions to Board discussions, challenges of management, experience of finance and capital markets and the overall mix of experience of the Board. It was agreed that he continued to be independent. It was unanimously agreed that his term be renewed for a further three years, subject to annual reappointment at the AGM.",What were the consequences of this being Jeremy's second term?,"a particularly rigorous review of his independence was carried out focussing on his contributions to Board discussions, challenges of management, experience of finance and capital markets and the overall mix of experience of the Board",5,a particularly rigorous review of his independence was carried out focussing on his contributions to Board discussions,-0.3479878306388855,0.1687535561899376,True,0.6153846153846154,incomplete,9,accepted,incomplete,blind_verification_sample_user_confirmed,yes,user_confirmed_valid,"Omits a complete, meaningful portion of the gold answer while remaining usable."
v5_0885_1763_beam5,v5_0885_1763,885,1763,"Improvement in the macro indicators with respect to the previous year, with a GDP growth owing to the increase in private consumption and firm's investment, driven in a great measure by the reduction in interest rates (SELIC), with minimum historical levels, and the boost from exports arising from the depreciation of the Brazilian real. Additionally, expectations for the next years are optimistic, and macro indicators are expected to continue improving, with a gradual normalisation of interest rates.",What contributed to the GDP growth?,"the increase in private consumption and firm's investment, driven in a great measure by the reduction in interest rates (SELIC), with minimum historical levels, and the boost from exports arising from the depreciation of the Brazilian real",5,the increase in private consumption,-1.721387267112732,0.0575925814865019,True,0.2380952380952381,incomplete,9,accepted,incomplete,screening_method_accepted_after_50_of_50_audit,no,,Omits a distinct coordinated component of the gold answer while remaining a usable span.
v5_0902_1678_beam1,v5_0902_1678,902,1678,"Amounts receivable under the Group's defense contracts are substantial. Therefore, the timing of, or failure to receive, awards and associated cash advances and milestone payments will materially affect the Group's profits and cash flows for the periods involved, thereby reducing the cash available to meet the Group's allocation requirements.",What are the consequences of amounts receivable under the Group's defense contracts being substantial?,"the timing of, or failure to receive, awards and associated cash advances and milestone payments will materially affect the Group's profits and cash flows for the periods involved",1,"the timing of, or failure to receive, awards and associated cash advances and milestone payments will materially affect the Group's profits and cash flows for the periods involved, thereby reducing the cash available to meet the Group's allocation requirements",-0.0042087365873157,0.2298716372271227,True,0.8059701492537313,overextended,10,accepted,overextended,screening_method_accepted_after_50_of_50_audit,no,,"Adds a separate sentence, clause, or downstream effect beyond the complete gold answer."
v5_0921_975_beam5,v5_0921_975,921,975,"This approach will be used for 3 years starting from 2019. Thus, 2019-2021 performance will be measured in 2022, 2020-2022 performance will be measured in 2023 and 2021-2023 performance will be measured in 2024. Given the fact that the first performance period under the LTIP will start only in 2019, the exact performance conditions will be defined closer to this date.",What are the consequences of adopting this approach for a three-year period starting from 2019?,"2019-2021 performance will be measured in 2022, 2020-2022 performance will be measured in 2023 and 2021-2023 performance will be measured in 2024",5,2019-2021 performance will be measured in 2022,-0.4445985853672027,0.1613837941812546,True,0.4137931034482758,incomplete,10,accepted,incomplete,screening_method_accepted_after_50_of_50_audit,no,,"Omits a complete, meaningful portion of the gold answer while remaining usable."
v5_0923_287_beam5,v5_0923_287,923,287,The Group focuses on technology sectors which do not have large capital needs. The Group therefore has sufficient funds under management and balance sheet cash to exercise investment and operational flexibility.,Why does the Group have sufficient funds under management and balance sheet cash to exercise investment and operational flexibility?,The Group focuses on technology sectors which do not have large capital needs,5,The Group focuses on technology sectors,-1.3995811939239502,0.0921777564970276,True,0.631578947368421,incomplete,10,accepted,incomplete,screening_method_accepted_after_50_of_50_audit,no,,Omits the causal or explanatory tail needed to complete the gold answer.
v5_0924_1301_beam4,v5_0924_1301,924,1301,"Dave brings with him strong oil and gas experience and technical expertise and Mike's appointment strengthens the Board's corporate financing expertise, thus ensuring that the Board is well placed to deliver both its immediate and longer-term strategy.",Why is the Board well placed to deliver its immediate and longer-term strategy?,Dave brings with him strong oil and gas experience and technical expertise and Mike's appointment strengthens the Board's corporate financing expertise,4,Dave brings with him strong oil and gas experience and technical expertise,-0.8209386467933655,0.139027807444968,True,0.7272727272727273,incomplete,10,accepted,incomplete,blind_verification_sample_user_confirmed,yes,user_confirmed_valid,Omits a distinct coordinated component of the gold answer while remaining a usable span.
v5_0927_562_beam1,v5_0927_562,927,562,"Incomplete or inaccurate revenue recognition could have an adverse impact on the Group and Parent's net asset value, earnings per share, its level of dividend cover and compliance with Real Estate Investment Trust (""REIT"") regulations. We therefore identified the recognition of revenue as a significant risk",Why was the recognition of revenue identified as a significant risk?,"Incomplete or inaccurate revenue recognition could have an adverse impact on the Group and Parent's net asset value, earnings per share, its level of dividend cover and compliance with Real Estate Investment Trust (""REIT"") regulations",1,"Incomplete or inaccurate revenue recognition could have an adverse impact on the Group and Parent's net asset value, earnings per share, its level of dividend cover",-0.3677254319190979,0.2807594192016814,True,0.8524590163934427,incomplete,10,accepted,incomplete,screening_method_accepted_after_50_of_50_audit,no,,Omits a distinct coordinated component of the gold answer while remaining a usable span.
v5_0935_114_beam5,v5_0935_114,935,114,"The Group manages macro-economic risk by building a stronger and longer order book and maintaining an appropriately sized landbank. Therefore, both measures will feature in the 2017/18 annual bonus.",What factors contribute to both measures being featured in the 2017/18 annual bonus?,The Group manages macro-economic risk by building a stronger and longer order book and maintaining an appropriately sized landbank,5,The Group manages macro-economic risk,-1.2299652099609375,0.0965389244769181,True,0.4166666666666667,incomplete,10,accepted,incomplete,screening_method_accepted_after_50_of_50_audit,no,,"Omits a complete, meaningful portion of the gold answer while remaining usable."
v5_0953_1066_beam1,v5_0953_1066,953,1066,"This was augmented by our continued 'up or out' strategy, to ensure that we focused on only retaining contracts that are delivering acceptable returns. We relinquished contracts amounting to 190 buses in 2017, and also exited our first transit contract for this reason as well in the year.",What is the outcome of focusing on only retaining contracts that are delivering acceptable returns?,"We relinquished contracts amounting to 190 buses in 2017, and also exited our first transit contract",1,We relinquished contracts amounting to 190 buses in 2017,-0.2334199398756027,0.2794251065444776,True,0.64,incomplete,10,accepted,incomplete,blind_verification_sample_user_confirmed,yes,user_confirmed_valid,Omits a distinct coordinated component of the gold answer while remaining a usable span.
v5_0958_1584_beam2,v5_0958_1584,958,1584,"Underlying revenue growth (excluding the impact of acquisitions and movements in foreign exchange rates) was 4 per cent, driven by growth in new licence sales and in revenue from maintenance and support contracts of 2 per cent and 8 per cent respectively. The acquisition of ICON in October 2016 contributed a further 4 per cent to revenue growth.",What factors motivated the 4% growth in underlying revenue?,growth in new licence sales and in revenue from maintenance and support contracts of 2 per cent and 8 per cent respectively,2,new licence sales and in revenue from maintenance and support contracts of 2 per cent and 8 per cent respectively,-0.3836932182312011,0.2359992838990425,True,0.9523809523809524,incomplete,10,accepted,incomplete,screening_method_accepted_after_50_of_50_audit,no,,"Omits a meaningful leading causal or effect component, changing the answer."
v5_0960_570_beam5,v5_0960_570,960,570,"On the other hand, the income of the international segment includes mainly the consolidation of London-Luton Airport (5th airport in the United Kingdom by number of passengers), as well as advisory services to international airports. The total revenue from international business reached 237.9 million euros in 2018 (+10.5% compared to 2017). Regarding the activity of the London-Luton Airport, the good performance of commercial revenue must be highlighted, especially for food, beverage and stores, due to the opening of the new premises in the expansion project of the terminal that create a more varied supply and to the change in the flow of passengers.","What does the opening of the new premises in the expansion project of the terminal lead to, in the context of the good performance of commercial revenue regarding the activity of the London-Luton Airport?",a more varied supply and to the change in the flow of passengers,5,a more varied supply,-0.9425103068351746,0.1297642278325852,True,0.4705882352941176,incomplete,10,accepted,incomplete,screening_method_accepted_after_50_of_50_audit,no,,Omits a distinct coordinated component of the gold answer while remaining a usable span.
v5_0963_69_beam2,v5_0963_69,963,69,Heavy delays to new buildings under construction mean that tankers scheduled for delivery in 2016 slipped into 2017 and beyond and resulted in lower overall fleet growth in 2016 than expected.,What do the heavy delays to new buildings under construction imply?,tankers scheduled for delivery in 2016 slipped into 2017 and beyond,2,tankers scheduled for delivery in 2016 slipped into 2017 and beyond and resulted in lower overall fleet growth in 2016 than expected,-0.0688815787434578,0.2149003787831327,True,0.6666666666666666,overextended,10,accepted,overextended,screening_method_accepted_after_50_of_50_audit,no,,"Adds a separate sentence, clause, or downstream effect beyond the complete gold answer."
v5_0968_1173_beam2,v5_0968_1173,968,1173,"As a result of all this investment, combined with an additional effort to improve operational efficiency, the group expects to improve its results to between 3,700 and 3,900 million euros of net profit by 2022, a 30% increase over the 2018 results.",What is the outcome of the investments and the focus on operational efficiency?,"the group expects to improve its results to between 3,700 and 3,900 million euros of net profit by 2022, a 30% increase over the 2018 results",2,"to between 3,700 and 3,900 million euros of net profit by 2022",-0.4222982823848724,0.2230726305830683,True,0.5789473684210527,incomplete,10,accepted,incomplete,screening_method_accepted_after_50_of_50_audit,no,,"Omits a meaningful leading causal or effect component, changing the answer."
v5_0970_1510_beam5,v5_0970_1510,970,1510,"The Board is required to consider and satisfy itself on an annual basis on the competence, qualifications and experience of the Company Secretary (as a consequence of the Company's JSE listing).",What are the implications of the Company's JSE listing?,"The Board is required to consider and satisfy itself on an annual basis on the competence, qualifications and experience of the Company Secretary",5,The Board is required to consider and satisfy itself on an annual basis,-0.81363445520401,0.1308733005820637,True,0.7222222222222222,incomplete,10,accepted,incomplete,screening_method_accepted_after_50_of_50_audit,no,,"Omits a complete, meaningful portion of the gold answer while remaining usable."
v5_0973_1734_beam3,v5_0973_1734,973,1734,"Trade and other receivables increased 40.3% to US$402.1 million as a result of the increase in income tax recoverable, higher metal volumes sold which increased receivables and an increase in value added tax receivable.",What was the cause of trade and other receivables increasing 40.3% to US$402.1 million?,"the increase in income tax recoverable, higher metal volumes sold which increased receivables and an increase in value added tax receivable",3,"the increase in income tax recoverable, higher metal volumes sold which increased receivables",-0.4776388704776764,0.2117374825129521,True,0.7647058823529412,incomplete,10,accepted,incomplete,screening_method_accepted_after_50_of_50_audit,no,,Omits a distinct coordinated component of the gold answer while remaining a usable span.
v5_0979_1285_beam3,v5_0979_1285,979,1285,"In light of the growing focus on non-audit fees the Committee has enhanced its scrutiny to ensure that it is comfortable, on an ongoing basis that the nature of the non-audit work commissioned does not impinge on audit independence.",What have been the implications of the growing focus on non-audit fees?,"the Committee has enhanced its scrutiny to ensure that it is comfortable, on an ongoing basis that the nature of the non-audit work commissioned does not impinge on audit independence",3,"the Committee has enhanced its scrutiny to ensure that it is comfortable, on an ongoing basis",-0.4101138114929199,0.2126345681697811,True,0.6956521739130436,incomplete,10,accepted,incomplete,screening_method_accepted_after_50_of_50_audit,no,,Omits the causal or explanatory tail needed to complete the gold answer.
v5_0981_1197_beam4,v5_0981_1197,981,1197,"The Company became a member of the AIC with effect from 27 March 2013 and has therefore put in place arrangements to comply with the AIC Code and, in accordance with the AIC Code, complies with the UK Code.",What have been the implications of the Company becoming a member of the AIC with effect from 27 March 2013?,"put in place arrangements to comply with the AIC Code and, in accordance with the AIC Code, complies with the UK Code",4,put in place arrangements to comply with the AIC Code,-0.3953865766525268,0.185576126152417,True,0.625,incomplete,10,accepted,incomplete,screening_method_accepted_after_50_of_50_audit,no,,Omits a distinct coordinated component of the gold answer while remaining a usable span.
v5_0985_1587_beam5,v5_0985_1587,985,1587,"3 The 2015 LTIP award was assessed by the Remuneration Committee and a 0% vesting outcome was determined. Therefore, all awards under the 2015 grant lapsed in full.",Why did all awards under the 2015 grant lapsed in full?,The 2015 LTIP award was assessed by the Remuneration Committee and a 0% vesting outcome was determined,5,The 2015 LTIP award was assessed by the Remuneration Committee,-0.575636088848114,0.1520352808969256,True,0.7407407407407407,incomplete,10,accepted,incomplete,screening_method_accepted_after_50_of_50_audit,no,,Omits a distinct coordinated component of the gold answer while remaining a usable span.
v5_0989_1873_beam3,v5_0989_1873,989,1873,"All this was possible thanks to the activation of a secure information exchange community for cybersecurity and the creation of the Cyber Emergency Response Team (CERT), which received accreditation of CERT ENEL at the Spanish national CERT level in 2018.",What made everything possible?,"the activation of a secure information exchange community for cybersecurity and the creation of the Cyber Emergency Response Team (CERT), which received accreditation of CERT ENEL at the Spanish national CERT level in 2018",3,the activation of a secure information exchange community for cybersecurity,-0.8636481761932373,0.2154058893037773,True,0.4545454545454545,incomplete,10,accepted,incomplete,screening_method_accepted_after_50_of_50_audit,no,,Omits a distinct coordinated component of the gold answer while remaining a usable span.
v5_1015_621_beam4,v5_1015_621,1015,621,"Net bank charges were £3.0m (2016: £3.3m), because of modestly lower net debt during 2017 than 2016 offset by a higher level of commitment fees and issue costs amortised in 2017. We incurred a £5.1m finance charge (2016: £5.0m charge), reflecting the imputed interest on land bought on deferred terms.","What accounts for the net bank charges amounting to £3.0m, compared to 2016's £3.3m?",modestly lower net debt during 2017 than 2016 offset by a higher level of commitment fees and issue costs amortised in 2017,4,modestly lower net debt during 2017 than 2016 offset by a higher level of commitment fees,-0.2846977412700653,0.2024364383950715,True,0.8421052631578948,incomplete,11,accepted,incomplete,blind_verification_sample_user_confirmed,yes,user_confirmed_valid,Omits a distinct coordinated component of the gold answer while remaining a usable span.
v5_1031_1111_beam1,v5_1031_1111,1031,1111,"The total of current and non-current provisions has decreased by £61.7m since 31 December 2016. The movement is due to a decrease in onerous contract provisions of £52.0m, an increase in employee-related provisions of £10.6m, a decrease in property provisions of £0.9m and a reduction in other provisions",What factors contributed to the decrease of £61.7m in the total of current and non-current provisions since 31 December 2016?,"a decrease in onerous contract provisions of £52.0m, an increase in employee-related provisions of £10.6m, a decrease in property provisions of £0.9m and a reduction in other provisions",1,"a decrease in onerous contract provisions of £52.0m, an increase in employee-related provisions of £10.6m, a decrease in property provisions of £0.9m",-0.1932185590267181,0.2199808627073941,True,0.88,incomplete,11,accepted,incomplete,screening_method_accepted_after_50_of_50_audit,no,,Omits a distinct coordinated component of the gold answer while remaining a usable span.
v5_1040_1765_beam5,v5_1040_1765,1040,1765,"In light of recent disclosures, a review of the effectiveness of the Corporate Governance and Financial Reporting procedures is to be undertaken, and the effective operation of the Committee will be encompassed within that review.",What were the implications of recent disclosures?,"a review of the effectiveness of the Corporate Governance and Financial Reporting procedures is to be undertaken, and the effective operation of the Committee will be encompassed within that review",5,a review of the effectiveness of the Corporate Governance and Financial Reporting procedures is to be undertaken,-0.3699299395084381,0.1768308127282506,True,0.6808510638297872,incomplete,11,accepted,incomplete,screening_method_accepted_after_50_of_50_audit,no,,Omits a distinct coordinated component of the gold answer while remaining a usable span.
v5_1047_905_beam5,v5_1047_905,1047,905,"Adjusted operating profit for the year decreased by 9.1% to £16.9m (FY16: £18.6m). This was most significantly as a result of the increased adjusted operating expenses, which rose from £37.1m to £45.3m.","What were the consequences of the increased adjusted operating expenses, which rose from £37.1m to £45.3m?",Adjusted operating profit for the year decreased by 9.1% to £16.9m (FY16: £18.6m),5,Adjusted operating profit for the year decreased,-1.330164074897766,0.090260175771898,True,0.7000000000000001,incomplete,11,accepted,incomplete,screening_method_accepted_after_50_of_50_audit,no,,"Omits a complete, meaningful portion of the gold answer while remaining usable."
v5_1049_399_beam5,v5_1049_399,1049,399,"The credit risk arises from cash and cash equivalents, financial instruments, deposits with financial institutions, debt available for sale and accounts receivable.",What contributes to credit risk?,"cash and cash equivalents, financial instruments, deposits with financial institutions, debt available for sale and accounts receivable",5,"cash and cash equivalents, financial instruments, deposits with financial institutions, debt available for sale",-0.6155006885528564,0.1618860901069038,True,0.9032258064516128,incomplete,11,accepted,incomplete,screening_method_accepted_after_50_of_50_audit,no,,Omits a distinct coordinated component of the gold answer while remaining a usable span.
v5_1051_1322_beam3,v5_1051_1322,1051,1322,I would like to thank Adrian for his extraordinary contribution as Chairman and to add my thanks to Ken Hydon and Judy Sprieser for their wise counsel during their time on the Board. RB is an outstanding company and it is an honour to follow Adrian as Chairman.,What is the reason behind the recognition and thanks Adrian receives?,his extraordinary contribution as Chairman,3,his extraordinary contribution as Chairman and to add my thanks to Ken Hydon,-0.758461058139801,0.2002872154442701,True,0.5555555555555556,overextended,11,accepted,overextended,blind_verification_sample_user_confirmed,yes,user_confirmed_valid,"Adds a separate sentence, clause, or downstream effect beyond the complete gold answer."
v5_1059_7_beam4,v5_1059_7,1059,7,"Cost per tonne at Ciénega increased 19.9% to US$66.5 due to: i) the increase in development works recognised in the income statement; ii) increases in the use of consumables, services and maintenance; and iii) cost inflation (6.3%). Cash cost per gold ounce was -US$163.7, an increase compared to -US$217.2",What factors led to the cost per tonne at Ciénega increasing by 19.9% to US$66.5?,"the increase in development works recognised in the income statement; ii) increases in the use of consumables, services and maintenance; and iii) cost inflation (6.3%)",4,"the increase in development works recognised in the income statement; ii) increases in the use of consumables, services and maintenance",-0.3414731919765472,0.1799725957462193,True,0.8444444444444444,incomplete,11,accepted,incomplete,screening_method_accepted_after_50_of_50_audit,no,,Omits a distinct coordinated component of the gold answer while remaining a usable span.
v5_1066_1176_beam5,v5_1066_1176,1066,1176,"It adopts the UK Corporate Governance Code 2016 (the Code) to the extent that it is appropriate given the Society's legal form and mutual ownership structure. It was not, for instance, possible to comply with provisions relating to dialogue with 'major shareholders' due to the Society's mutual status and 'one member, one vote' principle.",What factors influence the decision of adopting the UK Corporate Governance Code 2016 to the appropriate extent?,the Society's legal form and mutual ownership structure,5,the Society's legal form,-1.747416377067566,0.0744551324086184,True,0.6666666666666666,incomplete,11,accepted,incomplete,blind_verification_sample_user_confirmed,yes,user_confirmed_valid,Omits a distinct coordinated component of the gold answer while remaining a usable span.
v5_1075_1030_beam5,v5_1075_1030,1075,1030,"No director has communicated during the year 2018 any situation that places him in a conflict of interest with the Group. However, in 2018, there were 60 occasions in which directors abstained from participating in discussions and voting on matters at the meetings of the board of directors or of its committees. The breakdown of the 60 cases is as follows: on 26 occasions the abstention was due to proposals to appoint, re-elect or remove directors, and their appointment as members of board committees or as members of other boards at Santander Group companies; on 30 occasions the matter under consideration related to remuneration or the granting of loans or credits; on 1 occasion the matter concerned the discussion of a risk transaction involving a party related to a director; and on 3 occasions the abstention concerned the annual verification of the status and the suitability of directors.",What provoked 26 of the 60 cases of abstentions?,"proposals to appoint, re-elect or remove directors, and their appointment as members of board committees or as members of other boards at Santander Group companies",5,"proposals to appoint, re-elect or remove directors",-0.6202546954154968,0.1482691940841032,True,0.375,incomplete,11,accepted,incomplete,screening_method_accepted_after_50_of_50_audit,no,,Omits a distinct coordinated component of the gold answer while remaining a usable span.
v5_1088_1774_beam5,v5_1088_1774,1088,1774,"Headline cost per seat excluding fuel increased by 7.7% to £41. 27 and increased by 0.9% at constant currency. This increase is mainly due to continued inflationary pressures in the market, particularly at regulated airports, and higher disruption costs as a result of a greater level of EU 261 compensation",What factors led to the headline cost per seat excluding fuel increasing by 7.7% to £41.27 and by 0.9% at constant currency?,"continued inflationary pressures in the market, particularly at regulated airports, and higher disruption costs",5,"continued inflationary pressures in the market, particularly at regulated airports",-0.5280244946479797,0.1687144624484511,True,0.75,incomplete,11,accepted,incomplete,blind_verification_sample_user_confirmed,yes,user_confirmed_valid,Omits a distinct coordinated component of the gold answer while remaining a usable span.
v5_1091_768_beam1,v5_1091_768,1091,768,Underlying service revenue reduces by £497m. This reduction is driven by: a timing change to revenue recognition on TotalCare and CorporateCare long-term contracts where stage of completion has been amended from a flying hours basis to a cost incurred or 'input' basis; the de-linking of OE and services contracts; and classification of operator guarantee payments as a reduction to revenue under IFRS 15 where classified as costs under current accounting.,What were the factors contributing to a £497m reduction in underlying service revenue?,a timing change to revenue recognition on TotalCare and CorporateCare long-term contracts where stage of completion has been amended from a flying hours basis to a cost incurred or 'input' basis; the de-linking of OE and services contracts; and classification of operator guarantee payments as a reduction to revenue under IFRS 15 where classified as costs under current accounting,1,a timing change to revenue recognition on TotalCare and CorporateCare long-term contracts where stage of completion has been amended from a flying hours basis to a cost incurred or 'input' basis; the de-linking of OE and services contracts; and classification of operator guarantee payments,-0.1531206667423248,0.2212209841308825,True,0.8543689320388349,incomplete,11,accepted,incomplete,screening_method_accepted_after_50_of_50_audit,no,,"Omits a complete, meaningful portion of the gold answer while remaining usable."
v5_1095_1105_beam1,v5_1095_1105,1095,1105,"In light of the operational challenges faced by the Civil Aerospace business, the Board remained regularly informed on the management of these issues including: conflicting demands on resource the handling of impacted customers' interests and the management of the resultant programme risks.",What occurred as a result of the operational challenges faced by the Civil Aerospace business?,the Board remained regularly informed on the management of these issues including: conflicting demands on resource the handling of impacted customers' interests and the management of the resultant programme risks,1,the Board remained regularly informed on the management of these issues including: conflicting demands on resource the handling of impacted customers' interests,-0.4225518703460693,0.2625273909287857,True,0.846153846153846,incomplete,11,accepted,incomplete,screening_method_accepted_after_50_of_50_audit,no,,Omits a distinct coordinated component of the gold answer while remaining a usable span.
v5_1104_33_beam4,v5_1104_33,1104,33,"Based on the statutory results for the year ended 31st December 2017, sales in this division (net of intercompany sales) increased by 28.4% to £59.7m (2016: £46.5m), which now accounts for 71.4% of total revenues. The £13.2m year-on-year increase is attributable to an additional £7.6m of sales derived from new product lines and £5.6m from increased demand in existing products.",What does the £13.2m year-on-year increase owe to?,an additional £7.6m of sales derived from new product lines and £5.6m from increased demand in existing products,4,an additional £7.6m of sales derived from new product lines,-0.6292937994003296,0.1710319303182465,True,0.7142857142857143,incomplete,12,accepted,incomplete,screening_method_accepted_after_50_of_50_audit,no,,Omits a distinct coordinated component of the gold answer while remaining a usable span.
v5_1125_786_beam5,v5_1125_786,1125,786,"Fluid Systems is the division with the highest proportion of oil and gas sales, at 67%. Upstream increased significantly due to an increase in project activity in Eastern Europe and the Middle East. However, this was offset by a reduction in midstream, predominantly in North America",What is the reason for the significant increase of the upstream?,an increase in project activity in Eastern Europe and the Middle East,5,project activity in Eastern Europe and the Middle East,-1.0066730976104736,0.133037501024767,True,0.8571428571428571,incomplete,12,accepted,incomplete,blind_verification_sample_user_confirmed,yes,user_confirmed_valid,"Omits a meaningful leading causal or effect component, changing the answer."
v5_1136_628_beam2,v5_1136_628,1136,628,S&M infrastructure expanded in the US Sales and marketing expenditure was £28.6 million (2016: £20.4 million). The increase in cost is due to an expansion of the salesforce in order to increase the reach into target prescribers as well as having salesforce costs for the entire year.,"What factors contributed to S&M's marketing expenditure rising to £28.6 million, compared to £20.4 million in 2016?",an expansion of the salesforce in order to increase the reach into target prescribers as well as having salesforce costs for the entire year,2,an expansion of the salesforce in order to increase the reach into target prescribers,-0.224296435713768,0.2096789430151407,True,0.7368421052631579,incomplete,12,accepted,incomplete,screening_method_accepted_after_50_of_50_audit,no,,Omits a distinct coordinated component of the gold answer while remaining a usable span.
v5_1145_974_beam5,v5_1145_974,1145,974,"Importantly, we are pleased to see that our investment in customer service has resulted in a notable improvement in our customer satisfaction scores.",What was the effect of the investment in customer service?,a notable improvement in our customer satisfaction scores,5,our customer satisfaction scores,-1.79999577999115,0.0787919946390995,True,0.6666666666666666,incomplete,12,accepted,incomplete,screening_method_accepted_after_50_of_50_audit,no,,"Omits a meaningful leading causal or effect component, changing the answer."
v5_1153_1351_beam3,v5_1153_1351,1153,1351,"However, certain other factors contributed to increasing the ETR, primarily impairment of the 6 PM acquisition and costs associated with this acquisition, both of which are non-deductible expenses for tax purposes. Another factor which increased ETR was the non-recognition of losses incurred in Malta, owing to uncertainty over their future",What caused the increase of the ETR?,"impairment of the 6 PM acquisition and costs associated with this acquisition, both of which are non-deductible expenses for tax purposes. Another factor which increased ETR was the non-recognition of losses incurred in Malta",3,impairment of the 6 PM acquisition,-0.6274023056030273,0.1796707208006136,True,0.3,incomplete,12,accepted,incomplete,screening_method_accepted_after_50_of_50_audit,no,,Omits a distinct coordinated component of the gold answer while remaining a usable span.
v5_1154_1153_beam4,v5_1154_1153,1154,1153,"The Board attaches importance to matters set out in the Code and applies its principles. However, as a venture capital trust company, most of the Company's day-to-day responsibilities are delegated to third parties and the Directors are all non-executive. Thus, not all the provisions of the Code are directly applicable to the Company.",Why are not all the provisions of the Code directly applicable to the Company?,most of the Company's day-to-day responsibilities are delegated to third parties and the Directors are all non-executive,4,most of the Company's day-to-day responsibilities are delegated to third parties,-0.5912920832633972,0.1637761397318153,True,0.7857142857142858,incomplete,12,accepted,incomplete,screening_method_accepted_after_50_of_50_audit,no,,Omits a distinct coordinated component of the gold answer while remaining a usable span.
v5_1157_1293_beam1,v5_1157_1293,1157,1293,"At 31 December 2018, the Group was involved in litigation with a customer as a result of a project in which mutually submitted claims were made due to delays in achieving the contractual milestones signed by the consortium to which CAF belongs.",What was the reason the Group was involved in litigation with a customer?,a project in which mutually submitted claims were made due to delays in achieving the contractual milestones signed by the consortium to which CAF belongs,1,a project in which mutually submitted claims were made,-0.0469868034124374,0.4636723878654404,True,0.5294117647058824,incomplete,12,accepted,incomplete,screening_method_accepted_after_50_of_50_audit,no,,Omits the causal or explanatory tail needed to complete the gold answer.
v5_1158_232_beam5,v5_1158_232,1158,232,"• To comply with the current tax regulations in the communities in which it operates, thus contributing to their economic and social progress, avoiding the concealment of relevant information, the illegal circumvention of tax payments and the obtaining of undue tax benefits.",What are the effects of complying with the current tax regulations in the communities in which this group operates?,"contributing to their economic and social progress, avoiding the concealment of relevant information, the illegal circumvention of tax payments and the obtaining of undue tax benefits",5,contributing to their economic and social progress,-0.7253516316413879,0.1225207170519546,True,0.3636363636363636,incomplete,12,accepted,incomplete,blind_verification_sample_user_confirmed,yes,user_confirmed_valid,"Omits a complete, meaningful portion of the gold answer while remaining usable."
v5_1173_1600_beam4,v5_1173_1600,1173,1600,"Cashflow Net cash generated from operating activities was £0.7m (2016: £4.5m). This decrease was largely due to the reduction in our earnings before depreciation and amortisation plus the funding of increases in our inventories, reduction in trade and other payables and our investment in engineering resources.",What were the reasons behind the decrease in net cash generated from operating activities to £0.7m from £4.5m in 2016?,"the reduction in our earnings before depreciation and amortisation plus the funding of increases in our inventories, reduction in trade and other payables and our investment in engineering resources",4,"our earnings before depreciation and amortisation plus the funding of increases in our inventories, reduction in trade and other payables and our investment in engineering resources",-0.2650268971920013,0.1871576824443423,True,0.9454545454545454,incomplete,12,accepted,incomplete,prior_manual_validation,no,,"omits “the reduction in,” changing the causal factor"
v5_1175_1438_beam5,v5_1175_1438,1175,1438,"Specific malus and clawback are not applied to salary. Natural clawback and malus are built in to the structure, given that shares are deferred over a long period and are subject to a number of vesting conditions which, if breached, would result in the Executive Director's salary shares fully lapsing",Why are natural clawback and malus built in to the structure?,shares are deferred over a long period and are subject to a number of vesting conditions,5,shares are deferred over a long period,-1.232453227043152,0.0941667641129533,True,0.6086956521739131,incomplete,12,accepted,incomplete,screening_method_accepted_after_50_of_50_audit,no,,Omits a distinct coordinated component of the gold answer while remaining a usable span.
v5_1176_1507_beam4,v5_1176_1507,1176,1507,"FTSE Russell revenue increased by 15%, with performance in line with the Group's announced double-digit growth target for FTSE Russell revenue. This performance was driven by increases in AUM levels in benchmarked ETFs and other investable products, as well as strong subscription renewal rates and data sales.","What factors contributed to the Group's performance being in line with the double-digit growth target for FTSE Russell revenue, which increased by 15%?","increases in AUM levels in benchmarked ETFs and other investable products, as well as strong subscription renewal rates and data sales",4,"in AUM levels in benchmarked ETFs and other investable products, as well as strong subscription renewal rates and data sales",-0.2703117728233337,0.1858585355595578,True,0.975609756097561,incomplete,12,accepted,incomplete,prior_manual_validation,no,,omits “increases” and leaves an incomplete causal phrase
v5_1176_1507_beam5,v5_1176_1507,1176,1507,"FTSE Russell revenue increased by 15%, with performance in line with the Group's announced double-digit growth target for FTSE Russell revenue. This performance was driven by increases in AUM levels in benchmarked ETFs and other investable products, as well as strong subscription renewal rates and data sales.","What factors contributed to the Group's performance being in line with the double-digit growth target for FTSE Russell revenue, which increased by 15%?","increases in AUM levels in benchmarked ETFs and other investable products, as well as strong subscription renewal rates and data sales",5,"AUM levels in benchmarked ETFs and other investable products, as well as strong subscription renewal rates and data sales",-0.2932403981685638,0.1816455385163284,True,0.95,incomplete,12,accepted,incomplete,prior_manual_validation,no,,omits the causal increase component
v5_1181_1250_beam3,v5_1181_1250,1181,1250,"We see significant and growing opportunities for our software to enhance the performance of businesses in construction and other sectors, by improving the timeliness, cost-efficiency and risk profiles of customers' projects. Thanks to the dedication and skills of our talented colleagues, Elecosoft is increasingly seen as a market-leading provider of construction software and training, across all phases of a construction project and beyond, in the on-going lifecycle of buildings with an excellent reputation for developing and delivering market leading software to our customers.",What is the impact of the dedication and skills of the colleagues?,"Elecosoft is increasingly seen as a market-leading provider of construction software and training, across all phases of a construction project and beyond, in the on-going lifecycle of buildings with an excellent reputation for developing and delivering market leading software to our customers",3,Elecosoft is increasingly seen as a market-leading provider of construction software,-0.731264054775238,0.1907925022525134,True,0.4150943396226415,incomplete,12,accepted,incomplete,screening_method_accepted_after_50_of_50_audit,no,,Omits a distinct coordinated component of the gold answer while remaining a usable span.
v5_1188_671_beam3,v5_1188_671,1188,671,Australia's recovery was driven by a surge in exports in the fourth quarter of 2016 as commodity exports picked up robustly and as commodity prices firmed.,What factors drove to the surge in exports in the fourth quarter of 2016?,commodity exports picked up robustly and as commodity prices firmed,3,commodity exports picked up robustly,-1.1213223934173584,0.161871598149965,True,0.6666666666666666,incomplete,12,accepted,incomplete,blind_verification_sample_user_confirmed,yes,user_confirmed_valid,Omits a distinct coordinated component of the gold answer while remaining a usable span.
v5_1195_1786_beam3,v5_1195_1786,1195,1786,(11) WAIO – BKM Ore Reserves have increased due to Mineral Resource classification upgrades at Newman JV and Mining Area C. CID Ore Reserves have decreased after a processing capability re-evaluation of lower CID. Reserve Life remains the same due to an increase in nominated production rate,What factor led to Ore Reserves increasing?,Mineral Resource classification upgrades at Newman JV and Mining Area C,3,Mineral Resource classification upgrades at Newman JV,-0.9706213474273682,0.2166962819057024,True,0.7777777777777778,incomplete,12,accepted,incomplete,blind_verification_sample_user_confirmed,yes,user_confirmed_valid,Omits a distinct coordinated component of the gold answer while remaining a usable span.
v5_1211_414_beam4,v5_1211_414,1211,414,"Many of these factors are outside the Group's control. The Group accepts no liability to publicly revise or update these forward-looking statements or adjust them for future events or developments, whether as a result of new information, future events or otherwise, except to the extent legally required.",For what reasons does the Group accept no liability to publicly revise or adjust forward-looking statements for future scenarios?,"new information, future events or otherwise, except to the extent legally required",4,"future events or otherwise, except to the extent legally required",-0.7907669544219971,0.1607470343050232,True,0.9090909090909092,incomplete,13,accepted,incomplete,screening_method_accepted_after_50_of_50_audit,no,,Omits a distinct leading component of the gold answer while retaining only the later component.
v5_1214_578_beam1,v5_1214_578,1214,578,The deficit is expected to have been cleared by the 2018/19 scheme year as a result of the payment of terminal bonuses by the scheme insurer in respect of member retirements that will take place over the next two years.,What is the reason the deficit is expected to be cleared by the 2018/19 year?,the payment of terminal bonuses by the scheme insurer in respect of member retirements that will take place over the next two years,1,the payment of terminal bonuses by the scheme insurer in respect of member retirements,-0.4682433307170868,0.2489618976315323,True,0.7567567567567568,incomplete,13,accepted,incomplete,screening_method_accepted_after_50_of_50_audit,no,,Omits the causal or explanatory tail needed to complete the gold answer.
v5_1216_1711_beam5,v5_1216_1711,1216,1711,"Premier believes that risk management is just good management, leading to better quality decision-making and improving the likelihood of achieving business objectives. Premier has adopted a framework for risk management based on ISO 31000 principles and guidelines.",What does Premier's belief that risk management is just good management result in?,better quality decision-making and improving the likelihood of achieving business objectives,5,better quality decision-making,-1.6313282251358032,0.0768636256454628,True,0.4285714285714285,incomplete,13,accepted,incomplete,screening_method_accepted_after_50_of_50_audit,no,,Omits a distinct coordinated component of the gold answer while remaining a usable span.
v5_1218_1174_beam5,v5_1218_1174,1218,1174,The Board has reviewed the need for an internal audit function and concluded that this is not currently necessary in view of the small size of the Group and the close supervision by senior management of its day‑to‑day operations.,What factors account for the Board's decision that an internal audit function is not currently necessary?,the small size of the Group and the close supervision by senior management of its day‑to‑day operations,5,the small size of the Group and the close supervision,-1.0866743326187134,0.1057512402597647,True,0.7407407407407407,incomplete,13,accepted,incomplete,screening_method_accepted_after_50_of_50_audit,no,,"Omits a complete, meaningful portion of the gold answer while remaining usable."
v5_1219_368_beam5,v5_1219_368,1219,368,"MY BEST FAILURE is a digital platform enabling the ENEL group's employees to share our cases of 'constructive failure' as a means of learning, contributing to the creation of a culture unafraid of making mistakes, fostering experimentation and the capacity of taking risks within the global organisation. ENDESA has a considerable interest in working with entrepreneurs and start-ups due to their capacity for disruptive innovation, the use they make of technology, their know-how and their dexterity in developing products and services. The ENEL Innovation Hub Spain continued developing the relationship with the entrepreneurial ecosystems of Spain and Portugal and other European ecosystems and researched European start-ups of interest to the group's companies. Additionally, as part of the ENDESA Energy Challenges platform, the ENERGY FOR ENTREPRENEURS programme was developed as a direct contact to receive proposals directly from both start-ups as well as individual entrepreneurs. (http://endesaenergychallenges.com/es/entrepreneurs/)",What causes the interest of ENDESA in collaborating with enterpreneurs and start-ups?,"their capacity for disruptive innovation, the use they make of technology, their know-how and their dexterity in developing products and services",5,"their capacity for disruptive innovation, the use they make of technology, their know-how",-0.6305577754974365,0.151090068159792,True,0.7647058823529412,incomplete,13,accepted,incomplete,screening_method_accepted_after_50_of_50_audit,no,,Omits a distinct coordinated component of the gold answer while remaining a usable span.
v5_1226_913_beam2,v5_1226_913,1226,913,"The emissions reported are those for operationally controlled facilities of Urban&Civic. Therefore, carbon emissions produced from assets that are not owned by Urban&Civic and where they are acting under a development management agreement for the assets' development are deemed the responsibility of its client and have been excluded from this.",What does it entail that the emissions reported are those for operationally controlled facilities of Urban&Civic?,carbon emissions produced from assets that are not owned by Urban&Civic and where they are acting under a development management agreement for the assets' development are deemed the responsibility of its client and have been excluded from this,2,carbon emissions produced from assets that are not owned by Urban&Civic and where they are acting under a development management agreement for the assets' development are deemed the responsibility of its client,-0.206253245472908,0.2214427874066644,True,0.9142857142857144,incomplete,13,accepted,incomplete,screening_method_accepted_after_50_of_50_audit,no,,Omits a distinct coordinated component of the gold answer while remaining a usable span.
v5_1231_1343_beam2,v5_1231_1343,1231,1343,"Net cash provided by operating activities increased 60% to $4,256.7 million (2016: $2,658.9 million), primarily due to the inclusion of a full year of legacy Baxalta operating cash flows and strong cash receipts from higher legacy Shire sales and operating profitability","What were the reasons for the 60% increase in net cash provided by operating activities, rising to $4,256.7 million from $2,658.9 million in 2016?",the inclusion of a full year of legacy Baxalta operating cash flows and strong cash receipts from higher legacy Shire sales and operating profitability,2,the inclusion of a full year of legacy Baxalta operating cash flows and strong cash receipts from higher legacy Shire sales,-0.360706090927124,0.184504498477763,True,0.9333333333333332,incomplete,13,accepted,incomplete,prior_manual_validation,no,,omits “and operating profitability”
v5_1231_1343_beam5,v5_1231_1343,1231,1343,"Net cash provided by operating activities increased 60% to $4,256.7 million (2016: $2,658.9 million), primarily due to the inclusion of a full year of legacy Baxalta operating cash flows and strong cash receipts from higher legacy Shire sales and operating profitability","What were the reasons for the 60% increase in net cash provided by operating activities, rising to $4,256.7 million from $2,658.9 million in 2016?",the inclusion of a full year of legacy Baxalta operating cash flows and strong cash receipts from higher legacy Shire sales and operating profitability,5,the inclusion of a full year of legacy Baxalta operating cash flows and strong cash receipts,-0.3685159385204315,0.1830691586525639,True,0.8,incomplete,13,accepted,incomplete,prior_manual_validation,no,,omits the explanation of where the cash receipts came from
v5_1232_1751_beam5,v5_1232_1751,1232,1751,"We also understand there is a need to provide better pricing to customers. This will involve a move away from promotional offers and vouchers, and towards a simpler, more competitive approach. We therefore initiated pricing changes in the fourth quarter with the Switch & Save campaign.",Why did they initiate pricing changes in the fourth quarter with the Switch & Save campaign?,"We also understand there is a need to provide better pricing to customers. This will involve a move away from promotional offers and vouchers, and towards a simpler, more competitive approach",5,We also understand there is a need to provide better pricing to customers. This will involve a move away from promotional offers and vouchers,-0.3745462596416473,0.1846242509557556,True,0.8363636363636364,incomplete,13,accepted,incomplete,screening_method_accepted_after_50_of_50_audit,no,,Omits a distinct coordinated component of the gold answer while remaining a usable span.
v5_1234_634_beam3,v5_1234_634,1234,634,The group's results in 2017 have been adversely impacted by the significant losses incurred by CCD's home credit business as a result of the operational disruption following the transition to a new operating model and the estimated costs associated with the resolution of the FCA investigation into Vanquis Bank and the current status of the FCA investigation into Moneybarn.,"What factors drove the losses incurred by CCD's home credit business, which negatively impacted the Group's results in 2017?",the operational disruption following the transition to a new operating model and the estimated costs associated with the resolution of the FCA investigation into Vanquis Bank and the current status of the FCA investigation into Moneybarn,3,the operational disruption following the transition to a new operating model and the estimated costs associated with the resolution of the FCA investigation into Vanquis Bank,-0.2339479029178619,0.214695144305652,True,0.8387096774193548,incomplete,13,accepted,incomplete,screening_method_accepted_after_50_of_50_audit,no,,Omits a distinct coordinated component of the gold answer while remaining a usable span.
v5_1243_900_beam4,v5_1243_900,1243,900,The cost of benefit provision will depend on the cost to the Company of providing individual items and the individual's circumstances and therefore there is no maximum value.,Why is there no maximum value?,The cost of benefit provision will depend on the cost to the Company of providing individual items and the individual's circumstances,4,The cost of benefit provision will depend on the cost to the Company of providing individual items,-0.5642586946487427,0.1687838126542069,True,0.8947368421052632,incomplete,13,accepted,incomplete,screening_method_accepted_after_50_of_50_audit,no,,Omits a distinct coordinated component of the gold answer while remaining a usable span.
v5_1254_752_beam1,v5_1254_752,1254,752,As part of the Company's cost reduction programme it was agreed that there would be no salary increase for colleagues not involved in collective bargaining for 2017/18 and consequently no salary increases are proposed for the CEO and CFO. The CEO's salary therefore remains unchanged since his appointment in 2013.,Why were there no salary increases proposed for the CEO and CFO?,As part of the Company's cost reduction programme it was agreed that there would be no salary increase for colleagues not involved in collective bargaining for 2017/18,1,it was agreed that there would be no salary increase for colleagues not involved in collective bargaining for 2017/18,-0.1310108751058578,0.2109861181857083,True,0.8260869565217391,incomplete,13,accepted,incomplete,screening_method_accepted_after_50_of_50_audit,no,,"Omits a meaningful leading causal or effect component, changing the answer."
v5_1265_1047_beam4,v5_1265_1047,1265,1047,"Due to the diversity of our ODS customer portfolio, the impacts of foreign currency were not as significant and, on a constant currency basis, ODS revenue growth was similar, at 140%. Revenue 2017 £'000s 2016 £'000s Movement % Software implementation 44,764 47,881 (7%) ODS 21,164 8,667 144% Maintenance 21,849 16,732",What has the diversity of their ODS customer portfolio led to?,"the impacts of foreign currency were not as significant and, on a constant currency basis, ODS revenue growth was similar, at 140%",4,the impacts of foreign currency were not as significant,-0.7344613075256348,0.1663440191449963,True,0.5806451612903226,incomplete,13,accepted,incomplete,screening_method_accepted_after_50_of_50_audit,no,,Omits a distinct coordinated component of the gold answer while remaining a usable span.
v5_1270_559_beam5,v5_1270_559,1270,559,The members of the Committee consider that they have the requisite financial skills and experience to fulfill the responsibilities of the Committee. The Board believes it was appropriate for Mr Ferguson to be a member of the Committee as he is considered to be independent and there are no conflicts of interest. The Committee's authority and duties are clearly defined within its written terms of reference which are available on request from the Company Secretary and at www.monksinvestmenttrust.co.uk.,What drives the Board to deem it appropriate for Mr. Ferguson to be a member of the Committee?,he is considered to be independent and there are no conflicts of interest,5,he is considered to be independent,-1.471021294593811,0.0939198446083328,True,0.631578947368421,incomplete,13,accepted,incomplete,screening_method_accepted_after_50_of_50_audit,no,,Omits a distinct coordinated component of the gold answer while remaining a usable span.
v5_1272_1235_beam2,v5_1272_1235,1272,1235,"The gross margin of Accessories & Other fell 4.8 percentage points to 29.4%. This decline was due to the first-time contribution of virtual reality device sales launched in the period, which attract a lower margin than the category average as well as year-on-year decline in the gross margin achieved",What caused the gross margin of Accessories & Other to fall by 4.8 percentage points to 29.4%?,"the first-time contribution of virtual reality device sales launched in the period, which attract a lower margin than the category average as well as year-on-year decline in the gross margin achieved",2,first-time contribution of virtual reality device sales launched in the period,-0.7622767686843872,0.2480591295205529,True,0.4761904761904761,incomplete,13,accepted,incomplete,screening_method_accepted_after_50_of_50_audit,no,,Omits the causal or explanatory tail needed to complete the gold answer.
v5_1273_573_beam2,v5_1273_573,1273,573,The annual bonus targets will have a 90% weighting based on performance under an agreed balanced scorecard which includes an element of risk appraisal. Within the scorecard at least 50% of the bonus will be based on financial performance. 10% of bonus will be based on personal performance targets.,What determines the weighting of the annual bonus targets?,performance under an agreed balanced scorecard which includes an element of risk appraisal,2,performance under an agreed balanced scorecard,-0.7270092964172363,0.2557444538037609,True,0.631578947368421,incomplete,13,accepted,incomplete,screening_method_accepted_after_50_of_50_audit,no,,Omits the causal or explanatory tail needed to complete the gold answer.
v5_1277_1457_beam2,v5_1277_1457,1277,1457,"The Refining and Upstream business account for 84% of total water discharges. Water discharges increased by 23% from 2017 due to the increase by 23% compared to 2017 due to the increase in production of assets in Malaysia, and the increase in offshore drilling activities in 2018. The majority of the water discharged in offshore drilling is cooling water.","What are the key drivers of discharges increasing by 23% from 2017 regarding the Refining and Upstream business, which account for 84% of total water discharges?","the increase by 23% compared to 2017 due to the increase in production of assets in Malaysia, and the increase in offshore drilling activities in 2018",2,the increase by 23% compared to 2017,-0.3142579793930053,0.203892341050602,True,0.4242424242424242,incomplete,13,accepted,incomplete,blind_verification_sample_user_confirmed,yes,user_confirmed_valid,Omits the causal or explanatory tail needed to complete the gold answer.
v5_1281_1028_beam2,v5_1281_1028,1281,1028,"In summary, what we are trying to achieve at Centrica is not easy. In fact, it is one of the most ambitious changes attempted by any company in one of the most competitive and challenging sectors of the economy. But we are not doing this out of ambition. We are doing this because it is absolutely necessary for the future of this business that we adapt to the changes in the energy landscape and that we find new ways to meet the changing needs of our customers.",What is the reason for Centrica attempting these ambitious changes?,it is absolutely necessary for the future of this business that we adapt to the changes in the energy landscape and that we find new ways to meet the changing needs of our customers,2,it is absolutely necessary for the future of this business that we adapt to the changes in the energy landscape,-0.4234126806259155,0.2655599991121696,True,0.7407407407407407,incomplete,13,accepted,incomplete,screening_method_accepted_after_50_of_50_audit,no,,Omits a distinct coordinated component of the gold answer while remaining a usable span.
v5_1282_969_beam2,v5_1282_969,1282,969,"– IFRS profits of £23.6m, including £18.4m earned by Scildon since acquisition, largely due to favourable investment conditions which have not been offset by reserve movements.","What was the main reason for the IFRS profits of £23.6m, including £18.4m earned by Scildon since acquisition?",favourable investment conditions which have not been offset by reserve movements,2,favourable investment conditions,-0.1609309613704681,0.2708756621992686,True,0.4285714285714285,incomplete,13,accepted,incomplete,screening_method_accepted_after_50_of_50_audit,no,,Omits the causal or explanatory tail needed to complete the gold answer.
v5_1289_1315_beam5,v5_1289_1315,1289,1315,"The vesting of the awards is also subject to a discretionary performance underpin, which takes into consideration a number of factors including Company TSR and cash flow performance over the period. The Committee considered these factors along with the underlying performance of the business, and determined that the formulaic level of vesting was appropriate. Awards will therefore vest in December 2017, subject to continued employment on the vesting date.",What are the implications of the Committee finding the formulaic vesting level appropriate after reviewing these factors and the business performance?,"Awards will therefore vest in December 2017, subject to continued employment on the vesting date",5,Awards will therefore vest in December 2017,-0.4582158327102661,0.1735768621679184,True,0.5454545454545455,incomplete,13,accepted,incomplete,screening_method_accepted_after_50_of_50_audit,no,,"Omits a complete, meaningful portion of the gold answer while remaining usable."
v5_1291_301_beam1,v5_1291_301,1291,301,"We were very pleased to receive unanimous approval for the policy. We do not propose making any changes to the policy this year. Therefore, the main elements of the Executive Directors' packages will remain as follows: • Base salaries Salary levels (as well as overall remuneration opportunity) will be positioned to reflect experience and responsibility. • Mark Kelly's and Michael Scott's current salaries are £367,200 and £234,600 respectively. In line with other Eurocell employees, with effect from 1 April 2018, these salaries will be increased by 2%.",What will be the implications of not proposing any change to the policy this year?,"the main elements of the Executive Directors' packages will remain as follows: • Base salaries Salary levels (as well as overall remuneration opportunity) will be positioned to reflect experience and responsibility. • Mark Kelly's and Michael Scott's current salaries are £367,200 and £234,600 respectively. In line with other Eurocell employees, with effect from 1 April 2018, these salaries will be increased by 2%",1,"the main elements of the Executive Directors' packages will remain as follows: • Base salaries Salary levels (as well as overall remuneration opportunity) will be positioned to reflect experience and responsibility. • Mark Kelly's and Michael Scott's current salaries are £367,200 and £234,600 respectively",-0.0847428143024444,0.2671401369183344,True,0.8037383177570094,incomplete,13,accepted,incomplete,screening_method_accepted_after_50_of_50_audit,no,,"Omits a complete, meaningful portion of the gold answer while remaining usable."
v5_1294_65_beam2,v5_1294_65,1294,65,"Throughout the year, Naturgy undertook relevant changes in its corporate governance based on a leaner structure and simpler corporate regulations, leading to a more agile decision-making process.",What contributed to a more flexible decision-making structure?,Naturgy undertook relevant changes in its corporate governance based on a leaner structure and simpler corporate regulations,2,Naturgy undertook relevant changes in its corporate governance based on a leaner structure,-0.6045461893081665,0.2195485754168871,True,0.8666666666666666,incomplete,13,accepted,incomplete,blind_verification_sample_user_confirmed,yes,user_confirmed_valid,Omits a distinct coordinated component of the gold answer while remaining a usable span.
v5_1316_1114_beam5,v5_1316_1114,1316,1114,"Due to the changing nature of the business and the evolution of the Ignite strategy, this is an area which is likely to become increasingly important over time and as such was also a key consideration when planning the succession of Board members.",What factors contribute to this area likely becoming increasingly important over time?,the changing nature of the business and the evolution of the Ignite strategy,5,the changing nature of the business,-1.446454405784607,0.0890870891651616,True,0.631578947368421,incomplete,14,accepted,incomplete,blind_verification_sample_user_confirmed,yes,user_confirmed_valid,Omits a distinct coordinated component of the gold answer while remaining a usable span.
v5_1319_493_beam5,v5_1319_493,1319,493,"Due to its global risk scope, the Integrated Risk Management and Control System is continuously updated to include new risks that might affect the Group as a result of changes in the environment or revised objectives and strategies, as well as updates that arise from lessons learned from monitoring and controlling the system.",Why is the Integrated Risk Management and Control System continuously updated to address new global risks?,"changes in the environment or revised objectives and strategies, as well as updates that arise from lessons learned from monitoring and controlling the system",5,changes in the environment or revised objectives and strategies,-0.5649168491363525,0.1545219685087114,True,0.4848484848484848,incomplete,14,accepted,incomplete,screening_method_accepted_after_50_of_50_audit,no,,Omits a distinct coordinated component of the gold answer while remaining a usable span.
v5_1324_650_beam3,v5_1324_650,1324,650,"• As external threats become more sophisticated, and the potential impact of service disruption increases, we continue to invest in cyber security. Recognising that this risk cannot be eliminated, we have implemented significant protective measures which will need to be continuously enhanced.",What are the consequences of recognising that this risk cannot be eliminated?,we have implemented significant protective measures which will need to be continuously enhanced,3,we have implemented significant protective measures,-0.7907577753067017,0.1619482049269331,True,0.631578947368421,incomplete,14,accepted,incomplete,screening_method_accepted_after_50_of_50_audit,no,,Omits the causal or explanatory tail needed to complete the gold answer.
v5_1326_1145_beam1,v5_1326_1145,1326,1145,"The Co-brand portfolio has successfully integrated product offerings with its two new retailers, Amazon and TUI, which, alongside growth from existing retailers, resulted in 19% receivables growth.",What factors account for the 19% growth in receivables?,"The Co-brand portfolio has successfully integrated product offerings with its two new retailers, Amazon and TUI, which, alongside growth from existing retailers",1,"The Co-brand portfolio has successfully integrated product offerings with its two new retailers, Amazon and TUI",-0.2955123484134674,0.3395749625852418,True,0.7894736842105263,incomplete,14,accepted,incomplete,blind_verification_sample_user_confirmed,yes,user_confirmed_valid,Omits the causal or explanatory tail needed to complete the gold answer.
v5_1327_400_beam2,v5_1327_400,1327,400,"People costs continue to be the largest component of operating expenses and have risen 31% year-on-year due to new store growth and the further expansion of our specialist support functions. Occupancy costs increased 19% to £30.9 million, as a result of the store openings.",What was the consequence of new store growth and the further expansion of their specialist support functions?,People costs continue to be the largest component of operating expenses and have risen 31% year-on-year,2,People costs continue to be the largest component of operating expenses and have risen 31%,-0.4409012198448181,0.213337458057591,True,0.967741935483871,incomplete,14,accepted,incomplete,prior_manual_validation,no,,omits “year-on-year” from the effect
v5_1327_400_beam3,v5_1327_400,1327,400,"People costs continue to be the largest component of operating expenses and have risen 31% year-on-year due to new store growth and the further expansion of our specialist support functions. Occupancy costs increased 19% to £30.9 million, as a result of the store openings.",What was the consequence of new store growth and the further expansion of their specialist support functions?,People costs continue to be the largest component of operating expenses and have risen 31% year-on-year,3,People costs continue to be the largest component of operating expenses and have risen,-0.4855400323867798,0.2040237501969468,True,0.9333333333333332,incomplete,14,accepted,incomplete,prior_manual_validation,no,,omits the magnitude and year-on-year detail
v5_1327_400_beam5,v5_1327_400,1327,400,"People costs continue to be the largest component of operating expenses and have risen 31% year-on-year due to new store growth and the further expansion of our specialist support functions. Occupancy costs increased 19% to £30.9 million, as a result of the store openings.",What was the consequence of new store growth and the further expansion of their specialist support functions?,People costs continue to be the largest component of operating expenses and have risen 31% year-on-year,5,People costs continue to be the largest component of operating expenses,-0.7279592752456665,0.1601029693606317,True,0.8148148148148148,incomplete,14,accepted,incomplete,prior_manual_validation,no,,"omits the rise itself, which is essential to the effect"
v5_1334_1612_beam5,v5_1334_1612,1334,1612,"In total, India's national production volumes for 2017 were up on 2016, primarily due to higher production in south India and increasing volumes from the Bought Leaf sector. Costs continue to rise through wage and general inflation which, without compensatory increases in the market price, creates margin pressure.",What factors caused India's national production volumes for 2017 to be higher than in 2016?,higher production in south India and increasing volumes from the Bought Leaf sector,5,higher production in south India and increasing volumes,-1.149410843849182,0.1130485035798734,True,0.761904761904762,incomplete,14,accepted,incomplete,screening_method_accepted_after_50_of_50_audit,no,,Omits the causal or explanatory tail needed to complete the gold answer.
v5_1335_809_beam4,v5_1335_809,1335,809,"In the Marine and Technology division, operating profit increased by 9.7%, with margin improvement driven by contract performance, including in our Australian joint venture, and an increase in Research and Development tax credits.",What factors contributed to the 9.7% increase in operating profit and the improvement in margin in the Marine and Technology division?,"contract performance, including in our Australian joint venture, and an increase in Research and Development tax credits",4,"contract performance, including in our Australian joint venture",-0.8625866174697876,0.1976482774565509,True,0.56,incomplete,14,accepted,incomplete,screening_method_accepted_after_50_of_50_audit,no,,Omits a distinct coordinated component of the gold answer while remaining a usable span.
v5_1338_1569_beam4,v5_1338_1569,1338,1569,"Non-interest income reduced by £11m (6.0%), largely driven by a reduction in fees and commission income.",What did a reduction in fees and commission income translate to?,Non-interest income reduced by £11m (6.0%),4,£11m (6.0%),-0.9898685812950134,0.1251515870113656,True,0.5,incomplete,14,accepted,incomplete,screening_method_accepted_after_50_of_50_audit,no,,"Omits a meaningful leading causal or effect component, changing the answer."
v5_1346_808_beam5,v5_1346_808,1346,808,"In May, we successfully completed the integration of Bank Republic, well ahead of schedule. As a result, we have expanded our distribution network and increased our client base by around 380,000 customers, all of whom now have full access to our innovative range of products and services.",What was the consequence of successfully completing the integration of Bank Republic in May?,"we have expanded our distribution network and increased our client base by around 380,000 customers, all of whom now have full access to our innovative range of products and services",5,we have expanded our distribution network,-1.5379918813705444,0.0712057220470555,True,0.3333333333333333,incomplete,14,accepted,incomplete,screening_method_accepted_after_50_of_50_audit,no,,Omits a distinct coordinated component of the gold answer while remaining a usable span.
v5_1359_1169_beam5,v5_1359_1169,1359,1169,"Due to the nature of the services we provide, our technology and operational systems will be subject to threats from both internal and external breaches.",What will be the implications of the nature of the services provided?,our technology and operational systems will be subject to threats from both internal and external breaches,5,our technology and operational systems will be subject to threats,-0.8267353773117065,0.141972022843334,True,0.7692307692307693,incomplete,14,accepted,incomplete,screening_method_accepted_after_50_of_50_audit,no,,Omits the causal or explanatory tail needed to complete the gold answer.
v5_1360_1787_beam2,v5_1360_1787,1360,1787,"Our simplification journey Pearson enters 2018 in a strong financial position because of tight management of costs, actions to simplify the portfolio and a sharper focus on the biggest opportunities – areas that are consistent with our previously announced simplification strategy.",What factors led to Pearson entering 2018 in a strong financial position?,"tight management of costs, actions to simplify the portfolio and a sharper focus on the biggest opportunities – areas that are consistent with our previously announced simplification strategy",2,"tight management of costs, actions to simplify the portfolio and a sharper focus on the biggest opportunities",-0.2131317257881164,0.2090745306966902,True,0.7555555555555554,incomplete,14,accepted,incomplete,blind_verification_sample_user_confirmed,yes,user_confirmed_valid,"Omits a complete, meaningful portion of the gold answer while remaining usable."
v5_1373_377_beam2,v5_1373_377,1373,377,"This result illustrates how our mining team regained momentum in the last nine months. This was achieved as a result of the decisive action taken, including senior management changes, a flatter operational management structure reporting to me, by-passing the role of Chief Operations Officer and by leveraging our relationship with our partners.","What factors account for the mining team regaining momentum in the last nine months, as suggested by the results?","the decisive action taken, including senior management changes, a flatter operational management structure reporting to me, by-passing the role of Chief Operations Officer and by leveraging our relationship with our partners",2,"the decisive action taken, including senior management changes, a flatter operational management structure reporting to me, by-passing the role of Chief Operations Officer",-0.2876321971416473,0.2542383538527828,True,0.8518518518518519,incomplete,14,accepted,incomplete,blind_verification_sample_user_confirmed,yes,user_confirmed_valid,Omits a distinct coordinated component of the gold answer while remaining a usable span.
v5_1377_1682_beam2,v5_1377_1682,1377,1682,"The CGC is additionally responsible for the roles identified by UK Corporate Governance Code which would be reserved for Compensation and Nomination Committees. Consequently, the CGC also meets as required to select and propose to the Board suitable candidates of appropriate caliber for appointments to the Board.","What are the effects of the CGC being responsible for the roles identified by the UK Corporate Governance Code, reserved for Compensation and Nomination Committees?",the CGC also meets as required to select and propose to the Board suitable candidates of appropriate caliber for appointments to the Board,2,the CGC also meets as required to select and propose to the Board suitable candidates,-0.4425181746482849,0.2385991353403314,True,0.7894736842105263,incomplete,14,accepted,incomplete,screening_method_accepted_after_50_of_50_audit,no,,"Omits a complete, meaningful portion of the gold answer while remaining usable."
v5_1378_411_beam3,v5_1378_411,1378,411,"In 2017, the Committee received advice from Deloitte LLP ('Deloitte'), who they appointed in 2015 for their particular expertise both at a local and global level, due to the worldwide operations of the Group and, following review, the Committee remains satisfied that their advice is objective and independent.",What explains Deloitte's particular expertise at both the local and global levels?,the worldwide operations of the Group,3,"the worldwide operations of the Group and, following review, the Committee remains satisfied",-0.6859834790229797,0.1859171941207294,True,0.631578947368421,overextended,14,accepted,overextended,screening_method_accepted_after_50_of_50_audit,no,,"Adds a separate sentence, clause, or downstream effect beyond the complete gold answer."
v5_1379_1349_beam2,v5_1379_1349,1379,1349,"In light of the operational challenges faced by the Civil Aerospace business, the Board remained regularly informed on the management of these issues including: conflicting demands on resource; the handling of impacted customers' interests and the management of the resultant programme risks.",What were the implications of the operational challenges faced by the Civil Aerospace business?,the Board remained regularly informed on the management of these issues including: conflicting demands on resource; the handling of impacted customers' interests and the management of the resultant programme risks,2,the Board remained regularly informed on the management of these issues including: conflicting demands on resource,-0.5781683921813965,0.2250882381924676,True,0.6521739130434783,incomplete,14,accepted,incomplete,blind_verification_sample_user_confirmed,yes,user_confirmed_valid,"Omits a complete, meaningful portion of the gold answer while remaining usable."
v5_1383_500_beam3,v5_1383_500,1383,500,"In accordance with the Code (provision C.3.6), the Audit Committee has also considered the need for an internal audit function at the Company. In the light of the simplicity of the Group structure, its single country focus, its relatively straightforward financial model, the internal controls in place and the fact that management and the Board conduct regular financial reviews, the Committee has recommended to the Board that an internal audit function is not currently appropriate for the business.",What factors influenced the Committee's decision to recommend the Board that no internal audit function is currently appropriate for the business?,"the simplicity of the Group structure, its single country focus, its relatively straightforward financial model, the internal controls in place and the fact that management and the Board conduct regular financial reviews",3,"the simplicity of the Group structure, its single country focus, its relatively straightforward financial model, the internal controls in place",-0.3928206861019134,0.1940592645097435,True,0.7692307692307693,incomplete,14,accepted,incomplete,screening_method_accepted_after_50_of_50_audit,no,,Omits a distinct coordinated component of the gold answer while remaining a usable span.
v5_1392_663_beam1,v5_1392_663,1392,663,"• Sales in the Spanish deregulated market were €8,238 million in 2018, €219 million less than in 2017 (–2.6%), mainly due to the decrease in physical units sold and to the development in the price of energy.",What was the impact of the decrease in physical units sold and to the development in the price of energy?,"Sales in the Spanish deregulated market were €8,238 million in 2018, €219 million less than in 2017 (–2.6%)",1,"€8,238 million in 2018, €219 million less than in 2017 (–2.6%)",-0.1921463012695312,0.2210727515434687,True,0.7586206896551725,incomplete,14,accepted,incomplete,screening_method_accepted_after_50_of_50_audit,no,,"Omits a meaningful leading causal or effect component, changing the answer."
v5_1393_191_beam4,v5_1393_191,1393,191,The Committee has considered it appropriate not to disclose the actual targets for these awards as they were set at a time when the Company was a private company and as such the Board considers the underlying targets to be commercially sensitive.,Why has the Committee considered it appropriate not to disclose the actual targets for these awards?,they were set at a time when the Company was a private company and as such the Board considers the underlying targets to be commercially sensitive,4,they were set at a time when the Company was a private company,-0.2964316010475158,0.1856495580430859,True,0.6666666666666666,incomplete,14,accepted,incomplete,screening_method_accepted_after_50_of_50_audit,no,,Omits a distinct coordinated component of the gold answer while remaining a usable span.
v5_1394_1482_beam1,v5_1394_1482,1394,1482,"As a result of the Company's good performance as measured by its NAV total return, a performance fee of £1,018,000 has been earned by the Manager for the year. Further details of the management agreement, including fees, can be found in the annual financial report.",What was the consequence of the Company's good performance as measured by its NAV total return?,"a performance fee of £1,018,000 has been earned by the Manager for the year",1,"£1,018,000 has been earned by the Manager for the year",-0.473797470331192,0.3419479612904272,True,0.8333333333333333,incomplete,14,accepted,incomplete,screening_method_accepted_after_50_of_50_audit,no,,"Omits a meaningful leading causal or effect component, changing the answer."
v5_1397_1831_beam2,v5_1397_1831,1397,1831,"Group adjusted operating margins declined by 80bps to 5.5% (2016: 6.3%), primarily due to an increase in operating costs from investments in the Group's customer propositions, together with a 20bps decline in gross margins.","What factors drove the Group's decline in adjusted operating margins by 80bps, to 5.5%, compared to 2016's 6.3%?","an increase in operating costs from investments in the Group's customer propositions, together with a 20bps decline in gross margins",2,an increase in operating costs from investments in the Group's customer propositions,-0.397696703672409,0.2603894935703867,True,0.6874999999999999,incomplete,14,accepted,incomplete,screening_method_accepted_after_50_of_50_audit,no,,Omits a distinct coordinated component of the gold answer while remaining a usable span.
