id;context;question;answer
1;– To provide a significant proportion of performance-linked pay in shares allowing senior management to build a significant shareholding in the business and, therefore, aligning management with shareholders' interests and the Group's performance, without encouraging excessive risk-taking.;What is the consequence of providing a significant proportion of performance-linked pay in shares, allowing senior management to build a significant shareholding in the business?;aligning management with shareholders' interests and the Group's performance, without encouraging excessive risk-taking
2;The vast majority of the Group's bank borrowings are with two banks and these financing arrangements contain either cross-collateralisation or cross-default provisions. Therefore, there is a risk that more than one property gets affected by a default under these financing arrangements.;Why is there a risk that more than one property gets affected by a default under these financing arrangements?;The vast majority of the Group's bank borrowings are with two banks and these financing arrangements contain either cross-collateralisation or cross-default provisions
3;Brazil has significant long-term potential and the success of the local team in capturing this potential has resulted in the creation of a very valuable asset in Brazil, which is not reflected in the Group's headline numbers. As shares in this business become available, we have continued to purchase our full allocation. As a result, we now own 32% of the iFood operation (2016: 30%). Head office costs Head office costs were £17.0 million (2016: £14.2 million), reflecting the increase in headcount required to build a great technology company and run an international group.;What did Brazil's long-term potential and the local team's success in capturing this potential lead to?;the creation of a very valuable asset in Brazil, which is not reflected in the Group's headline numbers
4;We are not proposing changes to the 2017 Performance Share Plan. Therefore our incentive arrangements will be linked only to performance under the Corporate Scorecard and Total Shareholder Return from 2018.;What impact did the decision to not propose changes to the 2017 Performance Share Plan have?;our incentive arrangements will be linked only to performance under the Corporate Scorecard and Total Shareholder Return from 2018
5;In addition, future interest charges will also increase as the interest rate swap became ineffective at the end of 2017, as forecast drawdowns will no longer be met as we seek to deleverage the business.;What is the reason for the anticipated increase in future interest charges?;the interest rate swap became ineffective at the end of 2017
6;The Commercial COR of 93.4% benefitted from low weather- related claims costs. The COR was 5.3 percentage points lower than 2016, primarily due to higher prior-year reserve releases following favourable development on liability classes and the non-repeat of the Ogden charge of £24.8 million incurred in 2016.;What reason is behind the COR being 5.3 percentage points lower than in 2016?;higher prior-year reserve releases following favourable development on liability classes and the non-repeat of the Ogden charge of £24.8 million incurred in 2016
7;"Cost per tonne at Ciénega increased 19.9% to US$66.5 due to: i) the increase in development works recognised in the income statement; ii) increases in the use of consumables, services and maintenance; and iii) cost inflation (6.3%). Cash cost per gold ounce was -US$163.7, an increase compared to -US$217.2";What factors led to the cost per tonne at Ciénega increasing by 19.9% to US$66.5?;"the increase in development works recognised in the income statement; ii) increases in the use of consumables, services and maintenance; and iii) cost inflation (6.3%)"
8;Failing to achieve targets for growth in passenger footfall through airports resulting in reduced revenue and income growth.;What does the reduced revenue and income growth stem from?;Failing to achieve targets for growth in passenger footfall through airports
9;Committee's assessment of internal control and risk management arrangements In light of its work, the Committee was content with the effectiveness of the Group's processes governing financial and regulatory reporting and controls, its culture, ethical standards and its relationships with regulators.;What was the impact of its work?;the Committee was content with the effectiveness of the Group's processes governing financial and regulatory reporting and controls, its culture, ethical standards and its relationships with regulators
10;• The business management system may be inadequate or may not be sufficiently complied with. • Specific risks for 2018: unable to attract, challenge or retain key staff due to lack of affordability to pursue all the growth opportunities within the portfolio increasing competition for talent.;What renders the Company unable to attract, challenge or retain key staff?;lack of affordability to pursue all the growth opportunities within the portfolio
11;As with any economic forecasts, the projections and likelihoods of occurrence are subject to a high degree of inherent uncertainty and therefore the actual outcomes may be significantly different to those projected.;What is the implication of the projections and likelihoods of occurrence are subject to a high degree of inherent uncertainty?;the actual outcomes may be significantly different to those projected
12;From the Company, we aim at having a more open, transparent and closer communication, which has resulted in a better appreciation on the part of the different stakeholders of the Company since the new management started in 2015, thus placing the Company in the Top 50 of Companies with best reputation in Spain, a milestone that has been obtained for the second consecutive year.;What was the effect of the Company striving for a more open, transparent and closer communication?;a better appreciation on the part of the different stakeholders of the Company since the new management started in 2015, thus placing the Company in the Top 50 of Companies with best reputation in Spain, a milestone that has been obtained for the second consecutive year
13;Based on performance to 31 December 2017, 30% of the share award made under the 2015 PSA will vest in March 2018, driven by strong progress against long-term strategic targets. We introduced strategic objectives in the PSA in 2015 as we believed it was important for management to be focused.;Why did they introduced strategic objectives in the PSA in 2015?;we believed it was important for management to be focused
14;Working through these obstacles at the Oklahoma plant has afforded a number of learning opportunities that Velocys will apply to future biorefineries, reducing technology risk and further optimising operations.;What are the consequences of Velocys applying the learning from these obstacles at the Oklahoma plant to future biorefineries?;reducing technology risk and further optimising operations
15;In addition, our ability to successfully scale-up production processes to clinical trial or commercial levels is vital to the commercial viability of any product. Availability of raw materials is extremely important to ensure that products are manufactured on schedule and, therefore, dual sourcing is used where possible.;Why is dual sourcing used where possible?;Availability of raw materials is extremely important to ensure that products are manufactured on schedule
16;"DIA's negative Trade Working Capital declined by 26.5% to EUR 718.6m, down by 17.6% ex-currency. This EUR259m decrease in the value of negative trade working capital is completely exceptional and attributable to: 1) The declining volume of sales, 2) The shorter payment period to suppliers during the last months of the year linked to the tough financial situation of the company; 3) the strong depreciation of currencies in Argentina and Brazil, and 4) The shorter average payment periods to suppliers in Argentina due to the growing inflation.";What are the key drivers of the EUR259m decrease in the value of negative trade working capital?;"The declining volume of sales, 2) The shorter payment period to suppliers during the last months of the year linked to the tough financial situation of the company; 3) the strong depreciation of currencies in Argentina and Brazil, and 4) The shorter average payment periods to suppliers in Argentina due to the growing inflation"
17;In particular, the financial results were impacted by weak gross margins in Language Services in the first half and software deal slippage towards the end of the period. As a result, whereas the Group's sales were broadly in line, the profit-based measures were below expectations.;What factor drove the Group's sales being broadly in line with expectations while profit-based measures fell below expectations?;the financial results were impacted by weak gross margins in Language Services in the first half and software deal slippage towards the end of the period
18;Total revenue increased by 1.7% to £4,221.7m with the combination of strong remarketing performance and the annual uplift in mobility allowances (increased by 1% from April 2017) more than offsetting the marginal reduction in customer numbers.;What factors contributed to more than offsetting the marginal reduction in customer numbers?;Total revenue increased by 1.7% to £4,221.7m with the combination of strong remarketing performance and the annual uplift in mobility allowances (increased by 1% from April 2017)
19;Critically, we do tend to stick to problems that are relatively hard to solve, and that therefore require a relatively high level of intellectual content. There are two reasons for this. First, culturally we prefer the challenge of things that are hard to do. Second, it tends to mean we will be less subject to competitive pressures than if we were offering something that is inherently commodity-like in nature.;What are the implications of sticking to problems that are relatively hard to solve and require a relatively high level of intellectual content?;First, culturally we prefer the challenge of things that are hard to do. Second, it tends to mean we will be less subject to competitive pressures than if we were offering something that is inherently commodity-like in nature
20;The controls in place have developed following the increase in the need for community support donations due to the political upheaval of four years ago. Charities which operate independently of Ferrexpo are inherently more difficult to monitor and oversee, than the Group's own charitable funds.;What was the implication of the political upheaval that took place four years ago?;The controls in place have developed following the increase in the need for community support donations
21;Current liabilities have increased by £31.37m primarily on account of increase in trade creditors by £15.81m (including an increase in Gujarat of £22.5m offset by decrease in Chennai) and borrowings by £15.52m. Other non-current liabilities Other non-current liabilities have increased by £25.37m primarily on account of forex impact.;What effect did the account of forex impact have?;Other non-current liabilities have increased by £25.37m
22;This strengthen leads to growing end-user demand which is relatively unaffected by economic cycles, thereby mitigating against the risk of a downturn.;What is the effect of the strengthening?;growing end-user demand which is relatively unaffected by economic cycles
23;Many of the new clients transferred their balances into the Wealth Management division of the Private Bank. The Investment Management team saw assets under management increase by a net 13% reaching £1,044m (2016: £920m). The gross client inflow of funds was £166m, which offset natural withdrawals of £135m and the remaining balance is accountable to market increases in clients funds under management.;What was the outcome of the remaining balance?;market increases in clients funds under management
24;The Directors have a reasonable expectation that the Company has adequate resources to continue in existence for the foreseeable future. The Company therefore continues to adopt the going concern basis in preparing its financial statements.;Why does the Company continue to adopt the going concern basis in preparing its financial statements?;The Directors have a reasonable expectation that the Company has adequate resources to continue in existence for the foreseeable future
25;(11) WAIO – BKM Ore Reserves have increased due to Mineral Resource classification upgrades at Newman JV and Mining Area C. CID Ore Reserves have decreased after a processing capability re-evaluation of lower CID. Reserve Life remains the same due to an increase in nominated production rate;What caused Reserve Life to remain the same?;an increase in nominated production rate
26;Due to a delay caused by failure of the renewable energy plant to hand over the processing site on time, we invested, at additional cost, in a short-term mobile processing facility for the Fort Road site.;What was the reason for investing in a short-term mobile processing facility for the Fort Road site?;a delay caused by failure of the renewable energy plant to hand over the processing site on time
27;Jan Åstrand also served on the Audit Committee until 31 March 2017. He had joined the Audit Committee due to the size of the Board in 2015. He was considered independent on appointment as Chairman, and his skills and experience enhanced the Audit Committee.;What was the reason for Jan Åstrand joining the Audit Committee?;the size of the Board in 2015
28;Shareholders will be aware that the Fund's portfolio contains stocks which the Manager considers to be high-quality and feels are priced attractively. Consequently, during times when emerging stock markets appreciate very rapidly and are driven by a narrow sector of the market, the Fund's performance is likely to lag that of the broader market or indices heavily influenced by that sector.;What causes emerging stock markets to appreciate very rapidly?;a narrow sector of the market
29;The Group is still utilising brought forward tax losses but as a result of categorising sites from investment to development, Harworth has started to pay tax on development property sales. In the current period, in terms of cash tax paid or received, Harworth received cash in respect of the land;What does Harworths's start to pay tax on development property sales result from?;categorising sites from investment to development
30;At the start of the year, we also reduced the size of our transport fleet by 10% in light of network changes. At this point, we decided against further reducing the size of the fleet due to the future demand from new contracts. As a result, the business carried significant excess costs of under-utilised trucks during the current financial year.;What accounts for the business carrying significant excess costs derived from under-utilized trucks during the current financial year?;At the start of the year, we also reduced the size of our transport fleet by 10% in light of network changes. At this point, we decided against further reducing the size of the fleet due to the future demand from new contracts
31;Our business model is focused on clients' needs and desired investment outcomes, rather than a product-led approach to engagement. This approach results in higher client satisfaction and therefore low redemption rates. We measure this by RIA.;What is the result of higher client satisfaction?;low redemption rates
32;I am pleased to announce that the Company's dividend target will now be raised by 20% to 1.20p per share per annum. Consequently, we declare a first dividend of 0.6p per share to be paid on 30 April 2018 to shareholders.;What was the outcome of raising the Company's dividend target by 20% to 1.20p per share per annum?;we declare a first dividend of 0.6p per share to be paid on 30 April 2018 to shareholders
33;Based on the statutory results for the year ended 31st December 2017, sales in this division (net of intercompany sales) increased by 28.4% to £59.7m (2016: £46.5m), which now accounts for 71.4% of total revenues. The £13.2m year-on-year increase is attributable to an additional £7.6m of sales derived from new product lines and £5.6m from increased demand in existing products.;What does the £13.2m year-on-year increase owe to?;an additional £7.6m of sales derived from new product lines and £5.6m from increased demand in existing products
34;The tax charge was low both in relative and absolute terms in 2016 and 2017 due to a combination of factors, including tax-free operations in Dubai, no corporation tax in the US due to deductions for fixed asset purchases, and high bank interest charges.;What did the deductions for fixed asset purchases lead to?;no corporation tax in the US
35;Taxable benefits paid to Ben Magara include costs of £58,880 incurred as a result of the provision of security resulting in a year on year increase of 208% in taxable benefits. Excluding the security related costs shows a decrease of 5.7% in the taxable benefits.;What caused the year on year increase of 208% in taxable benefits?;Taxable benefits paid to Ben Magara include costs of £58,880 incurred as a result of the provision of security
36;In June 2017, following Philippe Hamers' recommendations to the Board, we decided to reorganise our UK production and logistics due to rapid growth and continued significant demand for our products, to drive further incremental margin uplift by improving production efficiency and customer service.;What factors led the Board to decide to reorganize the UK production and logistics following Philippe Hamers' recommendations?;rapid growth and continued significant demand for our products
37;As a Jersey-registered company, the Company is not subject to UK legislation. However, in light of the Company's listing on the London Stock Exchange, the Remuneration Committee reviewed its remuneration practices and reporting to reflect the UK Government's remuneration reporting reforms contained in the Enterprise and Regulatory Reform Act.;What were the implications of the Company's listing on the London Stock Exchange?;the Remuneration Committee reviewed its remuneration practices and reporting to reflect the UK Government's remuneration reporting reforms contained in the Enterprise and Regulatory Reform Act
38;As part of the evaluation process, the performance and effectiveness of the Remuneration Committee was considered and it was agreed that the Committee continued to work effectively. In light of the Company's growth during 2017 the Committee will ensure that regular reviews of the controls framework are carried out to ensure it expands in line with the Company.;What does the company's growth during 2017 entail?;the Committee will ensure that regular reviews of the controls framework are carried out to ensure it expands in line with the Company
39;The proposed target levels for the year have been set to be challenging relative to the business plan. The Committee feels that specific targets relating to the 2017/18 bonus scheme are currently commercially sensitive and as such will not be disclosed.;What is the reason for the Committee's decision not to disclose specific targets relating to 2017/2018 bonus scheme?;The Committee feels that specific targets relating to the 2017/18 bonus scheme are currently commercially sensitive
40;The Committee ensures that targets set are the relevant drivers of required annual performance. Consequently, some of the targets are too commercially sensitive to disclose as they are not disclosed elsewhere in the report.;Why some of the ragers are not disclosed elsewhere in the report?;some of the targets are too commercially sensitive to disclose
41;This US$46.9 million decrease was due to the US$51.3 million impairment charge against the Southern Blocks and US$3.0 million of farm-in proceeds in Rabat Deep, Morocco.;What factors drove the US$46.9 million decrease?;the US$51.3 million impairment charge against the Southern Blocks and US$3.0 million of farm-in proceeds in Rabat Deep, Morocco
42;The Board carried out a performance evaluation of the Board, committees and individual Directors during the year. Due to the size of the Company, the fact that the majority of the Directors are independent non-executive Directors and the costs involved, external facilitators are not used in the evaluation of the Board.;What factors contributed to the decision not to use external facilitators in the evaluation of the Board?;the size of the Company, the fact that the majority of the Directors are independent non-executive Directors and the costs involved
43;The Society's charity partnership is with Alzheimer's Society and Alzheimer Scotland and the society-wide drive to support our charity partners has resulted in many of our colleagues becoming 'dementia friends', attending sessions to improve their understanding of dementia and, as a result, they're better equipped to support people;What is the reason for many of our colleagues becoming 'dementia friends' and attending sessions to improve their understanding of dementia?;The Society's charity partnership is with Alzheimer's Society and Alzheimer Scotland and the society-wide drive to support our charity partners
44;"EY have been the auditors of Sabre Insurance Company Ltd and of the previous parent companies of Sabre Insurance Company Ltd since 2001. Given that Sabre Insurance Company Ltd, the principal subsidiary of the Group, is now considered a Public Interest Entity (""PIE""), the transitional rules under the EU legislation will need to be considered to ensure compliance with new regulatory requirements for auditor rotation and audit practices.";What is the reason for considering the transitional rules under EU legislation to ensure compliance with the new regulatory requirements for auditor rotation and audit practices?;"Sabre Insurance Company Ltd, the principal subsidiary of the Group, is now considered a Public Interest Entity (""PIE"")"
45;John Crabtree OBE Chairman 23 January 2018 Outlook It is early days. Our year-end came just six weeks after our IPO and as such we cannot say much other than that we are where we expected to be at IPO and that 2017 continued a string of successful years.;Why can they only say that they are where they expected to be at IPO and that 2017 continued a string of successful years?;Our year-end came just six weeks after our IPO
46;Underlying Group EBITDA declined by 10.1% to £10.0m (2016: £11.2m). This decline has been driven by an increase in UK overheads of £1.0m (5.6%), due to investment in support of our strategic initiatives and well-publicised cost headwinds.;What has motivated the increase in UK overheads by £1.0 million, or 5.6%?;investment in support of our strategic initiatives and well-publicised cost headwinds
47;The Group faces an uncertain macro-economic and regulatory environment. Due to the nature of such risks and their relative unpredictability, it must be tolerant of certain inherent exposure.;What is the reason behind the Group needing to be tolerant of certain inherent exposure?;the nature of such risks and their relative unpredictability
48;No change in risk: The risk has not changed during the year. Improved fryer technology may reduce/resolve deterioration of the oil and therefore require less frequent filtering and replacement.;Why does improved fryer technology require less frequent filtering and replacement?;Improved fryer technology may reduce/resolve deterioration of the oil
49;However, it is not just future changes that have been part of the Committee's considerations. As of 3 January 2018, the Company will be subject to MiFID II regulation due to the Manager being a MIFID firm.;What is the implication of the Manager being a MIFID firm?;As of 3 January 2018, the Company will be subject to MiFID II regulation
50;Santander Río continued to be the leading privately owned bank in Argentina by banking business. The focus was on digital transformation, customer experience and key segments (Select and Pymes Advance), resulting in more loyal and digital customers and greater digital penetration.;What did the the focus on digital transformation, customer experience and key segments achieve?;more loyal and digital customers and greater digital penetration
51;After taking account of these factors, underlying revenue increased in our business channel. Wholesale revenues have declined slightly during the year as a result of lower voice revenues and, as anticipated, our non-core contact centre and publishing revenues have continued to decline.;What has the decrease in voice revenues brought about?;Wholesale revenues have declined slightly during the year
52;Cost per tonne increased 29.3% to US$47.6, mainly due to: i) lower volume of ore processed from development works ii) increases in the use of consumables, services and maintenance and iii) cost inflation (7.7%).;What factors drove the 29.3% increase in cost per tonne to US$47.6?;i) lower volume of ore processed from development works ii) increases in the use of consumables, services and maintenance and iii) cost inflation (7.7%)
53;As a consequence of the Disposal, the Company became a Rule 15 Cash Shell and, as such, the Company is required to make an acquisition or acquisitions which constitute a reverse takeover under AIM Rule 14 on or before the date falling six months from completion of the Disposal.;What were the implications of the Disposal?;the Company became a Rule 15 Cash Shell and, as such, the Company is required to make an acquisition or acquisitions which constitute a reverse takeover under AIM Rule 14 on or before the date falling six months from completion of the Disposal
54;Delivering the science-based carbon reduction and climate resilience targets set out in the Paris Agreement will have significant structural implications for the economy and the businesses and communities we serve. That is why we are evolving our Group-wide sustainability strategy.;What factor accounts for the evolution of the Group-wide sustainability strategy?;Delivering the science-based carbon reduction and climate resilience targets set out in the Paris Agreement will have significant structural implications for the economy and the businesses and communities we serve
55;This is the risk that underwritten business is less profitable than planned due to insufficient pricing and setting of claims case reserves. Key exposures arise from large portfolios where claims trends are slow to emerge such as UK Commercial and Marine.;In underwriting and claims risk, what factor causes underwritten business to be less profitable than planned?;insufficient pricing and setting of claims case reserves
56;PwC is a member of the Remuneration Consultants' Group and, as such, voluntarily operates under the code of conduct in relation to executive remuneration consulting in the UK. During the year, the Committee reviewed the advice provided by PwC and confirmed that it was objective and independent.;Why does PwC voluntarily operate under the code of conduct for executive remuneration consulting in the UK?;PwC is a member of the Remuneration Consultants' Group
57;Cash flow performed well with adjusted free cash flow growth of over 20% due to the increase in operating profit, lower interest and tax cash-payments balancing the increase in working capital that arose from the revenue growth in the final quarter of the year in the Energy & Industry Division.;What factors contributed to cash flow performing well with an adjusted free cash flow growth of over 20%?;the increase in operating profit, lower interest and tax cash-payments balancing the increase in working capital that arose from the revenue growth in the final quarter of the year in the Energy & Industry Division
58;The workforce bonuses are calculated and agreed in May 2018 for the year ended 31 December 2017 and the figure is therefore not available. Therefore, the information produced is for the bonus comparisons paid in May 2017 for the year ended 31 December 2016. The workforce comparison is every member of staff who received a bonus excluding the Chief Executive Officer.;What explains the unavailability of the figure?;The workforce bonuses are calculated and agreed in May 2018 for the year ended 31 December 2017
59;Net debt improved on the prior year and our Net debt/EBITDA ratio of 1.2x, (down from FY16 1.7x) improved year on year as a result of disposal proceeds from the sale of Education & Care, and free cash flow generation from trading, even after Adjusted items.;What are the reasons for the year-on-year improvement in their net debt/EBITDA ratio?;disposal proceeds from the sale of Education & Care, and free cash flow generation from trading, even after Adjusted items
60;NOx gases are significant atmospheric pollutants that contribute to the formation of smog. NOx reacts with ammonia, moisture, and other compounds to form nitric acid vapour and related particles. Inhalation of these particles can cause respiratory disease and lung damage. Stringent targets therefore need to be met from utility;Why do stringent targets need to be met by the utility?;Inhalation of these particles can cause respiratory disease and lung damage
61;Pessimism spread among investors because of internal conflicts in the United States and the sense that the bullish cycle was coming to an end. The share price performance in the last quarter of the year was marked by a strong recession episode, originating in the United States. The general sense of pessimism also spread to the Spanish stock market, as well as the European ones.;What happened due to the internal conflicts in the USA and the sense that the bullish cycle was coming to an end?;Pessimism spread among investors
62;The average balance of interest-bearing liabilities was EUR 1,193,108 million in 2018, an increase of 4% year-on-year (EUR 1,147,616 million). As with the interest-earning assets, the increase was largely due to domestic activities, heavily impacted by the acquisition of Banco Popular and the mature markets. On the other hand, balances in the developing markets were affected, as well as the assets, by exchange rates.;What caused the increase of the average balance of interest-bearing liabilities?;domestic activities, heavily impacted by the acquisition of Banco Popular and the mature markets
63;Trust in a company provides the licence to operate. Our reputation and the associated trust is driven by how we engage with all our stakeholders and this is vital to building a sustainable business.;What contributes to their reputation and its associated trust?;how we engage with all our stakeholders
64;The increase in overall emissions has been due to the continued expansion of easyJet's operations. In this financial year easyJet's passenger numbers increased by 9.7% compared to the 2016 financial year.;What led to the increase in overall emissions?;the continued expansion of easyJet's operations
65;Throughout the year, Naturgy undertook relevant changes in its corporate governance based on a leaner structure and simpler corporate regulations, leading to a more agile decision-making process.;What contributed to a more flexible decision-making structure?;Naturgy undertook relevant changes in its corporate governance based on a leaner structure and simpler corporate regulations
66;Like-for-like RevPAR increased by 11.5%, with reported RevPAR increasing by 10.0%, due to a rate-led increase in room revenue.;What was the reason for like-for-like RevPAR increasing by 11.5% and reported RevPAR increasing by 10.0%?;a rate-led increase in room revenue
67;The significant revenue base in the MA division is due to Biodose Services and the inherent characteristics of its homecare business model. The business model requires high-value medicines to be dispensed and delivered to patients at home, which results in high levels of revenue and costs.;What is the cause of the high levels of revenue and costs?;The business model requires high-value medicines to be dispensed and delivered to patients at home
68;Rents cannot decrease as a result of the review. The Board is required to estimate how much, if any, additional revenue should be recognised in these financial statements as a result of that review. Given the uncertainty of estimating what the uplift might be, the Committee has reviewed calculations;What is the effect of the review?;The Board is required to estimate how much, if any, additional revenue should be recognised in these financial statements
69;Heavy delays to new buildings under construction mean that tankers scheduled for delivery in 2016 slipped into 2017 and beyond and resulted in lower overall fleet growth in 2016 than expected.;What do the heavy delays to new buildings under construction imply?;tankers scheduled for delivery in 2016 slipped into 2017 and beyond
70;Feedback received from our employees suggested there was an even greater appetite to support charities. Therefore, as part of a wider range of key enhancements to our employee benefits this year we have created a new programme.;What did the feedback from their employees, suggesting there was an even greater appetite to support charities, lead to?;as part of a wider range of key enhancements to our employee benefits this year we have created a new programme
71;Failure to deliver tests and assessments and other related contractual requirements because of operational or technology issues, resulting in negative publicity impacting our brand and reputation.;What drives negative publicity impacting their brand and reputation?;Failure to deliver tests and assessments and other related contractual requirements because of operational or technology issues
72;■ ■ Barclays UK: Reduction was driven by UK cards portfolio, where balances on forbearance plans were lower due to an asset sale and application of tighter entry criteria.;What factors drove the lower balances on forbearance plans?;an asset sale and application of tighter entry criteria
73;Targeted at digital customers, ‘Conecta con tu Experto’ has become an established part of Bankia’s distribution system, thanks to benefits that include access to a personal account manager (always the same person), the possibility of carrying out the full range of transactions (except cash) and extended opening hours.;What prompted ‘Conecta con tu Experto’ becoming an established part of Bankia’s distribution system?;benefits that include access to a personal account manager (always the same person), the possibility of carrying out the full range of transactions (except cash) and extended opening hours
74;Revenue Recognition Management judgement is required for recognition of revenue due to the evolving nature of the business and new services that are being provided. The accounting for new Ocado Solutions contracts with a range of deliverables and fees is complex.;What two factors contribute to the need for Revenue Recognition Management judgement in the recognition of revenue?;the evolving nature of the business and new services that are being provided
75;There is a risk of reputational damage as a result of employee misconduct, failure to manage inside information or conflicts of interest, fraud, improper practice, poor client service or advice.;What factors led to the risk of reputational damage?;employee misconduct, failure to manage inside information or conflicts of interest, fraud, improper practice, poor client service or advice
76;Distribution and administrative costs predominantly consist of fulfilment and delivery operation costs for the Morrisons business and the costs of employees developing solutions for, and supporting, our partnership agreements. These costs grew 20.0% year-on-year primarily as a result of an increase in headcount.;What is the primary reason for distribution and administrative costs to grow 20.0% year-on-year?;an increase in headcount
77;Absolute emissions have increased due to acquisitions in the period and the inclusion of the full year impact of previous acquisitions. The intensity ratio has decreased as a result of increased focus on electricity and fuel usage coupled with the Group' s increased revenue.;What caused the intensity ratio to decrease?;increased focus on electricity and fuel usage coupled with the Group' s increased revenue
78;Our key remuneration outcomes. We are now three years on from the IPO and the Committee has undertaken a full review of Executive Director remuneration in light of the progress made by the Group and the strategic objectives the Board has for the Group over the next three years.;What are the implications of the Group's progress and the strategic objectives set by the Board for the next three years?;We are now three years on from the IPO and the Committee has undertaken a full review of Executive Director remuneration
79;A Nomination Committee would oversee the appointment of a new Director. Due to the relatively small size of the Company, the Board does not believe that a Nomination Committee is necessary.;What are the consequences of the Company's size?;the Board does not believe that a Nomination Committee is necessary
80;In view of the requirement in the Articles of Association that all Directors retire by rotation, the Board has agreed that each Director, over nine years service, will retire and, if appropriate, seek re-election annually. Outwith this Directors will retire and seek re-election every three years.;What were the implications of the Articles of Association that require all Directors to retire by rotation?;the Board has agreed that each Director, over nine years service, will retire and, if appropriate, seek re-election annually
81;Administrative expenses were $39.8 million, increasing 28.4 percent from $31.0 million in FY 2016. The increase in administrative expenses was driven by the continued investment in GBGI's operational platform and associated infrastructure, certain one-off expenses and IPO related expenses.;What factors drove the 28.4% increase in administrative expenses to $39.8 million from $31.0 million in FY 2016?;the continued investment in GBGI's operational platform and associated infrastructure, certain one-off expenses and IPO related expenses
82;New technologies such as blockchain are enabling a new way to share, store and use data, leading to more efficient and transparent information exchange processes during the travel journey.;What do recent technologies (e.g. blockchain) bring about?;a new way to share, store and use data, leading to more efficient and transparent information exchange processes during the travel journey
83;Currently, the Group has two subsidiaries in Namibia: Novanam and Lalandii. Through these, the Group employs over 2,000 people, offers study scholarships to the employees' children, and has built housing, day care facilities and children playgrounds. Additionally, the Group opened the first seafood store, in order to bring seafood products to the general population. We are also committed to the training of our workers, allowing them to access professional growth opportunities in an area that used to have no future. We therefore foment the socioeconomic development of the community.;What does the Group being committed to the worker’s training entail for them?;to access professional growth opportunities in an area that used to have no future
84;Due to the significant currency and acquisition impacts the underlying performance is better understood when measured at organic constant currency. The USA grew in the year by 1% at organic constant currency with Infrastructure Safety showing a decline.;What factor leads to the understanding that underlying performance is better measured at organic constant currency?;the significant currency and acquisition impacts
85;Finance costs have increased by £2.9 million during the year as a result of increased margins applicable under the revolving credit facility and the full year impact of the interest rate swap taken out in July 2016. Net debt has reduced during the year by £55.9 million to £192.0 million.;Why have finance costs increased by £2.9 million during the year?;increased margins applicable under the revolving credit facility and the full year impact of the interest rate swap taken out in July 2016
86;The awards granted in May 2014 under the 2012 Long-Term Incentive Plan (LTIP) matured as at 31 December 2016 but did not vest in May 2017 as the performance conditions had not been achieved.;What was the effect of not achieving the performance conditions?;The awards granted in May 2014 under the 2012 Long-Term Incentive Plan (LTIP) matured as at 31 December 2016 but did not vest in May 2017
87;The fundamentals of the Healthcare sector are strong, as a result of ageing populations and increasing prevalence of chronic diseases, particularly in the US. This leads to growing end-user demand which is relatively unaffected by economic cycles, thereby mitigating against the risk of a downturn.;What reasons explain why the fundamentals of the Healthcare sector are considered strong?;ageing populations and increasing prevalence of chronic diseases, particularly in the US
88;These developments have resulted in an increase in the value of the Aurion Shares held by Tertiary. The Company has therefore capitalised on this increase and the shares were sold in November 2017, resulting in a profit of £31,264 on the sale.;What have these developments led to?;an increase in the value of the Aurion Shares held by Tertiary
89;The decline in our profit was mainly due to difficult trading conditions in our core US market.;What mainly accounts for the decline in their profit?;difficult trading conditions in our core US market
90;B's product offering and advanced functionality has resulted in a market-leading customer experience and, at September 2017, B had a Net Promoter Score (NPS) of over 40. As a result, since its launch in May 2016, B has over 100,000 accounts and deposit balances of c.£1bn.;What led to B having over 100,000 accounts and deposit balances of approximately £1 billion since its launch in May 2016?;a market-leading customer experience and, at September 2017, B had a Net Promoter Score (NPS) of over 40
91;The mean gender pay gap at Ibstock Brick is 7%. This is significantly lower than the UK average of 17 .4% and the average for companies in the construction sector of 18.1%. This is mostly due to demographics within the Company.;What factor led to the mean gender pay gap at Ibstock Brick being 7% and the construction sector average of 18.1%?;demographics within the Company
92;In addition, Jackson hedges the guarantees on its variable annuity book on an economic basis (with consideration of the local regulatory position) and, thus, accepts variability in its accounting results in the short term in order to achieve the appropriate result on these bases.;Why does Jackson accept variability in its accounting results in the short term?;Jackson hedges the guarantees on its variable annuity book on an economic basis (with consideration of the local regulatory position)
93;easyJet is also completing a retrofit programme to address a particular sound associated with A320 family aircraft of all airlines due to the airflow under the wing. All new aircraft delivered to easyJet since September 2014 are fitted with 'vortex generators'.;What causes a particular sound associated with A320 family aircraft?;the airflow under the wing
94;The strong growth in the valuation of the portfolio has seen the loan to value ratio fall to 52.9% (2016: 53.7%) despite the total level of net debt rising by £64.6 million in the year due to the cost of acquisitions and capital expenditure and the conversion of £19.3 million convertible bonds in the year.;What caused the loan-to-value ratio to decrease to 52.9% despite a £64.6 million increase in net debt during the year?;the cost of acquisitions and capital expenditure and the conversion of £19.3 million convertible bonds in the year
95;As a result of changes in laws and regulations, certain types of transactions and technologies may become unavailable to the Group or the costs of compliance may be increased.;What are the consequences of the changes in laws and regulations?;certain types of transactions and technologies may become unavailable to the Group or the costs of compliance may be increased
96;2. Due to prior commitments arising before she joined the Board, Tatjana May was unable to attend the ad hoc Board meeting held in May 2017. She received papers for the meeting ahead of the meeting and had the opportunity to provide comments to the Chairman ahead of the meeting.;What caused Tatjana May to be unable to attend the ad hoc Board meeting that took place in May 2017?;prior commitments arising before she joined the Board
97;Due to the improving outlook for the industry, the carrying values have been assessed to be adequate. Further, the Committee reviewed year end inventory carrying values and the work undertaken by management in assessing and supporting the carrying values.;What happened as a result of the improving outlook for the industry?;the carrying values have been assessed to be adequate
98;This uncertainty is expected to increase volatility in the markets where the Group operates and create the potential for a general downturn in economic activity and for further or prolonged interest rate reductions in some jurisdictions due to monetary easing and investor sentiment.;What factors drove further or prolonged interest rate reductions in some jurisdictions?;monetary easing and investor sentiment
99;• NAV per share grew from 98.5p to 104.9p over the year mainly due to operating outperformance, changes in power price forecast, higher RPI inflation expectations and a change in discount rates.;What caused the NAV per share to grow from 98.5p to 104.9p over the year?;operating outperformance, changes in power price forecast, higher RPI inflation expectations and a change in discount rates
100;The committee understands that listening to the views of the company's key stakeholders plays a vital role in formulating and implementing a successful remuneration policy over the long term. The committee thus actively seeks the views of shareholders and other key stakeholders;Why does the committee thus seek the views of shareholders and other key stakeholders?;The committee understands that listening to the views of the company's key stakeholders plays a vital role in formulating and implementing a successful remuneration policy over the long term
101;An impairment loss of £0.6m has been recognised in the Consolidated Income Statement in respect of goodwill (£0.3m) and intangible assets (£0.3m) in China, within the Asia segment. This arose due to the cessation of trading at The Hub during the year;What was the consequence of the cessation of trading at The Hub during the year?;An impairment loss of £0.6m has been recognised in the Consolidated Income Statement in respect of goodwill (£0.3m) and intangible assets (£0.3m) in China, within the Asia segment
102;"The budget, and therefore the risk, of certain key operational costs associated with a project lies with the project company. Generally these relate to the Management Services Agreement (""MSA"") contract, the lifecycle costs and the insurance premium.";What is the reason certain key operational costs associated with a project lie with the project company?;The budget
103;A share-based payments charge of £4.5m (2016: £2.5m) was recognised during the year, including national insurance costs ('NI') on potential employee gains where applicable. The year-on-year increase in the charge was primarily due to further awards made in June 2016 under the Performance Share Plan and the Deferred Annual Bonus Plan as well as the full-year impact of the Sharesave scheme launched in September 2015.;What factors contribute to the year-on-year increase in the charge?;further awards made in June 2016 under the Performance Share Plan and the Deferred Annual Bonus Plan as well as the full-year impact of the Sharesave scheme launched in September 2015
104;A small part of Richard's role previously included assisting the Executive Directors in the design and delivery of the external investor relations strategy due to his extensive experience in this regard and the importance of this to the Company.;What did Richard's extensive experience in external investor relations strategy and its importance to the Company lead to?;A small part of Richard's role previously included assisting the Executive Directors in the design and delivery of the external investor relations strategy
105;Overall, Group trading continues to be subdued in large part due to legacy issues;What is the main reason why the Group trading continues to be subdued?;legacy issues
106;B's product offering and advanced functionality has resulted in a market-leading customer experience and, at September 2017, B had a Net Promoter Score (NPS) of over 40. As a result, since its launch in May 2016, B has over 100,000 accounts and deposit balances of c.£1bn.;What explains B's over 100,000 accounts and deposit balances of c.£1bn since its launch in May 2016?;B's product offering and advanced functionality has resulted in a market-leading customer experience and, at September 2017, B had a Net Promoter Score (NPS) of over 40
107;Our mission to provide the best customer experience has led to an increased level of specialisation and customisation, and, as a result, the creation of specialised businesses/centres where expert managers offer the specific and customised financial advice services that our customers deserve. For this reason, we have created segments and divisions with specific knowledge bases.;What was the result of the mission to provide the best customer experience?;an increased level of specialisation and customisation, and, as a result, the creation of specialised businesses/centres where expert managers offer the specific and customised financial advice services that our customers deserve
108;(9) Mt Arthur Coal – The Total Marketable Coal Reserves decreased due to an updated reserves model with a revised reserve footprint. The increase in Reserve Life was due to a decrease in nominated production rate from 32Mtpa to 28Mtpa.;What caused the Total Marketable Coal Reserves to decrease?;an updated reserves model with a revised reserve footprint
109;• Natural catastrophe risk: The risk of one or more large events caused by nature affecting a number of policies and therefore giving rise to multiple losses. Given Beazley's risk profile, such an event could be a hurricane, major windstorm or earthquake. This risk is monitored using exposure management techniques to ensure that the risk and reward are appropriate and that the exposure is not overly concentrated in one area.;What is the effect of nature affecting a number of policies?;giving rise to multiple losses
110;The net assets of the Group have decreased from £32.6m at 31 December 2016 to £2.1m at 31 December 2017, primarily due to retained loss for the year from the business.;What led to the decrease in the Group's net assets from £32.6 million at 31 December 2016 to £2.1 million at 31 December 2017?;retained loss for the year from the business
111;Reduced number of active sales outlets due to delays in planning process leads to lower build and sales activity.;What accounts for lower build and sales activity?;Reduced number of active sales outlets due to delays in planning process
112;The Board reviews its strategic plans and objectives on an annual basis and approves Group budgets and strategies in light of these. Control is exercised at Group, regional and business level through the Group's MAP framework (as well as through the RGCs), monthly monitoring of performance by comparison;What effects do the annual reviews have?;approves Group budgets and strategies
113;Research and development expenses for the year ended 31 December 2017 amount to €10,564,000, compared to €2,344,000 for the year ended 31 December 2016. The increase of €8,220,000 is primarily due to the advancement of the Group's lead development asset, AP1 01, in 2017.;What prompted research and development expenses to increase by €8,220,000?;the advancement of the Group's lead development asset, AP1 01, in 2017
114;The Group manages macro-economic risk by building a stronger and longer order book and maintaining an appropriately sized landbank. Therefore, both measures will feature in the 2017/18 annual bonus.;What factors contribute to both measures being featured in the 2017/18 annual bonus?;The Group manages macro-economic risk by building a stronger and longer order book and maintaining an appropriately sized landbank
115;The internal transfer pricing framework is constructed to ensure that structural interest rate risk, arising due to differences in the repricing timing of assets and liabilities, is transferred to BSM and business lines are correctly allocated income and expense based on the products they write.;What is the origin of structural interest rate risk?;differences in the repricing timing of assets and liabilities
116;This increase in gross rental income came as a result of the letting progress and asset management initiatives referred to above and in previous periods, offset by £0.95 million less income as a result of disposals last year.;What led to the offset of £0.95 million less income?;disposals last year
117;The Group uses debt to partly finance its property investment. By doing so, the Group leverages its investment and is able to acquire properties without raising equity. Leverage magnifies both gains and losses, and therefore the risk of using leverage is that the loss is much greater;What is the impact of the Group using debt to partly finance its property investments?;the Group leverages its investment and is able to acquire properties without raising equity
118;The creditworthiness and potential risks relating to the banks in Ukraine are regularly reviewed by the Group, but the geopolitical and economic events since 2013 in Ukraine have significantly weakened the Ukrainian banking sector. In light of this, the Group has taken and continues to take steps to diversify its banking arrangements between a number of banks in Ukraine.;Why has the Group taken and continues to take steps to diversify its banking arrangements among several banks in Ukraine?;the geopolitical and economic events since 2013 in Ukraine have significantly weakened the Ukrainian banking sector
119;The withdrawal of Aon Hewitt from the standalone pension administration market has led to a number of its clients changing provider or looking to do so. Aon Hewitt was a sizeable player in the market and whilst we have stepped in to provide services to three of their clients under a sub-contract agreement, we have seen some of their clients choosing to move to smaller providers, where they will be among the new provider's largest clients.;What has Son Hewitt's withdrawal from the standalone pension administration market resulted in?;a number of its clients changing provider or looking to do so
120;3iN pays a performance fee based on 3iN's NAV on an annual basis, subject to a hurdle rate of return and a high watermark. The continued good performance of the assets held by 3iN resulted in the recognition of £4 million (2016: £20 million) of performance fees receivable.;What did the continued good performance of the assets held by 3iN lead to?;the recognition of £4 million (2016: £20 million) of performance fees receivable
121;• Increase political uncertainty in Europe: frictions between Italy and the EU due to the budgetary path (putting upward pressure on the transalpine premium risk) and concerns about Brexit, despite the preliminary exit agreement.;What are the drivers of the unstable political environment in Europe?;frictions between Italy and the EU due to the budgetary path (putting upward pressure on the transalpine premium risk) and concerns about Brexit, despite the preliminary exit agreement
122;"The GFSC published the Guernsey Code in 2011. The introduction to the Guernsey Code states that ""Companies which report against the UK Corporate Governance Code or the Association of Investment Companies Code of Corporate Governance are also deemed to meet this Code"". Therefore, AIC members which are Guernsey-domiciled and which report against the AIC Code are not required to report separately against the Guernsey Code.";Why are AIC members that are Guernsey-domiciled and report against the AIC Code not required to report separately against the Guernsey Code?;"The introduction to the Guernsey Code states that ""Companies which report against the UK Corporate Governance Code or the Association of Investment Companies Code of Corporate Governance are also deemed to meet this Code"""
123;The Company invests in small, mainly UK based companies, both unquoted and quoted. Smaller companies often have limited product lines, markets or financial resources and sometimes are dependent for their management on a smaller number of key individuals and hence tend to be riskier than larger businesses.;What is the reason smaller companies are prone to be riskier than larger businesses?;Smaller companies often have limited product lines, markets or financial resources and sometimes are dependent for their management on a smaller number of key individuals
124;Income tax payments increased to £10.9 million (2016: £8.5 million). The figures shown for 2016 reflected a lower than usual outflow due to advanced tax payments made in 2015. Small cash outflows were made for interest payments. Dividend payments were £18.0 million (2016: £18.0 million);What is the reason the figures for 2016 reflected a lower than usual outflow?;advanced tax payments made in 2015
125;Revenues for the year increased by 21.6% to £8.27 million (2016: £6.80 million), with gross profits increasing by 17.8% to £4.01 million (2016: £3.41 million). The improved revenue was due to increased sales of oxo-biodegradable plastic additives in several markets.;What were the consequences of the increase in sales of oxo-biodegradable plastic additives in several markets?;Revenues for the year increased by 21.6% to £8.27 million (2016: £6.80 million), with gross profits increasing by 17.8% to £4.01 million (2016: £3.41 million)
126;Market risk is the risk that the value of investments will change due to the overall performance of financial markets or macro-economic factors. It cannot be eliminated through diversification, though it can be hedged against. The Company's policy on hedging is set out on page 7.;In market risk, what leads to the change in the value of investments?;the overall performance of financial markets or macro-economic factors
127;The fundamentals of the Healthcare sector are strong, as a result of ageing populations and increasing prevalence of chronic diseases, particularly in the US. This leads to growing end-user demand which is relatively unaffected by economic cycles, thereby mitigating against the risk of a downturn.;What caused the end-user demand to grow in a manner that is relatively unaffected by economic cycles?;ageing populations and increasing prevalence of chronic diseases, particularly in the US
128;Because of the write-offs in goodwill over the past few years, the Company, in accounting terms, is currently prevented from paying a dividend. Therefore, as part of the business carried out at the Annual General Meeting, a resolution will be put forward to enable the Company to undertake a capital reduction.;What explains a resolution being put forward to enable the Company to undertake a capital reduction at the Annual General Meeting?;Because of the write-offs in goodwill over the past few years, the Company, in accounting terms, is currently prevented from paying a dividend
129;Net cash generated from operating activities was £7.0m higher than the previous year at £25.5m, largely due to the £9.4m improvement in underlying operating cash flows offset by a £2.0m increase in outflows from exceptional items and acquisition related costs.;What factor contributed to the net cash generated from operating activities increasing by £7.0m to £25.5m over the previous year?;the £9.4m improvement in underlying operating cash flows
130;It is no simple matter to quickly board several hundred passengers on the world’s largest passenger plane. This generates long waiting time for passengers and therefore dissatisfaction.;What is a common consequence of attempting the boarding of multiple people in the plane with the biggest passenger capacity?;long waiting time for passengers and therefore dissatisfaction
131;Our risk culture is also reinforced by our approach to remuneration. Individual awards, including those for senior executives, are based on compliance with the HSBC Values and the achievement of financial and non-financial objectives, which are aligned to our risk appetite and global strategy.;What factors determine individual awards at HSBC?;compliance with the HSBC Values and the achievement of financial and non-financial objectives
132;Provisions for customer compensation resulted in a £5.7m charge in the year (2016: £2.9m) predominantly due to provisions for potential claims on payment protection insurance and potential future redress payable following an evaluation during 2017 of some historical terms and conditions for a small number of mortgages.;What are the predominant factors accounting for the £5.7m charge in the year, compared to 2016's £2.9m?;provisions for potential claims on payment protection insurance and potential future redress payable following an evaluation during 2017 of some historical terms and conditions for a small number of mortgages
133;At the end of 2017 the Group's exposure to abandonment and decommissioning costs relating to the Chinguetti oil field totalled $32.5 million, based on settlement discussions with SMHPM (see Note 25 on page 87) being split between short-term provisions ($28.7 million) and trade payables ($3.8 million).;What caused the Group's exposure to abandonment and decommissioning costs relating to the Chinguetti oil field to total $32.5 million at the end of 2017?;settlement discussions with SMHPM (see Note 25 on page 87) being split between short-term provisions ($28.7 million) and trade payables ($3.8 million)
134;• Under the new policy, awards will be made as PSUs only and therefore the use of performance-based SARs will be discontinued. • As a result, the maximum opportunity level has been reduced to 600 percent of salary from 840 percent.;What caused the reduction of the maximum opportunity level to 600 percent of salary from 840 percent?;Under the new policy, awards will be made as PSUs only and therefore the use of performance-based SARs will be discontinued
135;All divisions were profitable in 2017, with Motor and Commercial reporting significant improvements in operating profit compared to 2016 due mainly to the non-repeat of the Ogden discount rate change. This was partially offset by a decrease in Home, primarily due to lower prior-year reserve releases and the impact of higher EoW claims. Rescue operating profit of £43.5 million (2016: £42.8 million) is included in the Rescue and other personal lines result.;What factors account for the partial offset caused by a decrease in Home?;lower prior-year reserve releases and the impact of higher EoW claims
136;"We understand that our customers' projects sometimes require one touchscreen or thousands, and that demand falls and rises. For that reason, we do not have a ""minimum order quantity"" as our unique manufacturing process is flexible enough to support new self-service or commercial touchscreen projects from prototyping to mass production, and through the ups and downs of its life cycle.";"What accounts for the absence of a ""minimum order quantity""?";our unique manufacturing process is flexible enough to support new self-service or commercial touchscreen projects from prototyping to mass production, and through the ups and downs of its life cycle
137;Awards under the 2014 LTAP were subject to a dividend underpin over the period April 2014 – March 2017. The conditions under the dividend underpin were met and the awards are not subject to any further performance conditions – they are therefore included in the single figure.;What is the reason for including the awards in the single figure?;The conditions under the dividend underpin were met and the awards are not subject to any further performance conditions
138;Patient Access to Patient.info platform enables citizens to view their clinical record including test results, build their own Personal Health Record which they can share with their GP, book appointments directly with their GPs, securely message their GPs and order repeat medications.;What does access to Patient.info make possible?;citizens to view their clinical record including test results, build their own Personal Health Record which they can share with their GP, book appointments directly with their GPs, securely message their GPs and order repeat medications
139;Unite Students is a service brand and the strong performance we have delivered for our customers, University partners and shareholders is only possible because of the talent and hard work of our teams across the business.;What caused the strong performance delivered by Unite Students for their customers, university partners, and shareholders;the talent and hard work of our teams across the business
140;Non-controlling interests increased from €10.0 million in 2017 to €19.0 million in 2018. The increase of €9.0 million in the period is mostly due to the inclusion of profit due to the minority interests of Inversiones Finisterre, following that acquisition in the last quarter of 2017, as well as to the one-third minority investors in Karco Engineering, acquired by the Group in May 2018, but also includes profit growth from other non wholly-owned subsidiary investments.;To what factors is the increase in non-controlling interests (from €10.0m in 2017 to €19.0m in 2018) attributable?;the inclusion of profit due to the minority interests of Inversiones Finisterre, following that acquisition in the last quarter of 2017, as well as to the one-third minority investors in Karco Engineering, acquired by the Group in May 2018
141;Other expense, net increased by $85.0 million to $561.8 million for the year ended December 31, 2017 from $476.8 million in 2016, primarily due to a full year of interest expense incurred on borrowings used to fund the acquisition of Baxalta;What factor led to net income increasing by $85.0 million to $561.8 million for the year ended December 31, 2017?;a full year of interest expense incurred on borrowings used to fund the acquisition of Baxalta
142;Over the past year, we have worked closely with Denaby Main Academy, a primary school located near our Kilner Park development in South Yorkshire. The Academy faces a number of barriers to learning, which are, in part, due to its location in one of the 10% most deprived neighborhoods.;What is part of the explanation for the number of barriers to learning that the Academy faces?;its location in one of the 10% most deprived neighborhoods
143;The strategic initiatives continued to drive margin improvement across all cost lines and coupled with the sales growth resulted in Group operating profit increasing 27% year-on-year and exceeding the budget target by 11.8%.;What arose from the ongoing strategic initiatives?;margin improvement across all cost lines
144;The Managing Director's salary is a fixed amount not related to performance. There is therefore no minimum or maximum variation.;Why is there no minimum or maximum variation?;The Managing Director's salary is a fixed amount not related to performance
145;Interest costs reduced to £0.8m (2016: £1.0m), as a result of the group's reduced borrowing costs following the refinancing in November 2016.;What factor contributed to the reduction in interest costs to £0.8m from £1.0m in 2016?;the group's reduced borrowing costs following the refinancing in November 2016
146;In civil aftermarket, organic revenue increased by 6%, reflecting good demand for spare parts on large jets and business jets. In large jets, revenue increased by 8% as a result of good growth on Boeing 737, 747 and 787.;What factor led to revenue increasing by 8% in large jets?;good growth on Boeing 737, 747 and 787
147;The strength of our solution, combined with a large marketing investment from the Televisa Group, resulted in the solution being deployed across more than 670,000 set-top boxes by the end of March 2017.;What factors led to the solution being deployed across more than 670,000 set-top boxes by the end of March 2017?;The strength of our solution, combined with a large marketing investment from the Televisa Group
148;The UK Government intends to implement legislation to equalise the GMP, resulting in an increase in the value of GMP for males.;What arises from the UK Government's decision to implement legislation to equalise the GMP?;an increase in the value of GMP for males
149;Macfarlane Group uses total turnover (£000) in the reporting period to calculate the intensity ratio, as this allows emissions to be monitored over time taking into account changes in the size of the Group. This factor was chosen because it provides the greatest degree of accuracy.;What led them to choose total turnover as the factor?;it provides the greatest degree of accuracy
150;• Expense risk: loss due to changes in the value of liabilities arising from adverse variances in expected expenses.;What are the reasons behind the risk of loss?;changes in the value of liabilities arising from adverse variances in expected expenses
151;IDH has strong, longstanding relationships with its suppliers, to whom it is a significant regional client. Due to the volumes of kits the Company purchases, IDH is able to negotiate favourable pricing that in 2016 saw the price it pays for kits rise slower than inflation;What was the consequence of the volumes of kits the Company purchases?;IDH is able to negotiate favourable pricing that in 2016 saw the price it pays for kits rise slower than inflation
152;The total EEV profit before tax for the year was £1,289.1 million (2016: £1,198.4 million). The improvement is principally due to growth in the business between the two periods arising from both strong gross inflows and positive investment performance over the last twelve months.;What factors contributed to the improvement of EEV profit before tax?;growth in the business between the two periods arising from both strong gross inflows and positive investment performance over the last twelve months
153;Scope 3 emissions account for 11,265 tCO 2e, which is a significant increase from 2015 due to including new reporting metrics such as tenant consumption and home office consumption. Methodology In order to express our annual emissions in relation to the growth of our business, and to negate the effects of acquisitions and disposals, we report GHG emissions intensity measurements, in tonnes of CO 2 per square metre of property floor area (tCO 2 e/m ).;What did the inclusion of the new reporting metrics like tenant consumption and home office consumption lead to?;Scope 3 emissions account for 11,265 tCO 2e, which is a significant increase from 2015
154;Quality Incentive Contract (QICs) bonuses were £6.9m (2016: £1.1m) as a result of improved performance against Transport for London (TfL) quality targets, reflecting route restructuring by TfL due to congestion. Like for like mileage decreased by 1.7% due to the timing of contract renewals and TFL 's route restructuring.;What caused the Quality Incentive Contract bonuses to increase to £6.9 million in 2017?;improved performance against Transport for London (TfL) quality targets, reflecting route restructuring by TfL
155;• Setting up and assessing corrective actions when risks of this kind are detected in the Group, either due to weaknesses in the existing management and controls management, or due to emerging new risks.;What do the weaknesses in the existing management and controls management, or the emerging new risks lead to?;Setting up and assessing corrective actions when risks of this kind are detected in the Group
156;Following this completion of succession planning, the Board will have the appropriate balance of skills, experience, independence and knowledge to enable it to discharge its duties and responsibilities effectively and therefore be compliant with Section B of the UK Corporate Governance Code.;Why will the Board be compliant with Section B of the UK Corporate Governance Code?;the Board will have the appropriate balance of skills, experience, independence and knowledge to enable it to discharge its duties and responsibilities effectively
157;The Board considers provisions a to c above are not relevant to the Company as it is an externally managed investment company. In particular, all of the Company's day-to-day management and administrative functions are outsourced to third parties.;What drives the Board to consider provisions a to c irrelevant to the Company?;it is an externally managed investment company
158;The Company is not within the scope of the Modern Slavery Act 2015 because it has insufficient turnover and is therefore not obliged to make a human trafficking statement.;What does the fact that the Company is not within the scope of the Modern Slavery Act 2015 owe to?;it has insufficient turnover
159;The maximum opportunity for benefits is defined by the nature of the benefits and the cost of providing them. As the cost of providing such benefits varies based on market rates and other factors, there is no formal maximum monetary value.;What is the consequence of the fact that the cost of providing benefits varies based on market rates and other factors?;there is no formal maximum monetary value
160;The reduction in construction work, vehicle fleet decrease and data scope modifications (particularly Latina's restructuring in Brazil) contributed to reducing the consumption of liquid fuels in the year, which decreased by 24.4% in turnover-related terms.;What were the causes of the decrease in liquid fuel use?;The reduction in construction work, vehicle fleet decrease and data scope modifications (particularly Latina's restructuring in Brazil)
161;The DBP award made on 31 March 2014 did not achieve either of its performance conditions based on EPS growth and TSR performance compared to the comparator group, and as a consequence, the matching award lapsed on its third anniversary of 31 March 2017.;What caused the matching award to lapse on its third anniversary of 31 March 2017?;The DBP award made on 31 March 2014 did not achieve either of its performance conditions based on EPS growth and TSR performance compared to the comparator group
162;Patrick Bousquet-Chavanne Continued improvements in online sales conversion and successful marketing campaigns to help drive store footfall. Target payment made as a result of performance against these measures.;What factor led to the target payment?;performance against these measures
163;2017 summary > Revenue impacted by lower pricing, owing to pass-through of raw material cost savings > Further commercialisation of new special filters, notably capsule, smaller diameter and visually differentiated formats > Successful transfer of a significant customer-specific product line from the US to Asia.;What explains the revenue being impacted by lower pricing?;pass-through of raw material cost savings
164;Investment into fixed assets in the year to 30 April 2017 was £20,653 (2016: £8,622). No significant investment was required in the year, due to the investment made in the previous years in technology.;What was the reason no significant investment was required in the year?;the investment made in the previous years in technology
165;We set out in 2017 to embed a culture of safer behaviour in the business, encouraging all our colleagues to recognise the importance of moving towards Zero Harm. This led to a further 25 per cent reduction in the frequency of employee lost-time injuries across the Group.;What does the further 25 per cent reduction in the frequency of employee lost-time injuries across the Group stem from?;We set out in 2017 to embed a culture of safer behaviour in the business, encouraging all our colleagues to recognise the importance of moving towards Zero Harm
166;It does not include restructuring costs and amortization of assets derived from the Logista France acquisition, due to they are not directly related to the revenues obtained by the Group in each period.;What accounts for restructuring costs and the amortization of assets?;the Logista France acquisition, due to they are not directly related to the revenues obtained by the Group in each period
167;Capital expenditure by the CAF Group in 2018 amounted to EUR 52,823 thousand. Among which, mention should be made, due to its volume and significance, of the completion of the new manufacturing plant in the UK.;What are the reasons for mentioning the completion of the new manufacturing plant in the UK?;its volume and significance
168;As a Venture Capital Trust, most of the Company's day‑to‑day responsibilities are delegated to third parties and the Directors are all non‑executive. Thus, not all the provisions of the Code are directly applicable to the Company.;Why are not not all the provisions of the Code directly applicable to the Company?;most of the Company's day‑to‑day responsibilities are delegated to third parties and the Directors are all non‑executive
169;Internal audit Chesnara has chosen to adopt a devolved, federal, model for Internal Audit. This means that each subsidiary company is responsible for the oversight of its own Internal Audit work, supervised by each local Audit & Risk Committee. As a result, the group utilises a mix of outsourced and in-house capabilities, adapted to meet the specific needs of each local market.;What accounts for the group utilising a mix of outsourced and in-house capabilities, adapted to meet the needs of each local market?;Internal audit Chesnara has chosen to adopt a devolved, federal, model for Internal Audit. This means that each subsidiary company is responsible for the oversight of its own Internal Audit work, supervised by each local Audit & Risk Committee
170;The Group uses financial instruments where applicable to assist in the management of foreign exchange and interest rate risks, principally forward exchange contracts and interest rate swaps. Emerging issues and opportunities arising as a result of the UK decision to leave the EU will be monitored.;What is the origin of the emerging issues and opportunities that will be monitored?;the UK decision to leave the EU
171;Although the Group has continued to perform very well and the Board believes that it operates successfully and with consensus, the Board acknowledges the benefits of using an external facilitator to assess its own performance and therefore it has been agreed that Prism Boardroom will facilitate an independent review of the performance of the Board during 2018.;What resulted from the Board acknowledging the benefits of using an external facilitator to assess its own performance?;it has been agreed that Prism Boardroom will facilitate an independent review of the performance of the Board during 2018
172;Due to continued ill health, Ian Springett retired from the board on 20 June 2017. We were very sorry that Ian was unable to join our board and we wish him well for the future. Paul Spence, who was already a member of the Audit Committee,;What factor led to Ian Springett retiring from the board on 20 June 2017?;continued ill health
173;In MENA, overall lending fell by $3.2bn, mainly within the UAE owing to a combination of large run-offs and repayments together with the exiting of some customer relationships. In Latin America, lending increased by $2.3bn largely in Mexico.;What factors account for the fall in overall lending by $3.2bn in MENA, mainly within the UAE?;a combination of large run-offs and repayments together with the exiting of some customer relationships
174;Statutory balance sheet analysis Since 31 March 2016: • Total shareholders' equity (including non-controlling interests) increased by 8.0% to £2.0 billion largely due to an increase in retained earnings and the issuance of shares during the period.;What did the increase in total shareholders' equity by 8.0% to £2.0 billion mainly owe to?;an increase in retained earnings and the issuance of shares during the period
175;As with any economic forecasts, the projections and likelihoods of occurrence are subject to a high degree of inherent uncertainty and therefore the actual outcomes may be significantly different to those projected. The Group considers these forecasts to represent its best estimate of the possible outcomes;Why may the actual outcomes be significantly different to those projected?;As with any economic forecasts, the projections and likelihoods of occurrence are subject to a high degree of inherent uncertainty
176;• Failed to increase the development rate due to poor contractor performance. • Continued to make progress with the construction of the Pyrites plant. • Continued to carry out complex preparation work for the deepening of the Jarillas shaft. • The infill drilling programme continues.;Why was there a failure to increase the development rate?;poor contractor performance
177;Free cash flow 2 for the year of £71.1 million was £12.6 million higher than the previous year. This was largely due to expenditure on core capital (excluding development projects) being £11.3 million lower than 2016 as a number of projects were rephased from the latter half;Why was expenditure on core capital £11.3 million lower than in 2016?;a number of projects were rephased from the latter half
178;The system of internal control is designed to identify, evaluate and manage significant risks associated with the achievement of the Group's objectives. Because of the limitations inherent in any system of internal control, this system is designed to meet the Group's particular needs and the risks to which it is exposed, rather than eliminate risk altogether. Consequently it can only provide reasonable, and not absolute, assurance against material misstatement or loss.;What explains why the system can only provide reasonable, and not absolute, assurance against material misstatement or loss?;this system is designed to meet the Group's particular needs and the risks to which it is exposed, rather than eliminate risk altogether
179;The store LFL sales result provides a good indication of performance in the underlying business and has the benefit of being widely understood. In the future, interpreting this stand-alone measure is expected to become harder as the interplay between customer journeys in stores and online becomes increasingly integrated.;What explains why interpreting this stand-alone measure is expected to become harder?;the interplay between customer journeys in stores and online becomes increasingly integrated
180;In March 2017, Mr N Hollingworth had served as a non-executive director for nine years. After this period, according to the Code, a non-executive director can no longer be considered as independent and therefore does not comply with its requirements.;Why does it not comply with its requirements?;After this period, according to the Code, a non-executive director can no longer be considered as independent
181;Adjusted profit before tax increased to $384 million, compared to $205 million in 2016, principally due to a strong rebound in performance fees. We are particularly pleased to see this rebound in fees in a year which was not a favourable environment for traditional trend following strategies.;What did a strong rebound in performance fees result in?;Adjusted profit before tax increased to $384 million, compared to $205 million in 2016
182;Group adjusted EBITDA increased by 13.7 per cent during the year mainly due to revenue growth over this period, as well as an improvement in the gross profit margin as noted above.;Why has Group adjusted EBITDA increased by 13.7 per cent during the year?;revenue growth over this period, as well as an improvement in the gross profit margin as noted above
183;Previously, the Board considered it appropriate to assess the Company's viability over rolling three-year time horizons. However, the Board now believes it to be more appropriate to make this assessment over a five-year period. This basis is deemed more appropriate due to our Portfolio Manager's long-term investment horizon;Why is it deemed more appropriate to assess the Company's viability over a five-year period?;our Portfolio Manager's long-term investment horizon
184;EU Audit Regulation reforms in relation to non-audit services has become effective and applies to the Company under these regulations as a Public Interest Entity for the preparation of the Company's 2017 Report and Financial Statements. In light of this, the Committee has approved a revised policy on non-audit services;Why has the Committee approved a revised policy on non-audit services?;EU Audit Regulation reforms in relation to non-audit services has become effective and applies to the Company under these regulations as a Public Interest Entity for the preparation of the Company's 2017 Report and Financial Statements
185;Like-for-like revenue 1 was down 3% in the year due to a reduction in customer visits. Improved cost discipline in the year led to a 2% fall in operating expenses;What reason led to like-for-like revenue being down 3% for the year?;a reduction in customer visits
186;The policy on remuneration of employees generally is to incentivise them for effective performance whilst recognising market equivalents. As such their remuneration packages are structurally different to that of the Managing Director.;Why are the remuneration packages of the employees structurally different from that of the Managing Director?;The policy on remuneration of employees generally is to incentivise them for effective performance whilst recognising market equivalents
187;Revenue shown as corporate and other comprises, principally, intersegment revenue relating to the supply of inventories, spare parts and fixed assets, and rendering management services to the Group's production entities. Intersegment revenue is recognised based on costs incurred plus a fixed margin basis. External revenue shown within corporate and other represents revenue from services provided to third parties by the Group's non-mining subsidiaries. Business segment current assets and liabilities, other than current inventory, are not reviewed by the CODM and therefore are not disclosed in these consolidated financial statements. The segment adjusted EBITDA reconciles to the profit before income tax as shown on the next page.;What are the implications of the CODM not reviewing the business segment's current assets and liabilities, excluding current inventory?;are not disclosed in these consolidated financial statements
188;• Good evolution of risk/country: since 2017, the risk premium has decreased in a significant and sustained manner, reflecting the greater confidence of international investors following the deficit adjustment in recent years and Portugal's brighter economic outlook.;What was the impact of the increased confidence of international investors after the recent deficit adjustment and of Portugal's positive economic outlook?;the risk premium has decreased in a significant and sustained manner
189;In order to release investment capacity to support UL2L prioritisation we have cancelled all development programmes where we cannot identify a commercial partnership and do not believe we can commercialise the opportunity ourselves. As a consequence, £7.2m of balance sheet investment in these products has been impaired.;What has led to the impairment of £7.2 million in balance sheet investments in these products?;In order to release investment capacity to support UL2L prioritisation we have cancelled all development programmes where we cannot identify a commercial partnership and do not believe we can commercialise the opportunity ourselves
190;The PBT threshold was met and 30.9% on the scorecard and all personal objectives were achieved. However, no element of the bonus paid out given that such payment would have brought PBT below its threshold target.;Why no element of the bonus paid out?;such payment would have brought PBT below its threshold target
191;The Committee has considered it appropriate not to disclose the actual targets for these awards as they were set at a time when the Company was a private company and as such the Board considers the underlying targets to be commercially sensitive.;Why has the Committee considered it appropriate not to disclose the actual targets for these awards?;they were set at a time when the Company was a private company and as such the Board considers the underlying targets to be commercially sensitive
192;The final piece in the return picture was the effect of currencies. The weakening Pound in the months following the Brexit vote in June 2016 contributed to your Company's returns in the 2016 financial year.;What did the Company's returns in the 2016 financial year result from?;The weakening Pound in the months following the Brexit vote in June 2016
193;Three of the Directors, Nick Leslau, Mike Brown and Sandy Gumm, are connected to the Investment Adviser and are therefore not considered independent within the meaning of the Code.;Why are three of the Directors not considered independent within the meaning of the Code?;Three of the Directors, Nick Leslau, Mike Brown and Sandy Gumm, are connected to the Investment Adviser
194;Growing market share, particularly in our Online business, remains a key priority. As such, William Hill Online net revenue growth will be proposed as a third financial measure with full prospective disclosure, reflecting an amended approach from previous years where revenue has been included within our business performance measures and only disclosed retrospectively.;What is the result of considering growing market share, especially Online business, a key priority?;William Hill Online net revenue growth will be proposed as a third financial measure with full prospective disclosure
195;"We understand that our customers' projects sometimes require one touchscreen or thousands, and that demand falls and rises. For that reason, we do not have a ""minimum order quantity"" as our unique manufacturing process is flexible enough to support new self-service or commercial touchscreen projects from prototyping to mass production, and through the ups and downs of its life cycle.";What are the consequences of understanding that projects sometimes require one touchscreen or thousands, and that demand varies?;"we do not have a ""minimum order quantity"""
196;Foreign exchange management Due to the international reach of the Group, currency transaction exposures exist. The Group has a policy in place to hedge between 75% and 100% of local foreign currency exposures on a quarterly basis, and may further hedge material firm commitments and a proportion of highly probable;Why do currency transaction exposures exist?;the international reach of the Group
197;We were encouraged to see occupancy recover in H2 2017 which, together with the addition of Waves Hotel to the portfolio, led to a revenue increase of 5% over 2016.;What factors contributed to the 5% increase in revenue over 2016?;We were encouraged to see occupancy recover in H2 2017 which, together with the addition of Waves Hotel to the portfolio
198;The Nomination Committee found, and the Board agreed, that I demonstrate independence of character and judgement and as a result it is still in the best interest of the Company that I remain on the Board and the Committees.;What explains why his continued presence on the Board and Committees is considered positive for the Company?;The Nomination Committee found, and the Board agreed, that I demonstrate independence of character and judgement
199;There are a number of risks in developing drug candidates due to a long and complex development process. Any programme must undergo extensive research to get to preclinical or clinical stage. This process takes several years and is very costly.;What factor contributes to the presence of risks in developing drug candidates?;a long and complex development process
200;Chesnara has chosen to adopt a devolved, federal, model for Internal Audit. This means that each subsidiary company is responsible for the oversight of its own Internal Audit work, supervised by each local Audit & Risk Committee. As a result, the group utilises a mix of outsourced and in-house capabilities, adapted to meet the specific needs of each local market.;What does Chesnara's choice to adopt a devolved, federal model for Internal Audit imply?;each subsidiary company is responsible for the oversight of its own Internal Audit work, supervised by each local Audit & Risk Committee
201;SUBOXONE Film had an average market share of 57% in 2017, compared to 61% in 2016, and 2017 exit share was 56%, compared to 61% exiting 2016. The decline in share during 2017 was largely due to continued competition in the most price sensitive payors;What was the reason behind the decline in share during 2017?;continued competition in the most price sensitive payors
202;The £13.2m year-on-year increase is attributable to an additional £7.6m of sales derived from acquisition growth, with the balance generated through organic growth within the Ecuphar business.;What drove the additional £7.6m of sales?;acquisition growth
203;This commitment has resulted in great success and higher customer satisfaction.;What are the positive effects of the commitment?;great success and higher customer satisfaction
204;Discretion: In the Committee's experience, directors leave for a wide variety of reasons and individual circumstances, which do not all fall within the 'good leaver' categories outlined above. The Committee therefore retains discretion to approve payments to individuals based on individual circumstances and performance while in office or employment.;According to the Committee's experience, what are the causes for directors leaving?;a wide variety of reasons and individual circumstances, which do not all fall within the 'good leaver' categories outlined above
205;The theft of confidential big data from companies, the denial-of-service attacks and phishing (using the identity of companies or public bodies in order to obtain confidential information from the victim) are the main strategies used by cybercriminals. Financial institutions are particularly exposed to this kind of manipulation and fraud as a result of their permanent contact with the public and the nature of their business, part of which involves payment systems.;What explains the vulnerability of financial institutions to manipulation and fraud by cybercriminals?;their permanent contact with the public and the nature of their business, part of which involves payment systems
206;The group has always sought to ensure corporate responsibility (CR) was a strategic priority for the business and therefore an integral part of the group's corporate strategy.;What is the reason for corporate responsibility being an integral part of the group's corporate strategy?;The group has always sought to ensure corporate responsibility (CR) was a strategic priority for the business
207;The objectives themselves are considered commercially sensitive and will therefore be disclosed on a retrospective basis in next year's annual report on remuneration (as long as such targets are no longer considered commercially sensitive at that point). This bonus is wholly payable in cash.;Why will the objectives be disclosed retrospectively in next year's annual remuneration report?;The objectives themselves are considered commercially sensitive
208;How our people behave is what determines whether we and our members prosper, so our culture is fundamentally important. We have seen all too many examples of bad things happening when companies do not behave as they say they will.;Why is their culture fundamentally important?;How our people behave is what determines whether we and our members prosper
209;We have been committed to meeting customers' evolving needs through our multi-brand and multi-channel approach and as a result customer satisfaction, as measured by net promoter score (NPS), has increased to 62.0 from 58.6 in 2014 and from 42.5 in 2011.;What did their multi-brand and multi-channel approach result in, given their commitment to meet customers' evolving needs?;customer satisfaction, as measured by net promoter score (NPS), has increased to 62.0 from 58.6 in 2014 and from 42.5 in 2011
210;As the proposals remain in draft, it is uncertain what the final requirements and timing will be. Under the BoE's statement of policy on MREL, the BoE will set MREL for UK G-SIBs as necessary to implement the TLAC standard and institution or group-specific MREL requirements will depend on the preferred resolution strategy for that institution or group.;What are the implications of the BoE's statement of policy on MREL?;the BoE will set MREL for UK G-SIBs as necessary to implement the TLAC standard and institution or group-specific MREL requirements will depend on the preferred resolution strategy for that institution or group
211;Q – WHAT WERE THE PRODUCTION HEADLINES FOR THE YEAR? A – Silver production from our mines reached a record level of 54.2 moz, due to phase I at San Julián operating at full capacity for the entire year and the start of operations of phase II;Which factors enabled their mines to achieve a record silver production of 54.2 moz?;phase I at San Julián operating at full capacity for the entire year and the start of operations of phase II
212;Feasibility study work indicates that the anticipated cost of production for polyhalite is circa US$30. At this cost, the Project would rank in the bottom quartile of potash producers and is therefore well positioned for significant price downturns.;Why is the Project well positioned for significant price downturns?;At this cost, the Project would rank in the bottom quartile of potash producers
213;After taking account of these factors, underlying revenue increased in our business channel. Wholesale revenues have declined slightly during the year as a result of lower voice revenues and, as anticipated, our non-core contact centre and publishing revenues have continued to decline.;What were the consequences of taking account of these factors?;underlying revenue increased in our business channel
214;Notwithstanding our focused efforts on building a positive safety culture which is supporting a year on year reduction in our lost time incident frequency rate, sadly, we had two work related fatalities in our Europe business as a result of vehicle accidents.;What caused the two work-related fatalities in the Europe business?;vehicle accidents
215;Actively reduce UK/domestic business travel. Note: Overseas travel is excluded because the requirement to cover news events fluctuates year-on-year and is outside the company's control.;What are the reasons behind overseas travel being excluded?;the requirement to cover news events fluctuates year-on-year and is outside the company's control
216;Finally, as a result of all the changes, we have begun to take steps to restore the management information and key performance indicators that allow our regional, area and branch managers to manage performance on instructions, listings market share, on pipeline and on exchange income.;What was the consequence of all the changes?;we have begun to take steps to restore the management information and key performance indicators that allow our regional, area and branch managers to manage performance on instructions, listings market share, on pipeline and on exchange income
217;Our overall requirement for medium-term funding issuance was lower in 2017 due to the availability of the Term Funding Scheme (TFS), which served as a replacement of some of our secured funding.;What is the cause for their overall requirement for medium-term funding issuance being lower in 2017?;the availability of the Term Funding Scheme (TFS), which served as a replacement of some of our secured funding
218;What's that building, mum? must be one of the most asked, and occasionally dreaded, questions posed on the London Eye. Not anymore, thanks to Spirent's Landslide test platform.;What is the reason London Eye is no longer met with surprise when mentioned?;Spirent's Landslide test platform
219;The Bisichi group increased its EBITDA to £3.7 million (2016: £2.4 million) mainly due to increased operating profits before depreciation from the mining activities of £4.6 million (2016: £1.2 million) offset by the group's share of losses in its joint venture of £1.8 million (2016: £nil).;What factors led to the Bisichi group increasing its EBITDA to £3.7 million from £2.4 million in 2016?;increased operating profits before depreciation from the mining activities of £4.6 million (2016: £1.2 million)
220;In its first full year as a listed company, Metro Bank has continued to grow strongly as it follows its unique business model. As such, the Audit Committee has focused on building and delivering an audit plan that works alongside the growth model and looks forwards as well as backwards.;What was the result of Metro Bank continuing to grow strongly in its first full year as a listed company by following its unique business model?;the Audit Committee has focused on building and delivering an audit plan that works alongside the growth model and looks forwards as well as backwards
221;"The growth is also due to a GEL 1.7 million increase in gain from the sale of investment properties as well as GEL 5.2 gain in the ""other"" subsection of other operating income. The latter is mainly attributable to GEL 2.6 million reimbursed taxes.";What are the reasons for the growth?;"a GEL 1.7 million increase in gain from the sale of investment properties as well as GEL 5.2 gain in the ""other"" subsection of other operating income"
222;Each of these acquisitions was carefully selected for its ability to accelerate our success in the cloud and to reinforce our Golden Triangle. Thanks to these acquisitions and the significant focus internally, we now have a comprehensive suite of cloud solutions across our Golden Triangle to take a customer from start-up all the way to enterprise in our major geographies.;What was the effect of these acquisitions and the significant internal focus?;we now have a comprehensive suite of cloud solutions across our Golden Triangle to take a customer from start-up all the way to enterprise in our major geographies
223;We remain committed to managing the Maltby pension scheme over the long term. Given the relative immaturity of the scheme, the optimal strategy is to continue to service the scheme and, hence, going forward we will no longer report the retirement benefit obligation in the Legacy category.;What are the implications of the relative immaturity of the scheme?;the optimal strategy is to continue to service the scheme
224;The Group has a significant level of trade receivables which are due to be recovered by instalments as a result of extended credit terms offered to customers by the Express Gifts Limited business. The balance of receivables comprises a significant number of individually small balances.;What explains why the Group's trade receivables are due to be recovered by instalments?;extended credit terms offered to customers by the Express Gifts Limited business
225;As noted last year for the 2016 year end accounts, D W Muir had ceased benefit accrual in 2011 and had then received a cash supplement amount in lieu of company pension contributions. As such, he has not had any further benefit accrual within the Scheme from 2011. Any inflationary increases that have occurred are in line with statutory requirements.;What explains why D W Muir has had no further benefit accrual within the Scheme since 2011?;D W Muir had ceased benefit accrual in 2011 and had then received a cash supplement amount in lieu of company pension contributions
226;Property Services continued to draw capital through the year, in light of its loss-making position.;What did the loss-making position lead to?;Property Services continued to draw capital through the year,
227;Patrick Larmon President and CEO, North America Although our business serving the food processor sector has experienced margin pressures due to the continuing consolidation of several large customers, we have again delivered strong sales and operating profit growth.;What factor is behind their business experiencing margin pressures?;the continuing consolidation of several large customers
228;The Group complied with the provisions of the Code throughout the period under review other than as detailed below: a) The Group's Non-Executive Directors have not been appointed for specified terms. The Board considers that, due to the requirement for Non-Executive Directors to stand for re-election at least annually, this practice ensures ongoing accountability and alignment with shareholder interests.;What explains why the Board considers that this practice ensures ongoing accountability and alignment with shareholder interests?;the requirement for Non-Executive Directors to stand for re-election at least annually
229;The 2017 Adjusted Effective Tax Rate decreased to 28.8% (2016: 34.0%) due to the partial release of the provision on uncertain tax positions and the recognition of tax incentives in certain jurisdictions. The rate was calculated by adjusting for the impact of UK losses.;What accounts for the decrease in the 2017 Adjusted Effective Tax Rate to 28.8%, compared to 34.0% in 2016?;the partial release of the provision on uncertain tax positions and the recognition of tax incentives in certain jurisdictions
230;On 22 June 2017, we were pleased to announce the appointment of Jessica White as Chief Financial Officer. Jessica was previously Group Financial Controller and is therefore very familiar with the way in which the Group operates.;What explains Jessica's familiarity with the way in which the Group operates?;Jessica was previously Group Financial Controller
231;We anticipate, given the items discussed, that H1 2018 net debt will be in the range of £650 to £680 million, subject to timing on asset disposals. This is then expected to reduce in the second half of the year as the first half outflows on EfW are matched with similar levels of anticipated inflows later in the year.;What is the expected reduction in the second half of the year attributed to?;the first half outflows on EfW are matched with similar levels of anticipated inflows later in the year
232;• To comply with the current tax regulations in the communities in which it operates, thus contributing to their economic and social progress, avoiding the concealment of relevant information, the illegal circumvention of tax payments and the obtaining of undue tax benefits.;What are the effects of complying with the current tax regulations in the communities in which this group operates?;contributing to their economic and social progress, avoiding the concealment of relevant information, the illegal circumvention of tax payments and the obtaining of undue tax benefits
233;Managing the climate-related risks facing our business is crucial to creating long‑term value for our customers, shareholders and the communities of which we are a part. As an occupier of approximately 400 properties worldwide, we recognise the importance of our own internal environmental targets and decarbonisation goals in reducing our direct footprint. As a life insurer, asset owner and manager, we also recognise the positive role we can play in financing the transition to a low‑carbon economy and in managing associated risks.;What are the implications of being a life insurer, asset owner and manager?;we also recognise the positive role we can play in financing the transition to a low‑carbon economy and in managing associated risks
234;Critically, we do tend to stick to problems that are relatively hard to solve, and that therefore require a relatively high level of intellectual content. There are two reasons for this. First, culturally we prefer the challenge of things that are hard to do. Second, it tends to mean we will be less subject to competitive pressures than if we were offering something that is inherently commodity-like in nature.;What are the implications of sticking to problems that are relatively hard to solve?;require a relatively high level of intellectual content
235;Share based charges increased by £0.7m due to the continued investment in the Franchise Incentive Plan and management share options to ensure both Franchisees and management are aligned with the Group's objectives and rewarded based on the performance of the Group.;What motivated the increase in share-based charges by £0.7m?;the continued investment in the Franchise Incentive Plan and management share options
236;The second Non-Executive Director position required extensive knowledge of corporate financing arrangements in companies managing balance sheet recovery. A decision was made not to use an external search consultancy or open advertising for the recruitment of that position because Mike, a candidate with outstanding experience, was available;What led to the decision not to use an external search consultancy or open advertising for the recruitment of the second Non-Executive Director position?;Mike, a candidate with outstanding experience, was available
237;Recognising that women are under-represented in our workforce (see Diversity below), we implement rules for the compensation of non-unionised employees based on gender-independent salary ranges. Currently, any differences in the compensation of men and women are primarily due to different seniorities.;What is the primary reason for any current difference in the compensation of men and women?;different seniorities
238;Rents cannot decrease as a result of the review. The Board is required to estimate how much, if any, additional revenue should be recognised in these financial statements as a result of that review. Given the uncertainty of estimating what the uplift might be, the Committee has reviewed calculations;What is the reason the Committee has reviewed calculations?;the uncertainty of estimating what the uplift might be
239;In general terms, and taking into account the evolution of recent years, the downward trend in the cost of credit continues, which stands at 4.06% at the end of December (-30 bp compared to the end of 2017), thanks to the proactive risk management, the improvements applied in the rating models in the SME portfolio, and the good overall performance in all portfolios.;What contributed to the continuation of the downward trend in the cost of credit, which stands at 4.06% at the end of December?;the proactive risk management, the improvements applied in the rating models in the SME portfolio, and the good overall performance in all portfolios
240;As a consequence of the success of the touchscreen-enabled PIZZADOOR vending machine, ADIAL 's revenue has grown by over 30% per annum over the last four years.;What did the success of the touchscreen-enabled PIZZADOOR vending machine lead to?;ADIAL 's revenue has grown by over 30% per annum over the last four years
241;The effective tax rate for the year was 9.9% (2016: 21.9%), due to the sale of our 20% shareholding in Opus on which no tax will be paid as it is eligible for the substantial shareholding exemption.;What is the reason for the effective tax rate being 9.9% for the year, compared to 21.9% in 2016?;the sale of our 20% shareholding in Opus on which no tax will be paid
242;All these statistics have improved due to portfolio and asset management initiatives which have strengthened the financial performance.;What is the reason behind the improvement of all these statistics?;portfolio and asset management initiatives which have strengthened the financial performance
243;Clontarf had held a 3% royalty on revenue arising from future operations on the Block. Clontarf did not incur any liabilities as a result of Union Oil's decision but wrote off the carrying value of the asset in the financial statements for the year ending 31 December 2017.;What did Union Oil's decision lead to?;Clontarf did not incur any liabilities
244;Our clinical platform and disease in motion-based discovery research in flu has enabled us to identify the signalling pathways that we believe are active in severe flu and create a process for identifying what could be the true levers of this disease. Our pioneering work in identifying a drug target for the treatment of severe flu (HVO-001) led to a patent application in 2017, and, if possible, we plan to leverage non-dilutive funding to advance this invention through government grants and collaborations.;What did the patent application in 2017 result from?;Our pioneering work in identifying a drug target for the treatment of severe flu (HVO-001)
245;The Bank is also subject to prepayment risk, which is the risk that the Bank will incur a financial loss because its customers and counterparties repay or request repayment earlier than expected, such as fixed rate mortgages when interest rates fall.;What factors contribute to the risk of the Bank incurring a financial loss?;its customers and counterparties repay or request repayment earlier than expected, such as fixed rate mortgages when interest rates fall
246;The Company does not have any employees and therefore there is no employee information to disclose.;Why is there no employee information to disclose?;The Company does not have any employees
247;The Board will review the learnings from 2017 and early 2018 and act to make the required changes. The Board recognises that no system of risk management can guarantee the complete elimination of unforeseen matters arising due to external factors outside its control.;What reason is behind the Board's recognition that no system of risk management can completely eliminate unforeseen issues?;external factors outside its control
248;Financial risk: As a VCT, the Company is exposed to market price risk, credit risk, liquidity risk, fair value risk, cash flow risk and interest rate risk. The Company's income and expenditure is predominantly denominated in Sterling and hence the Company has limited foreign currency risk.;Why has the Company limited foreign currency risk?;The Company's income and expenditure is predominantly denominated in Sterling
249;As a result of consideration of the Directors' input throughout the year and the Board evaluation process referred to below, the Board is satisfied that all the Directors continue to demonstrate the level of skills and commitment to be fully effective in their respective roles as members of the Board.;What was the implication of considering the Directors' input throughout the year and the Board evaluation process?;the Board is satisfied that all the Directors continue to demonstrate the level of skills and commitment to be fully effective in their respective roles as members of the Board
250;The Remuneration Committee has been involved in the governance review that commenced in 2016, with external support from PwC. As a consequence of the separation of the PLC and regulated Boards, a new position of Chairman of Charles Stanley & Co. Limited has been created.;What did the separation of the PLC and regulated Boards imply?;a new position of Chairman of Charles Stanley & Co. Limited has been created
251;Dividends are the interim and final dividends paid in respect of the financial year ended 31 December 2016 and the interim dividend paid and the final dividend recommended in respect of the financial year ended 31 December 2017. The total employee pay expenditure increase is due to the year on year exchange rate movement as well as higher bonus payments, due to bonus targets being achieved in some parts of the business.;What are the higher bonus payments owed to?;bonus targets being achieved in some parts of the business
252;Staff turnover due to perceived uncertainty during the integration process. Board of Directors and Key management At Executive and senior management level, appropriate staffing structures are in place to ensure best leadership across the Group. All key personnel have been retained post-merger and during operational integration.;What caused a staff turnover?;perceived uncertainty during the integration process
253;Based on SIG share price of 176.2p as at 31 December 2017. Note that both the Executive Directors were appointed in 2017, consequently they have not yet built up the required holding.;What does the fact that both the Executive Directors were appointed in 2017 imply?;they have not yet built up the required holding
254;The other markets, which predominantly are in the small and medium-sized ranges and are therefore open to much greater alternative supplier competitive pressures, particularly from spare capacity from consumer solution providers being Home Automation, Healthcare and Telematics, in total decreased to £0.7m (2016: £0.9m);What are the implications of the other markets predominantly being in the small and medium-sized ranges?;are therefore open to much greater alternative supplier competitive pressures, particularly from spare capacity from consumer solution providers being Home Automation, Healthcare and Telematics
255;In light of the structured performance evaluation, Patrick Reeve and Geoffrey Vero, both of whom are subject to re-election at the forthcoming Annual General Meeting, and Lyn Goleby who is subject to election at the forthcoming Annual General Meeting are considered to be effective Directors and demonstrate strong commitment to the role.;What is the reason Patrick Reeve, Geoffrey Vero, and Lyn Goleby are considered effective directors who demonstrate strong commitment to the role?;the structured performance evaluation
256;The stocks of companies in the automotive and auto components space have been affected because of the credit crisis and resultant slowdown in sales.;What is the consequence of the credit crisis and its effect on sales?;The stocks of companies in the automotive and auto components space have been affected
257;CCEP may be subject to US federal tax withholding as a result of the subscription for CCEP shares in exchange for property.;What is the reason CCEP may be subject to US federal tax withholding?;the subscription for CCEP shares in exchange for property
258;In addition, we are entering a difficult forecasting period due to Brexit.;What is Brexit's implication?;we are entering a difficult forecasting period
259;The directors have confirmed that, after due consideration, they have a reasonable expectation that the Company and the Group have adequate resources to continue in operational existence for the foreseeable future. For this reason, they continue to adopt the going concern basis in preparing the financial statements.;Why do they continue to adopt the going concern basis in preparing the financial statements?;The directors have confirmed that, after due consideration, they have a reasonable expectation that the Company and the Group have adequate resources to continue in operational existence for the foreseeable future
260;Deloitte is a member of the Remuneration Consultants Group and as such, voluntarily operates under the code of conduct in relation to executive remuneration consulting in the UK.;What are the implications of Deloitte being a member of the Remuneration Consultants Group?;voluntarily operates under the code of conduct in relation to executive remuneration consulting in the UK
261;Asset values decline as a result of macroeconomic and other external factors.;What causes asset values to decline?;macroeconomic and other external factors
262;Our delivery of efficient and effective operations is enhanced by the use of relevant technologies and the sharing of information. We are therefore subject to potential internal and external cyber threats such as computer viruses and the loss or theft of data.;What motivates the exposure to potential internal and external cyber threats, such as computer viruses and the loss or theft of data?;Our delivery of efficient and effective operations is enhanced by the use of relevant technologies and the sharing of information
263;Revenues from walk-in clients also rose 29% year-on-year, helped by improving patient volumes. The Group served 2% more walk-in patients in 2017 compared with a 4% decline in 2016. Consequently, the Company was able to achieve a 26% increase in revenue-per-patient and on 4% more tests-per-patient.;What was the effect of improving patient volumes?;Revenues from walk-in clients also rose 29% year-on-year
264;The trusting environment generated by the Group and the value created in the territories in which it is present result from a detailed Communication Plan that includes all stakeholders and is based on the corporate values. The Group's communication is characterised by maintaining close relations with its market and opinion formers based on transparency and the proximity that Euskaltel, R and Telecable enjoy with their stakeholders in the Basque Country, Galicia and Asturias, respectively. This communication and stakeholder relations model has generated reputational capital and a brand image without comparison in the sector, achieving an extraordinary degree of identification with its market, which differentiates it from its competitors to a considerable extent.;What is the consequence of the communication and stakeholder relations model generating reputational capital and a brand image without comparison in the sector, regarding the Group’s Communication Plan?;an extraordinary degree of identification with its market, which differentiates it from its competitors to a considerable extent
265;The malware, called WannaDecrypter, WannaCry or WCry, spread easily due to its ability to self-propagate an instruction in the malicious code told it to jump to other vulnerable machines if it cannot connect to a specified address. This is reminiscent of the worm outbreaks of the early 2000s.;What is the reason for the malware —known as WannaDecrypter, WannaCry, or WCry— spreading so easily?;its ability to self-propagate an instruction in the malicious code told it to jump to other vulnerable machines if it cannot connect to a specified address
266;Presentation of non-trading and exceptional items. The Group discloses non-trading and exceptional items separately due to their size or incidence to enable a better understanding of performance. This is a key judgemental area which has been subject to recent pronouncements on quantum and presentation from the Financial Reporting Council.;What is the reason the Group discloses non-trading and exceptional items separately?;their size or incidence to enable a better understanding of performance
267;Head office costs increased from £7.3 million in 2016 to £9.1 million in 2017. This was largely due to the effect of headcount increases in 2017 and staff bonuses associated with improved operating performance.;What caused head office costs to increase from £7.3 million in 2016 to £9.1 million in 2017?;the effect of headcount increases in 2017 and staff bonuses associated with improved operating performance
268;The Group retains an ownership interest in the development sites and therefore it is well placed to capitalise on any future rises in property prices. The Group tends to enter into fixed price turn-key contracts in respect of its developments in order to minimise the risk of cost overrun. The Group draws on its previous experience in running and managing developments to manage potential development risks.;What are the implications of the Group retaining an ownership interest in the development sites?;it is well placed to capitalise on any future rises in property prices
269;Continuing statutory profit before tax was $175.5 million versus an $82.2 million loss for the prior year. Free cash flow was $220.6 million (2016: $224.1 million), the decrease mainly due to a working capital outflow of $46.3 million compared to an inflow of $36.1 million in the prior year;What factor led to the free cash flow being $220.6 million in 2017, down from $224.1 million in 2016?;a working capital outflow of $46.3 million compared to an inflow of $36.1 million in the prior year
270;• Postponed the evaluation of milling capacity expansion due to positive exploration results at the Rosario-Las Casas vein.;What caused the evaluation of milling capacity to be postponed?;positive exploration results at the Rosario-Las Casas vein
271;The reduced level of reserve releases, combined with the net cost of the new quota share agreement of £1.6m, for which there was no comparable cost in the prior year, has resulted in a decrease in the profit before tax from underwriting activity to £77.1m (2016: £84.1m).;What factors drove the decrease in the profit before tax from underwriting activity to £77.1m, compared to 2016's £84.1m?;The reduced level of reserve releases, combined with the net cost of the new quota share agreement of £1.6m, for which there was no comparable cost in the prior year
272;At the forthcoming AGM, all directors, except Tim How and Baroness Morgan, will present themselves for election or re-election. Each of the directors is being unanimously recommended by the other members of the Board due to their experience, knowledge and wider management and industry experience.;What factors explain the unanimous recommendation of each of the Directors by the other members of the Board?;their experience, knowledge and wider management and industry experience
273;Each Director has confirmed that they are willing to stand for re-election at the next AGM. In light of the Board's assessment that all Directors continue to perform and provide a valuable contribution to the Board and its Committees, all Directors will submit themselves for re-election at the 2018 AGM.;What is the reason for all Directors submitting themselves for re-election at the 2018 AGM?;the Board's assessment that all Directors continue to perform and provide a valuable contribution to the Board and its Committees
274;Other manufacturing or distribution problems, including changes in manufacturing production sites, limits to manufacturing capacity due to regulatory requirements, changes in the types of products produced, or physical limitations or other business interruptions that could impact continuous supply.;What is the reason for the limits on manufacturing capacity?;regulatory requirements
275;The 2017 underwriting year was affected by the worst catastrophe losses for some years, in addition 2016 returns were lower due to softening market conditions. The 2017 losses have been fully recognised in these accounts so any improvement in the next two years will contribute to earnings.;Why were 2016 returns lower?;softening market conditions
276;The Board's policy on diversity, including gender, is to take this into account during the recruitment and appointment process. However, the Board is committed to appointing the most appropriate candidate, regardless of gender or other forms of diversity and therefore no targets have been set against which to report.;Why have no targets been set against which to report in the Board's policy on diversity?;the Board is committed to appointing the most appropriate candidate, regardless of gender or other forms of diversity
277;Asia‑Pacific (APAC) In APAC, constant currency revenue was up 25% with significant increases in both Asia and Australia. However the operating loss was only slightly less than in 2016, largely as a result of two major contracts in Australia, where adverse ground conditions, technical issues and a contractual dispute resulted in a total loss on these contracts of £14m.;What was the effect of the two major contracts in Australia experiencing adverse ground conditions, technical issues, and a contractual dispute?;a total loss on these contracts of £14m
278;As a result of this review, the Committee determined that the current Policy remained broadly fit for purpose. The main challenge we face is the cyclicality of our business which we feel can be best addressed by increasing the short-term focus on profit and the long-term focus on cash generation, which can be achieved without changing the overall levels of reward. In the light of this, we have proposed some modest changes to the Policy that are outlined below.;What arose from this review?;the Committee determined that the current Policy remained broadly fit for purpose
279;The Group maintains a number of defined benefit pension schemes for past and current employees. The ability of the pension fund to meet the projected pension payments is maintained principally through investments. Pension risk arises because the estimated market value of the pension fund assets might decline investment.;What factors lead to pension risk arising?;the estimated market value of the pension fund assets might decline investment
280;The Company's policy on Directors' service contracts is that they should be on a rolling basis without a specific end date. Klaus Heidrich's and Klaus Meng's service contracts are governed by German law, and consequently, while they provide for termination with 12 months' notice, their compensation will be based on their performance.;What are the effects of Klaus Heidrich's and Klaus Meng's service contracts being governed by German law?;while they provide for termination with 12 months' notice, their compensation will be based on their performance
281;2. T W Griffith – received a pay rise of 7% as of 1st January 2016, therefore 12 months at the increased salary this year compared to only six months last year. Plus paid in US dollars and reported in sterling.;Why did T W Griffith receive 12 months at the increased salary this year compared to only six months last year?;T W Griffith – received a pay rise of 7% as of 1st January 2016
282;The 5.8% increase in vehicle sale proceeds was predominantly driven by a higher proportion of younger stock in the overall sales mix, a consequence of the increased number of customers losing their allowance through the PIP reassessment programme.;What motivated the 5.8% increase in vehicle sale proceeds?;a higher proportion of younger stock in the overall sales mix
283;Advisors Deloitte LLP is retained to provide independent advice to the Remuneration Committee as required. Deloitte is a member of the Remuneration Consultants Group and, as such, voluntarily operates under the Code of Conduct in relation to executive remuneration consulting in the UK.;What explains Deloitte's voluntary adherence to the Code of Conduct for executive remuneration consulting in the UK?;Deloitte is a member of the Remuneration Consultants Group
284;Own sourced nickel production of 57,500 tonnes was 8,700 tonnes (13%) down on 2016, mainly due to a higher proportion of third-party feeds in the production mix, as noted above. Total production including third-party feeds was 87,100 tonnes, down 7% on 2016.;What did the higher proportion of third-party feeds in the production mix mainly result in?;Own sourced nickel production of 57,500 tonnes was 8,700 tonnes (13%) down on 2016
285;We also announced the departure of both Colin Smith and David Smith from the Board in 2017. In both cases outstanding PSP awards were pro-rated and will vest at the normal time against achievement of the relevant performance conditions. The 2015 PSP awards have lapsed as the targets were not met. Neither Colin nor David participated in any incentive plans in 2017. David Smith's contractual payments were mitigated due to his external appointment to QinetiQ.;What was the effect of David Smith's external appointment to QinetiQ?;David Smith's contractual payments were mitigated
286;The vast majority of the Group's retail products are manufactured overseas by suppliers located in China Principal Risks and Uncertainties and to a lesser extent India, Turkey, Italy and Portugal. As a result, the Group is also subject to the risks associated with international trade;Why is the Group subject to the risks associated with international trade?;The vast majority of the Group's retail products are manufactured overseas by suppliers located in China Principal Risks and Uncertainties and to a lesser extent India, Turkey, Italy and Portugal
287;The Group focuses on technology sectors which do not have large capital needs. The Group therefore has sufficient funds under management and balance sheet cash to exercise investment and operational flexibility.;Why does the Group have sufficient funds under management and balance sheet cash to exercise investment and operational flexibility?;The Group focuses on technology sectors which do not have large capital needs
288;The Group holds a number of provisions for tax contingencies in relation to various potential claims from tax authorities, which require significant judgements and estimates in relation to tax risks. The complexity is increased as a result of the large number of tax jurisdictions.;Why has the complexity increased?;the large number of tax jurisdictions
289;– The Insurance Support Services business delivered excellent top line growth, benefiting from a full year's contribution from CEGA, which secured additional business from high profile UK insurers. Overall profit was down because of our increased investment to build the capabilities of our insurance technology business.;What caused the overall profit to decrease?;our increased investment to build the capabilities of our insurance technology business
290;Richard Baker was only eligible to attend four Nomination Committee meetings in the year, due to the subject matter of the other two meetings deeming his attendance inappropriate. He was unable to attend one meeting (due to illness) but received the papers.;What was the reason Richard Baker was only eligible to attend four Nomination Committee meetings during the year?;the subject matter of the other two meetings deeming his attendance inappropriate
291;We need to have an organisational structure that supports our ambitious growth efforts – that makes it easy for us to put together powerful, targeted solutions to overcome the problems faced by potential customers. That is why from 1 April 2017 we simplified our organisational structure.;What does the existence of an organizational structure that supports ambitious growth efforts facilitate?;to put together powerful, targeted solutions to overcome the problems faced by potential customers
292;As a result of the high revenues and gross profit, profit before tax increased by 27% to $39.3 million (2016: $31.0 million). Net income for the period was $31.9 million, reflecting an increase of 25% (2016: $25.6 million). Net income included non-controlling interests of $1.5 million.;What effect did the high revenues and gross profit have?;profit before tax increased by 27% to $39.3 million (2016: $31.0 million)
293;It won't be easy, and it will take time. However, I am confident that we will deliver because no other learning company can match our scale, investment and expertise, which includes the incredible, mission-driven talent at Pearson that each day helps people make progress in their lives through learning.;What accounts for the confidence that they will deliver?;no other learning company can match our scale, investment and expertise, which includes the incredible, mission-driven talent at Pearson that each day helps people make progress in their lives through learning
294;The Company has no employees or property, and it does not purchase electricity, heat, steam or cooling for its own use. The Company outsources all services on a fee basis, and, as such it is not practical to attempt to measure or quantify emissions in respect of any outsourced energy use.;What is the consequence of the Company outsourcing all services on a fee basis?;it is not practical to attempt to measure or quantify emissions in respect of any outsourced energy use
295;As a venture capital trust, most of the Company's day-to-day responsibilities are delegated to third parties and the Directors are all non-executive. Thus, not all the provisions of the UK Code are directly applicable to the Company. Apart from the matters referred to in the following paragraphs, the requirements of the UK Code were complied with throughout the period ended 28 February 2017.;What is the effect of most of the Company's day-to-day responsibilities being delegated to third parties, with all Directors being non-executive?;not all the provisions of the UK Code are directly applicable to the Company
296;The positive gross margin in the year was €1.7 million whereas in 2016 there was a gross margin of €8.1 million. Two factors contributed to the positive margin in 2016: sales of excess polysilicon inventory at prices above the 2015 year-end valuation as a result of the rebound in polysilicon spot prices during H1 2016 and stronger wafer sales prices during that period.;What accounts for the sales of excess polysilicon inventory at prices above the 2015 year-end valuation?;the rebound in polysilicon spot prices during H1 2016
297;Our business model is focused on clients' needs and desired investment outcomes, rather than a product-led approach to engagement. This approach results in higher client satisfaction and therefore low redemption rates. We measure this by RIA.;What accounts for the higher client satisfaction and low redemption rates?;Our business model is focused on clients' needs and desired investment outcomes, rather than a product-led approach to engagement
298;Assets under management Infrastructure AUM increased to £2.9 billion (31 March 2016: £2.3 billion) principally due to 3iN's fundraising and strong portfolio performance. We are focused on managing the 3iN portfolio actively and embedding the new assets to ensure that they meet or exceed the investment plan.;What was the main reason infrastructure AUM increased to £2.9 billion from £2.3 billion as of 31 March 2016?;3iN's fundraising and strong portfolio performance
299;The effective tax rate for the year was 21.1% (FY16: 22.0%, excluding non-underlying credit received last year), higher than the UK Corporation Tax rate applicable in the period of 19.67% (FY16: 20.0%). The variance to the applicable rate is primarily due to disallowable depreciation on non-qualifying assets.;What factor explains the variance to the applicable rate?;disallowable depreciation on non-qualifying assets
300;Given the strong growth across the Group's portfolios, there will be an ongoing delay in the recognition of profits as a result of reporting impairment provisions upon origination.;What will the strong growth across the Group's portfolios bring about?;there will be an ongoing delay in the recognition of profits
301;We were very pleased to receive unanimous approval for the policy. We do not propose making any changes to the policy this year. Therefore, the main elements of the Executive Directors' packages will remain as follows: • Base salaries Salary levels (as well as overall remuneration opportunity) will be positioned to reflect experience and responsibility. • Mark Kelly's and Michael Scott's current salaries are £367,200 and £234,600 respectively. In line with other Eurocell employees, with effect from 1 April 2018, these salaries will be increased by 2%.;What will be the implications of not proposing any change to the policy this year?;the main elements of the Executive Directors' packages will remain as follows: • Base salaries Salary levels (as well as overall remuneration opportunity) will be positioned to reflect experience and responsibility. • Mark Kelly's and Michael Scott's current salaries are £367,200 and £234,600 respectively. In line with other Eurocell employees, with effect from 1 April 2018, these salaries will be increased by 2%
302;The Directors have determined that three years is an appropriate period over which to provide its viability statement because it aligns with the Group' s business planning horizon.;What led the Directors to determine that three years is an appropriate period for providing the viability statement?;it aligns with the Group' s business planning horizon
303;Due to the changing nature of the business and the evolution of the Ignite strategy, this is an area which is likely to become increasingly important over time and as such was also a key consideration when planning the succession of Board members.;What is the reason this area is also a key consideration when planning the succession of Board members?;this is an area which is likely to become increasingly important over time
304;Our water use varies considerably due to changing demands for steam generation during new product development, quality and safety assurance testing. During 2017, our global operations (excluding acquisitions) had a total water consumption of 167,000m³.;What causes their water use to vary considerably?;changing demands for steam generation during new product development, quality and safety assurance testing
305;Higher service revenue was driven by both increased engine flying hours and higher time and material activity. Overall large engine flying hours increased by 12% to 12.6 million.;What motivated higher service revenue?;both increased engine flying hours and higher time and material activity
306;We respect and promote human rights – internally and externally. We are therefore committed to maintaining fair and equal treatment of all of our employees and contractors, without discrimination. Supported by our due diligence processes, we also encourage our joint ventures, partners, suppliers and contractors to do the same. We comply with all applicable human rights laws and regulations and use the UN Guiding Principles of Business and Human Rights for guidance.;What motivates the commitment to maintaining fair and equal treatment of all contractors, without discrimination?;We respect and promote human rights – internally and externally
307;By fostering an inclusion culture, LSL is committed to diversity and equal pay, and recognise that many of its employees do not progress at the same rate. Therefore LSL has identified some of the main barriers to progression and has developed a plan to support minority groups.;What led LSL to identify some of the main barriers to progression and develop a plan to support minority groups?;By fostering an inclusion culture, LSL is committed to diversity and equal pay, and recognise that many of its employees do not progress at the same rate
308;As noted in the 2017 Interim Statement, we took the decision to withdraw from a new venture fabricating commercial ducting, which simply did not establish an economic niche in its target market place. This exit is now complete and, during the second half of the year, we have disposed of all of the stock, assets and debts from this venture which has resulted in a net loss for the full year of £370,000. In South Korea, Titon's subsidiary company, Titon Korea (51% owned), manufactures natural window ventilation products and is the national market leader with an estimated market share in this core sub-sector in excess of 75%. In fiscal 2017, it also had a very good year with revenue increasing by 34% to £9.5 million, due to higher private sector demand, and its contribution to Group profit after tax was up by 34% to £821,000.;What factors account for the increase in revenue by 34% to £9.5 million in fiscal 2017?;higher private sector demand, and its contribution to Group profit after tax was up by 34% to £821,000
309;Research and Development tax credit of £96,988 (2016: £105,813) which the Company receives, due to the amount it has invested;What is the reason the Company received a Research and Development tax credit of £96,988?;the amount it has invested
310;This decrease was generated by a £4.1 million reduction in EBITDA and a £3.6 million reduction in working capital cash flow. The reduction in working capital cash flow was driven by a £2.5 million working capital cash outflow in the period compared to a £1.1 million working capital cash inflow in the prior period.;What is the reason for the reduction in working capital cash flow?;a £2.5 million working capital cash outflow in the period compared to a £1.1 million working capital cash inflow in the prior period
311;There is an £18.2 million net deferred tax asset on the Group's balance sheet as at 30 June 2017 (30 June 2016: £14.3 million), which arises principally as a result of timing differences in the recognition of the accounting expense and actual tax deduction in connection with (i) share-based payments;What explains there is an £18.2 million net deferred tax asset on the Group's balance sheet as at 30 June 2017 (30 June 2016: £14.3 million)?;timing differences in the recognition of the accounting expense and actual tax deduction in connection with (i) share-based payments
312;Well performance, interest changes and other revisions resulted in a net increase of 3 MMboe. Virtually all of the price-related increase occurred in our Onshore US fields. In our US operations, the overall increase in proved reserves through revisions totalled 258 MMboe. This included price related additions of 269 MMboe and a net reduction of 19 MMboe related to performance and other revisions in our Onshore US operations.;What did well performance, interest changes and other revisions lead to?;a net increase of 3 MMboe
313;Our PGM investment, a 6% stake in Sedibelo, had its ninth year of production. Due to the continued challenging price environment, the company remains focussed on minimising production costs and on cash preservation. Whilst other pro- ducers have raised equity to survive, Sedibelo has not been back to its shareholders;What did the continued challenging price environment entail?;the company remains focussed on minimising production costs and on cash preservation
314;PHP's sector-leading metrics continue to remain strong and we remain focused on the organic rental growth deriving from our existing assets. This growth arises mainly from rent reviews and asset management projects (extensions, refurbishments and lease re-gears).;What is PHP's organic rental growth mainly owed to?;rent reviews and asset management projects (extensions, refurbishments and lease re-gears)
315;The Group recorded a net cash cost of 66 USc/lb, which continues to place the Group's operations competitively on the global cost curve and among the lowest of pure-play copper producers. The increase in net cash cost compared to the prior year is due to a higher proportion of Aktogay volumes, which impacted the cost structure.;What accounts for the increase in net cash cost compared to the prior year?;a higher proportion of Aktogay volumes, which impacted the cost structure
316;The tax rate on trading results 1 was 17.1% (2016: 23.8%). This is a considerable reduction on the 2016 rate and is mainly due to a one-off benefit following the conclusion of a US tax audit, further progress in improving our tax rate, tax provision releases following expiry of statute of limitations and a beneficial geographical mix of profits.;What were the main reasons for the tax rate on trading results being 17.1% in 2017 compared to 23.8% in 2016?;a one-off benefit following the conclusion of a US tax audit, further progress in improving our tax rate, tax provision releases following expiry of statute of limitations and a beneficial geographical mix of profits
317;"Capital expenditure was £3.5 million in FY2017 which compares with £2.3 million in FY2016. This increase arose because significant investment was made in the year to increase our capacity and capabilities across the Group for future growth. Specific capital expenditure in the year included: additional capacity to the Films division through the installation of a new extrusion line; adding new extrusion lines at Bell Plastics to meet increased demands from existing and new customers; and adding new injection moulding machines for a new bearings project and further investment in tooling.";What did the increase in capital expenditure to £3.5 million in FY2017, compared to £2.3 million in FY2016, result from?;significant investment was made in the year to increase our capacity and capabilities across the Group for future growth
318;The net decrease in current assets of $153.2m is due to a decrease in short-term deposits which have been used to fund additional capital investment in the business. The increase in current liabilities of $115.6m to $864.5m (2016: $748.9m) largely relates to an increase in trade and other payables;What was the consequence of an increase in trade and other payables?;The increase in current liabilities of $115.6m to $864.5m (2016: $748.9m)
319;Total current assets decreased to US$118.4 million (2016: US$ 125.7 million), with cash decreasing primarily as a result of the dividend payments and the purchase of own shares. Current liabilities increased to US$25.1 million (2016: US$ 11.7 million) mainly due to the merchant processing liabilities of US$11.0 million and increase;What factor contributed to the decrease in total current assets to US$118.4 million?;the dividend payments and the purchase of own shares
320;Developed infrastructure, although development rates declined due to lower productivity from contractors and equipment mechanical failures.;What was the effect of lower productivity from contractors and equipment mechanical failures?;Developed infrastructure, although development rates declined
321;Maintenance revenue increased by £5.1 million, or 31%, to £21.8 million (2016:£16.7 million), primarily due to increases in customer portfolio sizes which triggered increased license and maintenance payments and stepped increases after implementations have completed. Such payments accounted for £3.3 million, with the remainder coming from the underlying customer base or new customers.;What accounts for the £5.1 million increase in maintenance revenue, which represents a 31% rise, reaching £21.8 million?;increases in customer portfolio sizes
322;As a result of the steps RBS had already taken to strengthen its capital position, a revised capital plan was not required by the PRA.;What reason was behind the PRA not requiring a revised capital plan?;the steps RBS had already taken to strengthen its capital position
323;The effectiveness of these mitigation strategies can change over time, for example with the acquisition or disposal of businesses. Some of these risks remain beyond the direct control of management. The risk management programme, including risk assessments, can therefore only provide reasonable but not absolute assurance that risks are managed correctly.;What are the reasons that the risk management program can only provide reasonable —but not absolute— assurance that risks are managed correctly?;The effectiveness of these mitigation strategies can change over time, for example with the acquisition or disposal of businesses. Some of these risks remain beyond the direct control of management
324;Exchange rates were important this year. In essence, in FY16 there were ten months 'pre-Brexit' and two months post. Therefore, there was a more pronounced effect this year of the stronger US Dollar and Euro. At constant currency, revenue grew by 13%.;Why was there a more pronounced effect this year of the stronger US Dollar and Euro?;Exchange rates were important this year. In essence, in FY16 there were ten months 'pre-Brexit' and two months post
325;Total assets under management amounted to EUR 329 billion, 2% lower than in 2017, affected by the instability in markets, which generated depreciation of assets, particularly in custody, but also in marketed investment products.;What led to the depreciation of assets in custody and marketed investment products and the 2% decrease of the total assets under management in comparison to 2017?;the instability in markets
326;Whilst Richard Williams' fee was increased as a result of his role as Chairman of the Nomination and Remuneration Committee, he ceased to support management in developing Zegona's investor relations strategy, meaning his total earnings did not change.;What was the implication of Richard Williams ceasing to support management in developing Begonia's investor relations strategy?;his total earnings did not change
327;Commissioning problems with the new remote-controlled scoop fleet, significantly reduced stope production during these months and it was therefore necessary to use development ore as alternative mill feed.;What explains the necessity of using development ore as an alternative mill feed?;Commissioning problems with the new remote-controlled scoop fleet, significantly reduced stope production during these months
328;"In defined benefit pension plans, the level of pension benefit is known. Therefore, the level of contributions required by HSBC will vary due to a number of risks, including: • investments delivering a return below that required to provide the projected plan benefits; HSBC Holdings plc Annual Report and Accounts";What are the reasons the level of contributions required by HSBC will vary?;"a number of risks, including: • investments delivering a return below that required to provide the projected plan benefits; HSBC Holdings plc Annual Report and Accounts"
329;Goodwill increased by £15.2m from £70.8m to £86.0m due to additions of £14.9m arising from businesses acquired in the period, the reallocation of £1.3m of assets between goodwill and intangibles (note 12) and exchange rate movements of £0.5m.;What motivated the £15.2m increase in goodwill from £70.8m to £86.0m?;additions of £14.9m
330;This risk is considered extremely low due to the Investment Adviser's detailed internal sign off procedures involving a team independent of the acquisition reviewing against all policies and procedures.;What drives the risk being considered extremely low?;the Investment Adviser's detailed internal sign off procedures involving a team independent of the acquisition reviewing against all policies and procedures
331;It should be underlined that buses with alternative propulsion systems, in particular hybrid and electrical systems, are becoming an increasingly important part of Solaris’ sales and products. In 2018 a total of 36% of all contracts concluded by the company involved the supply of low- or zero-emission vehicles. 107 electric buses were delivered to customers in Belgium, the Czech Republic, Spain, Germany, Norway, Poland, Romania, Slovakia, Sweden and Italy in 2018. Consequently, with a 17%1 market share, Solaris was one of the leading European companies in the electric mobility segment. In this connection, it should be highlighted that the Solaris Urbino 12 electric bus was crowned 'Bus of the Year' as the best city bus in 2017.;What was the effect of 36% of all contracts concluded by the company involving the supply of low- or zero-emission vehicles alongside the delivery of 107 electric buses to customers in different European countries?;with a 17%1 market share, Solaris was one of the leading European companies in the electric mobility segment
332;"The impacts of these risks may be felt in fines and inspections relating to breaches of environmental laws, irrevocable damage to the ecosystem and the effect on the milieu (population, etc.) as well as the additional cost to the CAF Group’s operations of the adverse effects of climate change. These impacts directly affect the short term; however, the last two impacts can also have medium-term effects since the environmental impacts are sustained over time. In this regard, it must be stated that no provisions have been recognised or guarantees given for environmental risks, since the Group does not have any litigation in progress or contingencies relating to environmental protection and improvement or environmental pollution events.";What effect does the Group not having any litigation in progress or contingencies relating to environmental protection and improvement or environmental pollution events entail?;no provisions have been recognised or guarantees given for environmental risks
333;Statutory balance sheet analysis. Since 31 March 2016: • Total shareholders' equity (including non-controlling interests) increased by 7.4% to £2.0 billion largely due to an increase in retained earnings.;What did an increase in retained earning lead to?;Total shareholders' equity (including non-controlling interests) increased by 7.4% to £2.0 billion
334;Reduced service to customers due to lack of reliable management information putting the Group at a competitive disadvantage.;What does a reduced service to customers result from?;lack of reliable management information
335;There were a number of changes to our Board in 2015/16, and when the 2016 external review was held new relationships and ways of working were still being established. We therefore decided to ask Lorna Parker, an independent Board evaluation consultant who carried out the external evaluation in 2016, to do a follow-up review in 2017.;What explains the decision to ask Lorna Parker, the independent Board evaluation consultant who conducted the external evaluation in 2016, to perform a follow-up review in 2017?;There were a number of changes to our Board in 2015/16, and when the 2016 external review was held new relationships and ways of working were still being established
336;Total assets have reduced primarily as a result of a decrease in financial assets of £44.4m, which coincides with the release of surplus solvency capital from the Group's underwriting business.;What was the main reason for the reduction in total assets?;a decrease in financial assets of £44.4m
337;• Administrative expenses and amortisations increased 5%, slightly more than total income, due to investments in IT and innovation and the higher costs of the collective salary agreement. The efficiency ratio remained at around 41%.;What caused the 5% increase of administrative expenses and amortisations?;investments in IT and innovation and the higher costs of the collective salary agreement
338;As in India, prices in the Bangladesh market were under pressure during the first half of the year due to high levels of prior year's stock remaining unsold.;What factor led to prices in the Bangladesh market being under pressure during the first half of the year?;high levels of prior year's stock remaining unsold
339;During 2018, the Group made several acquisitions and completed the integration of the companies acquired during 2017. These acquisitions resulted in an increase of frequency of reporting due to the higher volume of the Group, but in absolute terms, the trend has improved.;What happened because of the Group’s acquisitions in 2018?;an increase of frequency of reporting due to the higher volume of the Group
340;In 2018, services incurred a slightly upward trend, given that their inflation rate increased, driven, above all, by communications, tourism and hospitality and prices associated with housing. On the other hand, transport prices increased by 0.2%, versus 1.9% the previous year, a situation affected by the moderation in fuels and combustibles. Food experienced an off-setting trend due to the growth of inflation, given that its prices increased by 1.3% (1.7% in 2017). By segment, processed foods had an annual comparison of 0.5% versus 1.2%, which contrasts with the rebound in the inflation rate for fresh foods (3.2%, the highest closing rate in six years). The growth in GDP in 2018 stood at 2.5% (3% in 2017) and amounted to €1,206,878 million.;What was the main factor behind the increase of services in 2018?;their inflation rate increased, driven, above all, by communications, tourism and hospitality and prices associated with housing
341;This chart shows National Grid plc's eight-year annual total shareholder return (TSR) performance against the FTSE 100 Index since 31 March 2009. The FTSE 100 Index has been chosen because it is the widely recognised performance benchmark for large companies in the UK.;What has been the decisive factor behind selecting the FTSE 100 Index?;it is the widely recognised performance benchmark for large companies in the UK
342;We believe that it is correct to recognise the strong performance of our Executive Directors and other top performing staff. This has resulted in significantly improved underlying financial performance by the Group, which in turn has driven good returns for our shareholders and increased the size of the business.;What was the outcome of recognising the strong performance of the Executive Directors and other top performing staff?;significantly improved underlying financial performance by the Group
343;The Group also performed reverse stress tests to help Executive management understand the full continuum of adverse impact and therefore the level of stress at which the Group would breach its individual capital and liquidity guidance requirements as set by the Regulator under the ICAAP and ILAAP processes.;What is understood as a result of comprehending the full continuum of adverse impact?;the level of stress at which the Group would breach its individual capital and liquidity guidance requirements
344;No Director has a service contract with the Company and, as such, no Director is entitled to compensation payments upon termination of their appointment or loss of office.;Why is no Director is entitled to compensation payments upon termination of their appointment or loss of office?;No Director has a service contract with the Company
345;In light of the regulatory consultations, lower levels of market volatility, and the large white label partners deal in Australia with ANZ Bank, the CEO, in conjunction with the Board, has taken the opportunity to review the executive management structure and make strategic adjustments to better align with the company's future objectives.;What factors have facilitated the CEO, in conjunction with the Board, in reviewing the executive management structure and making strategic adjustments to better align with the company's future objectives?;the regulatory consultations, lower levels of market volatility, and the large white label partners deal in Australia with ANZ Bank
346;"The decrease in transfer value in 2017 was as a result of financial conditions over the year; the increase in age of the member; and changes in the cash equivalent transfer value calculation basis.";What caused the decrease in transfer value in 2017?;"financial conditions over the year; the increase in age of the member; and changes in the cash equivalent transfer value calculation basis"
347;Due to the modest size of the Group, the Board is able to maintain a close direct control over all activities of the Group and does not believe it would be cost efficient to operate a separate internal audit function.;What are the implications of the Group's modest size?;the Board is able to maintain a close direct control over all activities of the Group and does not believe it would be cost efficient to operate a separate internal audit function
348;Group net assets at the year-end were £995,864 (2016: £1,166,089), a decrease of £170,225 (14.6%) due to net losses in the year generated from other operating costs from site costs written off.;What was the effect of writing off site costs on other operating costs?;net losses in the year
349;Net current assets reduced to £9.1 million (2016: £10.0 million). This decrease is predominantly due to net investment in working capital in the year.;What does the £9.1 million reduction in net current assets arise from, compared to 2016's £10.0 million?;net investment in working capital in the year
350;This 4% real growth above RPI per annum is driven by continued outperformance of our water business and by the significant investments we are making in Viridor which is successfully delivering on its targeted contribution to Group earnings. We are actively seeking further opportunities for growth beyond 2020 with the aim of sustaining a sector-leading dividend policy over the longer term.;What factors led to this 4% real growth above RPI per annum?;continued outperformance of our water business and by the significant investments we are making in Viridor which is successfully delivering on its targeted contribution to Group earnings
351;The evolution during the year can be differentiated in two periods, a highly positive first semester, driven by better prices, derived from a product mix with a higher added value, a greater balance between the supply and demand and the dynamism in the American OCTG market. That semester closed with an EBITDA of €14.4m. Despite the growth in sales, the second semester was burdened by the slowing of investment in the oil sector due to the drop in the price of crude and the duty of 25 percent imposed on steel imports to the United States, which negatively afflicted the GROUP'S sales, closing the semester with an EBITDA of €4.3m.;What explains a highly positive first semester which closed with an EBITDA of €14.4m?;better prices, derived from a product mix with a higher added value, a greater balance between the supply and demand and the dynamism in the American OCTG market
352;"The Board has reviewed the timeframe over which it makes this assessment and continues to believe that three years is the appropriate timeframe to assess viability. This conclusion is reached as a result of: • alignment with detailed planning undertaken for a period of three years within the strategic planning process, which is used by the Group in assessing business performance and taking strategic decisions; • the relatively short-term nature of some of our more significant risks, such as the potential for disruption in our customer-facing markets, where we monitor the risks and available mitigations frequently; • the commodity markets in which the Group operates where transparent and executable pricing is generally only available for a three-year period, allowing market-based information to be used within our forecasts for this period; and • increasing uncertainty inherent in estimations beyond this period.";What are the factors influencing the Board's conclusion that three years is the appropriate timeframe to assess viability?;"alignment with detailed planning undertaken for a period of three years within the strategic planning process, which is used by the Group in assessing business performance and taking strategic decisions; • the relatively short-term nature of some of our more significant risks, such as the potential for disruption in our customer-facing markets, where we monitor the risks and available mitigations frequently; • the commodity markets in which the Group operates where transparent and executable pricing is generally only available for a three-year period, allowing market-based information to be used within our forecasts for this period; and • increasing uncertainty inherent in estimations beyond this period"
353;The Group has delivered sales of £8.9bn, operating profit before exceptional items of £407.5m, EPS of 67.0p (adjusted) and ROCE of 30%. The rewards payable for the Executive Directors as a result of the Group's performance are set out on pages 70 to 73;What determined the rewards payable for the Executive Directors?;the Group's performance
354;The Board considers the strategic objectives to be commercially sensitive and therefore will not be disclosing these objectives prospectively. However, it is intended that these objectives will be disclosed retrospectively within two years.;Why will the Board not be disclosing the strategic objectives prospectively?;The Board considers the strategic objectives to be commercially sensitive
355;Reviewing whether the Company should have an internal audit function. Again it was concluded that this was not required because of the simplicity of the Group's centralised business model combined with existing assurance activity in key control areas.;What led to the conclusion that having an internal audit function was not required?;the Group's centralised business model combined with existing assurance activity in key control areas
356;Risk Management Framework Operating in the construction industry, risk is at the heart of everything we do. We therefore have well-embedded risk and control processes in place to manage both material and day-to-day circumstances.;Why do they have well-embedded risk and control processes in place to manage material and day-to-day circumstances?;risk is at the heart of everything we do
357;The directors are proposing to increase the aggregate annual limit on directors' fees set out in the articles of association from £125,000 to £200,000. The current limit effectively restricts the number of directors to four, thus stopping the board from being able to enhance its skillset by bringing on one or more additional directors.;What does the current limit of four directors result in?;stopping the board from being able to enhance its skillset by bringing on one or more additional directors
358;The LTIP rules permit the substitution or variance of performance conditions to produce a fairer measure of performance as a result of an unforeseen event or transaction and include discretions for upwards adjustment to the number of shares to be realised in the event of a takeover;What led to the LTIP rules permitting the substitution or variance of performance conditions to produce a fairer measure of performance?;an unforeseen event or transaction
359;The current Directors' Remuneration Policy was adopted by the shareholders at our 2014 AGM and, under company law, shareholders must be asked to approve a new Policy at least every three years.;What are the implications of company law?;shareholders must be asked to approve a new Policy at least every three years
360;Advanced technology supports the Applus+ leadership position in the TIC sector. This helps our clients to find a solution to the challenges arising from their industrial practices and manufacturing processes.;What factors lead to Applus+ clients’ challenges?;their industrial practices and manufacturing processes
361;Prior year adjustments totalling £4.4m arise primarily from adjustments to amounts provided following the filing of tax returns and as a result of the expiration of statutes of limitations and closure of tax authority audits.;What factors primarily explain why the prior year adjustments totaling £4.4 million arose?;adjustments to amounts provided following the filing of tax returns and as a result of the expiration of statutes of limitations and closure of tax authority audits
362;RIA is the opening AUM/NUM of lost institutional clients, divided by total opening AUM/NUM. It excludes pension clients which have entered the Pension Protection Fund due to sponsor default or pensions who have moved to buy-in or buy-out, and redemptions arising fund benefit payments.;What causes the exclusion of pension clients which have entered the Pension Protection Fund?;sponsor default or pensions who have moved to buy-in or buy-out, and redemptions arising fund benefit payments
363;Stephen is Chairman of CBRE UK and is a member of their Management Board. The Valuation Advisory Division of CBRE acts as the Group's external valuer and, recognising the effect that this may potentially have on the perception of his independence, and in view of this continuing relationship, the Board has rigorously evaluated Stephen's independence as a Non-Executive Director and any potential conflicts.;What were the consequences of questioning Stephen's independence given that he continues to be Chairman of CBRE UK's Management Board?;the Board has rigorously evaluated Stephen's independence as a Non-Executive Director and any potential conflicts
364;Based on a preliminary investigation the Company believes the root cause of the issue originated with the design of an ancillary system and is not a result of a flaw in the core Velocys FT technology;What does the Company believe to be the root cause of the issue based on the preliminary investigation?;the design of an ancillary system and is not a result of a flaw in the core Velocys FT technology
365;Translation of the Group's non-Sterling denominated balance sheet resulted in a foreign exchange translation gain of £7.8 million, principally as a result of the strength of the US dollar against Sterling. The sensitivity of the Group to exchange rate movements, including GBP:USD, is shown in note 21.;What was the outcome of translating the Group's non-Sterling denominated balance sheet with a strong US dollar against Sterling?;a foreign exchange translation gain of £7.8 million
366;Asset management sales and staircasing performed strongly this year, contributing £8.6 m (2016: £3.5m) to the overall surplus. This result is driven in part by increased numbers of units sold and in part by higher surplus per property due to the type of dwelling sold.;What caused a higher surplus per property?;the type of dwelling sold
367;5. Helen Grantham held an interim position during 2016 and therefore was not eligible to participate in the 2016-18 LTIP scheme. 6. Adjustment has been made to Pippa Wicks' grant salary due to a change in working hours during the performance period.;What was the reason for the adjustment made to Pippa Wicks' grant salary?;a change in working hours during the performance period
368;MY BEST FAILURE is a digital platform enabling the ENEL group's employees to share our cases of 'constructive failure' as a means of learning, contributing to the creation of a culture unafraid of making mistakes, fostering experimentation and the capacity of taking risks within the global organisation. ENDESA has a considerable interest in working with entrepreneurs and start-ups due to their capacity for disruptive innovation, the use they make of technology, their know-how and their dexterity in developing products and services. The ENEL Innovation Hub Spain continued developing the relationship with the entrepreneurial ecosystems of Spain and Portugal and other European ecosystems and researched European start-ups of interest to the group's companies. Additionally, as part of the ENDESA Energy Challenges platform, the ENERGY FOR ENTREPRENEURS programme was developed as a direct contact to receive proposals directly from both start-ups as well as individual entrepreneurs. (http://endesaenergychallenges.com/es/entrepreneurs/);What causes the interest of ENDESA in collaborating with enterpreneurs and start-ups?;their capacity for disruptive innovation, the use they make of technology, their know-how and their dexterity in developing products and services
369;Charges for other provisions of £15.1m (2016: £8.8m) relate mainly to commission clawbacks in the Connells group, which resulted in provisions charges of £11.4m during the year (2016: £5.7m). These arise in the ordinary course of business and have increased since 2016 predominantly as a result of an increase in the volume of business written.;What accounts for the increase in provision charges since 2016 arising from the ordinary course of business?;an increase in the volume of business written
370;The effective tax rate on adjusted earnings in 2017 was 11.1% compared with an effective rate of 16.5% in 2016. The decrease in tax rate was primarily due to uncertain tax position provision releases due to the expiry of relevant statutes of limitation.;What effect did the expiry of relevant statutes of limitation have?;uncertain tax position provision releases
371;During the year, individual Non-executive Directors visited the Shoeburyness and Boscombe Down sites in the UK and the Waltham site in the USA, as a result of specific requests.;What did specific requests lead to?;During the year, individual Non-executive Directors visited the Shoeburyness and Boscombe Down sites in the UK and the Waltham site in the USA
372;The oil distribution business saw sales volumes decline 3.5%, which was a resilient performance given the mild weather conditions, with ambient temperatures during winter and spring higher than the prior year. Our continued good performance can be attributed to our product offer and excellent levels of customer service.;What explains the resilient performance of the oil distribution business despite a 3.5% decline in sales volumes?;the mild weather conditions, with ambient temperatures during winter and spring higher than the prior year
373;The Board continue to prioritise the use of cash for the acceleration of the strategy by investing further in the existing store estate, while also reducing the fixed occupancy costs as quickly as possible. As a result, it has taken the decision not to pay a final dividend (2016: nil).;Why has the Board decided not to pay a final dividend?;The Board continue to prioritise the use of cash for the acceleration of the strategy by investing further in the existing store estate, while also reducing the fixed occupancy costs as quickly as possible
374;Overall, net assets have increased by £112.0 million to £775.4 million since 31 December 2016. This increase is due to several factors, including the acquisition of the Empire Newcastle cinema with net assets of £10.3 million, movements in other non-current assets amounting to £82.2 million—primarily related to foreign currency translation gains—among other reasons.;What factors contributed to the increase in net assets from £663.4 million to £775.4 million since 31 December 2016?;several factors, including the acquisition of the Empire Newcastle cinema with net assets of £10.3 million, movements in other non-current assets amounting to £82.2 million—primarily related to foreign currency translation gains—among other reasons
375;Net assets per share increased to 50.7p (2016: 25.3p). The increase is primarily due to the improvement in the position on the defined benefit pension scheme.;What was the primary cause of the net assets per share increasing to 50.7p this year, compared to 25.3p in 2016?;the improvement in the position on the defined benefit pension scheme
376;Almirall's share price was boosted by 2018's solid operational performance and the methodical execution of our medical dermatology strategy, including several concurrent launches and rollouts. The closure of the acquisition of Allergan’s US medical dermatology portfolio in September was particularly transformative and led to a strong share price performance that substantially outperformed the IBEX 35.;What was the impact of the closure of the acquisition of Allergan’s US medical dermatology portfolio in September?;a strong share price performance that substantially outperformed the IBEX 35
377;This result illustrates how our mining team regained momentum in the last nine months. This was achieved as a result of the decisive action taken, including senior management changes, a flatter operational management structure reporting to me, by-passing the role of Chief Operations Officer and by leveraging our relationship with our partners.;What factors account for the mining team regaining momentum in the last nine months, as suggested by the results?;the decisive action taken, including senior management changes, a flatter operational management structure reporting to me, by-passing the role of Chief Operations Officer and by leveraging our relationship with our partners
378;It should be noted that as an investment trust, all the Directors are non-executive and most of the Company's day-to-day responsibilities are delegated to third parties. Consequently, the Company has not reported on those provisions of the UK Corporate Governance Code relating to the role of the Chief Executive;Why has the Company the Company not reported on those provisions of the UK Corporate Governance Code relating to the role of the Chief Executive?;all the Directors are non-executive and most of the Company's day-to-day responsibilities are delegated to third parties
379;Tea prices in Malawi were ﬁrm throughout 2017 due to strong demand resulting from an undersupplied Kenyan market. Our average tea selling price for the year was 21.2% higher than the previous year.;What was the cause of the tea prices in Malawi remaining firm throughout 2017?;strong demand resulting from an undersupplied Kenyan market
380;The Group's outcome-orientated approach, which focuses on tailoring solutions using the Group's various skillsets in order to achieve client outcomes, has conduct at its core. Therefore, in assessing the Group's risks, the Directors have considered the FCA's 11 principles for businesses.;What motivated the Directors to consider the FCA's 11 principles for business when assessing the Group's risk?;The Group's outcome-orientated approach, which focuses on tailoring solutions using the Group's various skillsets in order to achieve client outcomes, has conduct at its core
381;After 23 years' service, Ivan Fallon has indicated his intention to retire and he will therefore not be seeking re-election to the Board at this year's AGM.;Why will Ivan Fallon not be seeking re-election to the Board at this year's AGM?;Ivan Fallon has indicated his intention to retire
382;The Group’s net interest income for 2018 stands at EUR 4,907 million (+3.4% from 2017). In the environment of continued low interest rates, this growth is due to: • Increase in loan profitability (+7 basis points) due to the generation of higher rates and the mix with more profitable segments that compensate for the negative repricing in the mortgage portfolio. Doubtful loans and recoveries also contribute to the rise in credit rate.;What caused the growth of the Group's net interest income?;Increase in loan profitability (+7 basis points) due to the generation of higher rates and the mix with more profitable segments that compensate for the negative repricing in the mortgage portfolio
383;The Company is an Authorised Closed-Ended investment company incorporated in Guernsey. It is subject to certain ongoing obligations to the Guernsey Financial Services Commission as a result of its regulatory status as an Authorised Closed-Ended Investment Scheme.;What explains the Company's ongoing obligations to the Guernsey Financial Services Commission?;its regulatory status as an Authorised Closed-Ended Investment Scheme
384;The LATAM area experienced a drop in profits due to worse results in the Brazil bank channel, due to an increase in acquisition expenses in the Life Risk business and an increase in loss experience in Automobile in the agent channel.;What are the key indicators for LATAM area’s drop in profits?;worse results in the Brazil bank channel, due to an increase in acquisition expenses in the Life Risk business and an increase in loss experience in Automobile in the agent channel
385;Our leaner, more efficient operating model has enabled us to improve our speed to take new offers to market, for example digital, rewards and bundling.;What has their leaner, more efficient operating model facilitated?;to improve our speed to take new offers to market, for example digital, rewards and bundling
386;Production from the non-operated Elgin-Franklin field (5.2 per cent interest) was marginally below budget, averaging 5.4 kboepd (net). Strong underlying field performance, resulting from an ongoing infill drilling campaign, was offset by an extended summer maintenance shutdown needed to replace a large platform riser shutdown valve.;What was the cause of the strong underlying performance?;an ongoing infill drilling campaign
387;The Board considered the time commitment of the Chairman, in light of his other time commitments, as noted in his biography on page 40 and concluded that he fully satisfied his obligations to the Group. There has been no change in his other time commitments since last year.;What factor led the Board to conclude that the Chairman fully satisfied his obligations to the Group, considering his time commitment?;his other time commitments
388;Warehouse & distribution's margins improved as a result of greater efficiency in our warehousing and distribution operations.;What accounts for the increase in warehouse & distribution's margins?;greater efficiency in our warehousing and distribution operations
389;After launching in September 2017, the European rollout for Skilarence® went according to plan in 2018, generating strong sales volume and market share. The initial sales evolution after the launch in the UK, Germany, Netherlands, Nordic Countries, Belgium, and Spain has met our forecast, generating sales of €18 MM and over 28,000 units sold in Q4 2018, driven by strong performance in Germany and The Netherlands. The launch sequence continues with recent launches in Italy, with Portugal, Slovakia, the Czech Republic and Belgium anticipated shortly.;What were the effects of the initial launch of Skilarence® in the UK, Germany, Netherlands, Nordic Countries, Belgium, and Spain, followed by recent launches in Italy and other European countries?;strong sales volume and market share
390;The statutory result for the year after tax, exceptional items and IAS19 interest was a profit of £11.7m (2016: £12.6m). The Group's effective tax rate decreased to 14% (2016: 17%) due to the utilisation of prior year losses and capital allowances.;What is the reason for the decrease in the Group's effective tax rate to 14% this year, compared to 17% in 2016?;the utilisation of prior year losses and capital allowances
391;The underlying increase in ongoing annual taxable benefits ( excluding this relocation allowance) was 26%. The slight drop in the value of taxable benefits for the GMT is due to a decrease in the Private Medical insurance cost in the UK.;What accounts for the slight drop in the value of taxable benefits for the GMT?;a decrease in the Private Medical insurance cost in the UK
392;In light of recent changes to the AIM Rules for Companies the Board of Directors is currently reviewing which corporate governance code to adopt as required from 28 September 2018.;What effect did recent changes to the AIM Rules for Companies have?;the Board of Directors is currently reviewing which corporate governance code to adopt as required from 28 September 2018
393;In October 2016, we announced an implementation agreement to sell ACR to two Shenzhen government sponsored investment companies, subject to regulatory and other approvals. This approval process remains ongoing and, as a result, we did not value ACR on an imminent sales basis as at 31 March 2017.;Why did they not value ACR on an imminent sales basis as of 31 March 2017?;This approval process remains ongoing
394;The Group has a relatively straight forward tax position but, in the UK, is subject to the banking surcharge tax. This is levied at a rate of 8% on annual profits chargeable to corporation tax in excess of £25m resulting in a marginal rate of corporation tax of 27.5% for our 2017 financial year. This is the main factor driving the increase in effective tax rate implied from the taxation charge as presented on the face of the consolidated income statement being 20.7% (2016:18.8%).;What causes the marginal rate of corporation tax to be 27.5% for their 2017 financial year?;The Group has a relatively straight forward tax position but, in the UK, is subject to the banking surcharge tax. This is levied at a rate of 8% on annual profits chargeable to corporation tax in excess of £25m
395;Where Directors were not able to attend meetings, this was entirely due to prior business commitments or ill-health. In each case, they reviewed the papers circulated for that meeting and provided comments directly to the Chairman or Committee Chairman, as appropriate.;What reason led to Directors not being able to attend meetings?;prior business commitments or ill-health
396;Industrial production (IPI) ended 2018 with the least progress in five years (0.3%). Almost all activities contributed to this result, but especially machinery and equipment, metal products and electricity and gas supply. In contrast, transport material and computer products slightly improved. The most dynamic activities in 2018 were transport material (+5.4%) and computer products (+7.7%), in contrast to the decrease, of more than 4%, in water distribution. Also, the activities that had greater growth in the IPI (+0.3%) were the manufacturing and repair of machinery and equipment and transport material. However, water distribution and activities associated with motor vehicles decreased.;What was the result of the activities in the machinery and equipment, metalwork and energy supply sectors?;Industrial production (IPI) ended 2018 with the least progress in five years (0.3%)
397;The Remuneration Committee is of the view that Executive Directors can, in some circumstances, benefit by holding non-executive directorships in other companies. The Remuneration Committee therefore permits such non-executive directorships and permits the Executive Directors to personally retain the fees.;Why does the Remuneration Committee permit Executive Directors to hold non-executive directorships and retain the fees personally?;The Remuneration Committee is of the view that Executive Directors can, in some circumstances, benefit by holding non-executive directorships in other companies
398;The Board decided to proceed with the Return of Value in the manner described in the Circular because, like the previous B share schemes implemented by the Company, the Tender Offer allows all shareholders to participate on a pro rata basis if they wish;What was the reason the Board decided to proceed with the Return of Value as described in the Circular?;the Tender Offer allows all shareholders to participate on a pro rata basis if they wish
399;The credit risk arises from cash and cash equivalents, financial instruments, deposits with financial institutions, debt available for sale and accounts receivable.;What contributes to credit risk?;cash and cash equivalents, financial instruments, deposits with financial institutions, debt available for sale and accounts receivable
400;People costs continue to be the largest component of operating expenses and have risen 31% year-on-year due to new store growth and the further expansion of our specialist support functions. Occupancy costs increased 19% to £30.9 million, as a result of the store openings.;What was the consequence of new store growth and the further expansion of their specialist support functions?;People costs continue to be the largest component of operating expenses and have risen 31% year-on-year
401;The Group carries goodwill on its balance sheet as a consequence of its acquisitions of the pharma business and numerous hospitals and other healthcare facilities. The Committee received a management report outlining the goodwill impairment assessment, the valuation methodology used, applicable assumptions and future cash flow projections;What is the reason the Group carries goodwill on its balance sheet?;its acquisitions of the pharma business and numerous hospitals and other healthcare facilities
402;Shipping is an industry that people enter into because they are enthusiastic about world trade. This industry remains an attractive employment option as it offers career opportunities, flexibility and incentives for those who commit themselves.;Why do people enter the shipping industry?;they are enthusiastic about world trade
403;Recurring licence revenue accounted for 90 per cent of recognised revenues at £21.8m (FY2016: £8.2m: 85 per cent recognised revenues). Professional Services revenues increased to £2.2m (FY2016: £1.3m) mainly due to a significant increase in training revenues reflecting the significant growth in our customer base.;What did a significant increase in training revenues result in?;Professional Services revenues increased to £2.2m (FY2016: £1.3m)
404;In relation to the presence of vegetation, fauna and natural spaces in airport environments that have some level of protection, various actions are carried out that make natural heritage conservation compatible with the airport's operations and with the functionality and development of the infrastructures. Many of them are reflected in the various Environmental Impact Assessment studies that have been carried out as a result of the expansions of Aena airports. Aena develops environmental activities outside the legal scope in the matter of biodiversity that are included in Chapter 10.;What accounts for Aena’s actions that make natural heritage conservation compatible with the airport's operations and with the functionality and development of the infrastructures?;the various Environmental Impact Assessment studies that have been carried out as a result of the expansions of Aena airports
405;As the Group does not own any vehicles and business travel through private vehicles is limited, the data is not available or accurate and accordingly transport emissions have been excluded from the reporting scope.;What are the consequences of the Group's lack of vehicles and the limitations on business travel using private vehicles?;the data is not available or accurate and accordingly transport emissions have been excluded from the reporting scope
406;As a venture capital trust, most of the Company's day-to-day responsibilities are delegated to third parties and the Directors are all non-executive. Thus, not all the provisions of the UK Code are directly applicable to the Company. Apart from the matters referred to in the following paragraphs, the requirements of the UK Code were complied with throughout the period ended 28 February 2017.;What does it entail to be a venture capital trust?;most of the Company's day-to-day responsibilities are delegated to third parties and the Directors are all non-executive
407;Underlying revenue growth (excluding the impact of acquisitions and movements in foreign exchange rates) was 4 per cent, driven by growth in new licence sales and in revenue from maintenance and support contracts of 2 per cent and 8 per cent respectively. The acquisition of ICON in October 2016 contributed a further 4 per cent to revenue growth.;What did the acquisition of ICON in October 2016 lead to?;a further 4 per cent to revenue growth
408;The Cartagena de Indias Airport has also been affected by the effects of the Avianca strike in 2018. However, as it is less dependent on this airline than the Cali Airport, and thanks to its significant tourist component, it has rapidly recovered domestic routes. Together with the strong growth of international passengers (we highlight the new routes to Orlando by Spirit, San Salvador by Avianca and Miami by American), this has led to overall growth of 14.7%.;Why has The Cartagena de Indias Airport rapidly recovered domestic routes, even though it has been affected by the effects of the Avianca strike in 2018?;it is less dependent on this airline than the Cali Airport, and thanks to its significant tourist component
409;"As noted in the Strategic Report, all of the Directors are non-executive and therefore there is no Chief Executive Officer (""CEO""). The Company does not have any employees. There is therefore no CEO or employee information to disclose.";Why is there no Chief Executive Officer?;As noted in the Strategic Report, all of the Directors are non-executive
410;Overall, the performance of the executive directors was strong this year during a period of significant change, and has resulted in a bonus outturn of 78% of the maximum, fractionally higher than in 2016.;What has the strong performance of the executive directors led to this year?;a bonus outturn of 78% of the maximum, fractionally higher than in 2016
411;In 2017, the Committee received advice from Deloitte LLP ('Deloitte'), who they appointed in 2015 for their particular expertise both at a local and global level, due to the worldwide operations of the Group and, following review, the Committee remains satisfied that their advice is objective and independent.;What explains Deloitte's particular expertise at both the local and global levels?;the worldwide operations of the Group
412;The guaranteed product net management fee margin increased by 76 basis points compared to 2016 due to maturities from lower margin products during the year.;What was the consequence of maturities from lower-margin products during the year?;The guaranteed product net management fee margin increased by 76 basis points compared to 2016
413;On 10 November 2017, the Group concluded that it was unable to find such a partner and so informed ONHYM that it no longer wished to pursue the Moulay Bouchta extension. As a result, ONHYM called in $1.75 million of restricted cash held as a performance guarantee against the Moulay Bouchta contract and levied a further penalty of $0.75 million against our subsidiary, Gulfsands Petroleum Morocco Limited, in respect of the Minimum Exploration Work Programme.;What was the outcome of the Group being unable to find a partner on 10 November 2017?;informed ONHYM that it no longer wished to pursue the Moulay Bouchta extension
414;Many of these factors are outside the Group's control. The Group accepts no liability to publicly revise or update these forward-looking statements or adjust them for future events or developments, whether as a result of new information, future events or otherwise, except to the extent legally required.;For what reasons does the Group accept no liability to publicly revise or adjust forward-looking statements for future scenarios?;new information, future events or otherwise, except to the extent legally required
415;Board changes Sarah Evans resigned as a Non-Executive Director in January 2018 due to ill-health. Sarah was appointed as a Director in July 2016 and the Board would like to thank her for her valuable contribution to the Company.;What caused Sarah Evans to resign as a Non-Executive Director in January 2018?;ill-health
416;Our gender pay gap reflects an under representation of women at senior levels. That is not a satisfactory position and we know that we still have much to do to narrow the gap. We are therefore putting more impetus behind our work to achieve a better gender balance.;What drives their efforts to achieve a better gender balance?;Our gender pay gap reflects an under representation of women at senior levels. That is not a satisfactory position and we know that we still have much to do to narrow the gap
417;Due to the inherent nature of the industry and its reliance upon estimated meter readings, revenue includes the Directors' best estimate of differences between estimated sales and billed sales.;What was the impact of the industry's nature and its reliance on estimated meter readings?;revenue includes the Directors' best estimate of differences between estimated sales and billed sales
418;Owing to the Company's REIT status, income and capital gains from our property rental business are exempt from corporation tax, therefore, the tax charge for the year is nil.;What is the reason tax charge for the year is nil?;income and capital gains from our property rental business are exempt from corporation tax
419;This increase was driven by decentralisation and the innovative approach taken by the initiatives, and will have generated stronger pride of belonging among the staff who showed their charitable spirit in joining the “Valor del Amarillo” (Value of Yellow) movement.;What will the impact of the increase derived from decentralisation and the innovative approach taken by the initiatives be?;stronger pride of belonging among the staff who showed their charitable spirit in joining the “Valor del Amarillo” (Value of Yellow) movement
420;"Our employee reward and recognition programme Win Your Dream celebrates employees across intu who have gone. The graduates Senior development managers Oliver Hunt and Simon Crouch started as graduates at intu. ""From the beginning we were given real projects and were rewarded for our hard work and commitment,"" says Simon. ""My early work covered activities from planning to procurement, from purchasing an interest to selling a centre,"" says Oliver. They are now managing multimillion pound development projects and mentoring the next generation of graduates.";What were the reasons for rewarding early completion of real projects?;our hard work and commitment
421;The oil distribution business saw sales volumes decline 3.5%, which was a resilient performance given the mild weather conditions, with ambient temperatures during winter and spring higher than the prior year. Our continued good performance can be attributed to our product offer and excellent levels of customer service.;What factors account for their ongoing good performance?;our product offer and excellent levels of customer service
422;The Directors believe that the maintenance of good relations with both institutional and retail shareholders is important for the long term prospects of the Company. It therefore seeks active engagement with investors, bearing in mind the duties regarding equal treatment of shareholders and the dissemination of inside information.;What explains the Company's commitment to engaging with investors while ensuring equal treatment and proper dissemination of inside information?;The Directors believe that the maintenance of good relations with both institutional and retail shareholders is important for the long term prospects of the Company
423;The Board comprised a Non-Executive Chairman and nine other Directors, of whom four were considered to be wholly independent. Therefore, the Company did not fully comply with the requirements of the Governance Code at the time.;What accounts for the Company's failure to fully comply with the requirements of the Governance Code at the time?;The Board comprised a Non-Executive Chairman and nine other Directors, of whom four were considered to be wholly independent
424;The fundamentals of the Healthcare sector are strong, as a result of ageing populations and increasing prevalence of chronic diseases, particularly in the US.;What does the strength of the fundamentals of the Healthcare sector stem from?;ageing populations and increasing prevalence of chronic diseases, particularly in the US
425;All business lines performed positively over the course of the year, despite the complicated backdrop, which was worse than expected. Interest rates remained very low, or negative, putting a squeeze on margins, whilst securities markets evolved poorly, affecting the asset management business. The macroeconomic scenario also deteriorated, due to growing political instability (Brexit, Italy, Germany), the loss of momentum in the main European economies and trade tensions.;What factors facilitated the deterioration of the macroeconomic scenario?;growing political instability (Brexit, Italy, Germany), the loss of momentum in the main European economies and trade tensions
426;The translation reserve comprises foreign exchange differences arising from the translation of the financial statements of foreign operations, as well as from the translation of liabilities that hedge the Group's net investment in a foreign subsidiary.;What accounts for the differences in foreign exchanges comprised in the translation reserve?;the translation of the financial statements of foreign operations, as well as from the translation of liabilities that hedge the Group's net investment in a foreign subsidiary
427;– Too significant a shift towards ranges with a casual end use, sales of which tend to be particularly dependent on weather, and therefore did not perform well this year. In addition, this year's casual ranges were not sufficiently appealing to our customers.;What was the impact of sales being dependent on weather conditions?;did not perform well this year
428;Logs are 'outside of scope' because the scope 1 impact of these fuels has been determined to be a net '0'. However, the CO2 e value of logs has been calculated to be <1% and would be excluded in any case as this falls below;What caused logs to be 'outside of scope'?;the scope 1 impact of these fuels has been determined to be a net '0'
429;The Company complies with the corporate governance statement requirements pursuant to the DTR by virtue of the information included in the Corporate Governance section of the Annual Report together with information contained in the Strategic Report and Directors' Report.;What motivates the Company's compliance with the corporate governance statement requirements pursuant to the DTR?;the information included in the Corporate Governance section of the Annual Report together with information contained in the Strategic Report and Directors' Report
430;"Developments in the year: Change of tax laws or practices as a result of base erosion and profit shifting initiatives (""BEPS"").";What caused a change of tax laws or practices?;"base erosion and profit shifting initiatives (""BEPS"")"
431;Net debt decreased by £114 million to £734 million, principally as a result of the disposal of the Venues business partly offset by further investment into our assets and the acquisitions at Covent Garden.;What were the main factors leading to the decrease in net debt by £114 million to £734 million?;the disposal of the Venues business partly offset by further investment into our assets and the acquisitions at Covent Garden
432;Senior has significantly higher shipset content on new regional jet platforms such as the Bombardier CSeries, Mitsubishi MRJ and Embraer E2-Jet than legacy regional jets therefore, the Group's regional jet market (3% of Group) revenue is expected to benefit in the medium term.;Why is the Group's regional jet market expected to see revenue growth in the medium term?;Senior has significantly higher shipset content on new regional jet platforms such as the Bombardier CSeries, Mitsubishi MRJ and Embraer E2-Jet than legacy regional jets
433;"Average production reached 715 Kboe/d in 2018, which represents a 3% increase (+20.7 Kboe/d; +6.2 Kboe/d in liquids and 14.5 Kboe/d in gas) vs. 2017. This increase is primarily due to production in Libya and the launch of organic development projects in 2017 (Reggane in Algeria, Kinabalu in Malaysia, TROC and Juniper in Trinidad and Tobago, Shaw and Cayley in the United Kingdom and Sagari in Peru) and in 2018 (launch of the gas project Bunga Pakma in Malaysia and the connection of new wells in Marcellus in the United States), as well as the acquisition of the Visund field in Norway. These positive effects were offset by lower production in Venezuela and by the sale of the SK field in Russia in 2017. and MidContinent in the US.";"What led to production reaching 715 Kboe/d in 2018, which represents a 3% increase (+20.7 Kboe/d; +6.2 Kboe/d in liquids and 14.5 Kboe/d in gas) vs. 2017?";production in Libya and the launch of organic development projects in 2017 (Reggane in Algeria, Kinabalu in Malaysia, TROC and Juniper in Trinidad and Tobago, Shaw and Cayley in the United Kingdom and Sagari in Peru) and in 2018 (launch of the gas project Bunga Pakma in Malaysia and the connection of new wells in Marcellus in the United States), as well as the acquisition of the Visund field in Norway
434;The increase in other financing outflows is due to interest paid on and reduction in year end amounts drawn under the revolving credit facilities.;What caused the increase in other financing outflows?;interest paid on and reduction in year end amounts drawn under the revolving credit facilities
435;The Board has resolved that, in view of the size of the Board, it is most appropriate for matters of remuneration to be dealt with by the Board as a whole.;What does the size of the Board entail?;it is most appropriate for matters of remuneration to be dealt with by the Board as a whole
436;A small portion of the Group's cash is restricted in overseas jurisdictions primarily due to legal or regulatory requirements. Such cash does not form part of our liquidity headroom calculation.;What causes a small portion of the Group's cash to be restricted in overseas jurisdictions?;legal or regulatory requirements
437;As a venture capital trust, most of the Company's day-to-day responsibilities are delegated to third parties and the Directors are all non-executive. Thus, not all the provisions of the UK Code are directly applicable to the Company.;What is the reason that not all the provisions of the UK Code are directly applicable to the Company?;As a venture capital trust, most of the Company's day-to-day responsibilities are delegated to third parties and the Directors are all non-executive
438;Gross margins reduced by 50bps in the second half of the year as the new pricing framework was used to reset pricing levels in some specific product categories to increase volume and improve overall price perception.;What drove the 50bps reduction in gross margins in the second half of the year?;the new pricing framework was used to reset pricing levels in some specific product categories to increase volume and improve overall price perception
439;• In Canada, EVRAZ North America made charitable donations to the Multiple Sclerosis Society, which was important for the group because it receives almost no government funding.;What was the reason it was important for the group that EVRAZ North America made charitable donations to the Multiple Sclerosis Society in Canada?;it receives almost no government funding
440;The decline in consumable revenues was offset by margin improvements, primarily as a result of process efficiencies in probe manufacture. Gross profit on consumables was flat at £4,312,000 (2016: £4,306,000). Gross margin on consumables was 82% (2016: 74%).;What was the effect of process efficiencies in probe manufacture?;The decline in consumable revenues was offset by margin improvements
441;Revenue generated from renting the use of the proving ground, which accounts for 19% of the Division, increased as a result of adding more capacity. Further track construction is underway for connected and autonomous vehicle testing.;What explains revenue increasing by adding more capacity?;renting the use of the proving ground, which accounts for 19% of the Division
442;RWAs decreased £52.6bn to £313.0bn: book size decreased RWAs by £6.8bn primarily due to portfolio rundowns related to Barclays Non-Core, the re-measurement of US DTAs as a result of the US Tax Cuts and Jobs Act and securitisation transactions, partially offset by increased trading activity in investment bank.;What caused the re-measurement of US DTAs?;the US Tax Cuts and Jobs Act and securitisation transactions
443;A lengthy recruitment process resulted from the Board's requirement for an extensive list of candidates to satisfy its focus on gender and ethnicity. Consequently, all shortlists derived from the search and nomination process for new board members were balanced in terms of age, gender, skills, and experience.;What caused all shortlists derived from the search and nomination process for new board members to be balanced in terms of age, gender, skills, and experience?;A lengthy recruitment process resulted from the Board's requirement for an extensive list of candidates to satisfy its focus on gender and ethnicity
444;Targets (financial and non-financial) are determined and reviewed by the Committee annually and are selected to be relevant for the year in question. Actual bonus payable is determined by the Committee after the financial year end, based on performance against these targets.;What factors lead the Committee to consider the actual bonus payable after the financial year end?;performance against these targets
445;However, the Group's cash position can fluctuate significantly from year to year due to the impact of changes in the collateral received from clients, early settlement of trades, or the unrealised mark to market profit or loss from client swaps;What factors can lead to significant fluctuations in the Group's cash position from year to year?;the impact of changes in the collateral received from clients, early settlement of trades, or the unrealised mark to market profit or loss from client swaps
446;Executive Directors are expected to build and maintain a shareholding of 100% of salary. Russell Down joined the Board in April 2015 and Chris Morgan joined in April 2016. Neither currently meets this level due to being relatively recent appointments.;Why do Russell Down and Chris Morgan not meet the requirement of holding shares equaling 100% of their annual salary, as mandated for directors at this level?;being relatively recent appointments
447;The Company has discontinued its membership of the Association of Investment Companies (AIC) and, therefore, no longer applies the principles of the AIC Code of Corporate Governance. This Statement of Corporate Governance supports the Directors' Report.;What are the consequences of the Company discontinuing its membership in the Association of Investment Companies (AIC)?;no longer applies the principles of the AIC Code of Corporate Governance
448;In accordance with the Company's stated dividend policy, the Board recommends a further quarterly dividend of 3.57p per Ordinary Share, payable on 30 April 2018 to shareholders on the register on 6 April 2018. Total dividends paid for the year therefore amount to 14.04p per Ordinary Share equivalent to a dividend yield of 4.1 per cent at the year-end.;Why does the total dividends paid for the year amount to 14.04p per Ordinary Share, equivalent to a dividend yield of 4.1 per cent at the year-end?;the Board recommends a further quarterly dividend of 3.57p per Ordinary Share, payable on 30 April 2018 to shareholders on the register on 6 April 2018
449;For Operations, the area dedicated to providing operating services to Bankinter, 2018 was a particularly complicated year, given the changing regulatory framework, for starters. An example of this can be seen in the successive and contradictory rulings by the Supreme Court about who should be responsible for paying Stamp Duty on mortgages, resulting in the Government's decision to allocate liability to the banks. This forced Operations to change handling procedures several times, even overnight, in order to ensure strict compliance with the law and court rulings at all times.;What was the effect of the Supreme's Court successive and contradictory rulings about who should be responsible for paying Stamp Duty on mortgages?;the Government's decision to allocate liability to the banks. This forced Operations to change handling procedures several times, even overnight, in order to ensure strict compliance with the law and court rulings at all times
450;As a result of our focus, the integration is moving at pace. A single Executive Leadership Team is now in place across the combined business, and we are committed to delivering a two year programme of scale efficiencies amounting to £15m across the Group.;What caused the integration to be moving at pace?;our focus
451;Given the increasing complexity and diversity in our supply chain, we have identified the need for increased specialist resource in this area which will form part of the integration. We monitor supplier performance and maintain adequate inventories, including safety stock held by our suppliers, based on risk assessments.;What was the effect of the increasing complexity and diversity in their supply chain?;we have identified the need for increased specialist resource in this area which will form part of the integration
452;The group's underlying effective tax rate was 25.0%, a significant reduction on the 2016 effective rate of 35.0%. This is mainly attributable to a £9.7m non‑cash credit.;What did a £9.7m non‑cash credit bring about?;The group's underlying effective tax rate was 25.0%, a significant reduction on the 2016 effective rate of 35.0%
453;EBITA 1 increased to £22.0m (2016: £14.5m) before central costs of £4.8m (2016: £5.1m). We have introduced a more stringent governance process for capital expenditure decisions, and improved our asset utilisation by c.7% to an average for the year o f 51.5%. As a result, the hire fleet has been has been reduced by 11.4% to £186.8m (2016: £210.8m) including the sale of the Group's heavy plant for a total consideration of £14.4m in September 2016.;What was the consequence of introducing a more stringent governance process for capital expenditure decisions and improving our asset utilization?;the hire fleet has been has been reduced by 11.4% to £186.8m (2016: £210.8m) including the sale of the Group's heavy plant for a total consideration of £14.4m in September 2016
454;As I reflect on the last twelve months, it becomes very evident to me how much we have progressed the ‘Manufacturing our Future' strategy and the extent we have changed as a result of the ‘Repair' phase execution.;What caused the progress in the 'Manufacturing our Future' strategy and the change they have achieved?;the ‘Repair' phase execution
455;Our markets typically grow in line with GDP. Because we are under-represented in a number of geographies, markets and industry sectors, we are aiming to deliver annual growth of GDP plus in the period to 2020.;What is the implication of being under-represented in a number of geographies, markets, and industry sectors?;we are aiming to deliver annual growth of GDP plus in the period to 2020
456;The USA schemes deficit decreased by £37.9 million to £11.1 million (2016: decrease of £6.1 million), primarily as a result of an additional, accelerated employer contribution in December 2017 of £28.0 million (more than offsetting a fall in the discount rate from 4.16% to 3.65%).;What was the reason for the USA schemes deficit decreasing by £37.9 million to £11.1 million in 2017?;an additional, accelerated employer contribution in December 2017 of £28.0 million
457;Historically, the Committee has not granted LTIP awards to the executive directors and does not intend to do so in 2018, due to the large shareholdings of the MD and FD. There are therefore currently no formal LTIP agreements in place for executive directors.;What factors explain the absence of formal LTIP agreements in place for executive directors?;the Committee has not granted LTIP awards to the executive directors and does not intend to do so in 2018, due to the large shareholdings of the MD and FD
458;The Committee considers that the 1.39 times the Final Determination stretch target remains challenging because it requires very significant outperformance on customer ODIs, financing and total expenditure efficiencies.;What is the reason the Committee considers the 1.39 times Final Determination stretch target to remain challenging?;it requires very significant outperformance on customer ODIs, financing and total expenditure efficiencies
459;The award granted to Steve Corcoran under the Company's 2004 Performance Share Plan on 21 June 2013 lapsed in June 2016 as a result of the performance conditions not being met.;What was the effect of failing to meet the performance conditions?;The award granted to Steve Corcoran under the Company's 2004 Performance Share Plan on 21 June 2013 lapsed in June 2016
460;The Melrose Group's annual revenue is heavily denominated in US Dollars, with 82% of revenue being denominated in this currency, and therefore the largest foreign exchange rate exposure is the translation risk from changes in the US Dollar exchange rate relative to Sterling.;What is the effect of 82% of revenue being denominated in US Dollars?;the largest foreign exchange rate exposure
461;We remain committed to managing the Maltby pension scheme over the long term. Given the relative immaturity of the scheme, the optimal strategy is to continue to service the scheme and, hence, going forward we will no longer report the retirement benefit obligation in the Legacy category.;What motivates their decision not to report the retirement benefit obligation in the Legacy category?;Given the relative immaturity of the scheme, the optimal strategy is to continue to service the scheme
462;Revenues and profits fall owing to competitor action. Our detailed market and sector monitoring systems assist effective response to identify early and assist effective response to any competitive or intermediary threats.;What causes revenues and profits to fall?;competitor action
463;However, in light of the significant losses incurred on the East Anglia One project, it was recognised that additional improvements had to be made around project risk reporting, measurement of performance against metrics and feeding lessons learned from previous projects into future bidding activities.;What were the implications of the significant losses incurred on the East Anglia One project?;it was recognised that additional improvements had to be made around project risk reporting, measurement of performance against metrics and feeding lessons learned from previous projects into future bidding activities
464;Fair value is measured using a Black-Scholes model. The expected life used in the model has been adjusted, for the effects of non- transferability, exercise restrictions and behavioural considerations based on management's best estimate.;What was the repercussion of management's best estimate?;The expected life used in the model has been adjusted, for the effects of non- transferability, exercise restrictions and behavioural considerations
465;During the course of its review of the risk management and internal control systems, the Board has not identified nor been advised of any failings or weaknesses which it has determined to be significant. Therefore a confirmation in respect of necessary actions has not been considered appropriate.;Why has a confirmation regarding necessary actions not been deemed appropriate?;During the course of its review of the risk management and internal control systems, the Board has not identified nor been advised of any failings or weaknesses which it has determined to be significant
466;The Committee's foremost priorities are to ensure that the Group has the best possible leadership and to plan for both Executive and Non-Executive Director succession. Its prime focus is, therefore, on composition of the Board, for which appointments will be made on merit against objective criteria.;Why is the Committee's prime focus on the composition of the Board?;The Committee's foremost priorities are to ensure that the Group has the best possible leadership and to plan for both Executive and Non-Executive Director succession
467;Over recent years there has been significant consolidation in our customer base amongst service providers and network equipment manufacturers. This trend continues and often results in delays in spending, thereby reducing demand for Spirent's solutions and services.;What explains the frequent delays in spending?;Over recent years there has been significant consolidation in our customer base amongst service providers and network equipment manufacturers
468;Inferred resources increased, while measured and indicated resources decreased due to depletion and a higher cut-off grade. Gold and silver reserves decreased as a result of the increased cut-off grade.;What is the decrease in gold and silver reserves attributed to?;the increased cut-off grade
469;As a venture capital trust, most of the Company's day-to-day responsibilities are delegated to third parties and the Directors are all non-executive. Thus, not all the provisions of the UK Code are directly applicable to the Company.;What are the implications of having venture capital trust status?;most of the Company's day-to-day responsibilities are delegated to third parties and the Directors are all non-executive
470;We believe that the combination of our increasing customer insight, data capability and membership will be extremely powerful, helping us to focus our efforts on rewarding, retaining and growing our target customer base and deepening our relationship with them.;What will the combination of increasing customer insight, strong data capability, and membership facilitate?;to focus our efforts on rewarding, retaining and growing our target customer base and deepening our relationship with them
471;In 2018 the majority of employees across the Group have received average salary increases ranging from 2.0%–3.25%, dependent on geographical location with the principal exception being those employees based in Brazil, Latin America and China where, due to inflation, current market salary increases are higher.;What factor determined that the majority of employees across the Group received average salary increases ranging from 2.0% to 3.25% in 2018?;geographical location
472;A non-cash impairment charge of £2.9 million was recorded in the Books segment against non-current assets and inventories due to the loss of the HarperCollins contract. Impairment charges of £29.9 million were recorded against the goodwill and non- current assets of businesses within the Marketing Activation segment.;What impact did the loss of the HarperCollins contract have?;A non-cash impairment charge of £2.9 million was recorded in the Books segment against non-current assets and inventories
473;High CEO Board This risk has been reintroduced this year as a result of the on-going challenges in our operating environment and the impact that these external factors may have on our reserves and resources calculation;What factors contributed to the reintroduction of this risk this year?;the on-going challenges in our operating environment and the impact that these external factors may have on our reserves and resources calculation
474;The Group's loss after tax for the year is $7.0 million (2016: profit after tax $0.9 million). The loss for the year was partly driven by increased operating expenses, but also impacted by foreign exchange gains of $8.0 million due to the strengthening of Sterling against the US;What caused the loss for the year?;increased operating expenses, but also impacted by foreign exchange gains of $8.0 million
475;In 2017, the Committee received advice from Deloitte LLP ('Deloitte'), who they appointed in 2015 for their particular expertise both at a local and global level, due to the worldwide operations of the Group and, following review, the Committee remains satisfied that their advice is objective and independent.;What drove the Committee to appoint Deloitte LLP in 2015?;their particular expertise both at a local and global level
476;"The mark-to-market gain on the Group's hedge book of £2,648m (2016: loss of £4,420m). These reflect: the large hedge book held by the Group (circa USD $38.5bn); and the strengthening of sterling, particularly against the US dollar offset by the weakening of sterling against the euro, as noted above. At each year end, our foreign exchange hedge book is included in the balance sheet at fair value (mark-to-market) and the movement in the year included in reported financing costs. Appropriate tax rates are applied to these additional items included in the reported results, leading to an additional tax charge of £361m (2016: credit £865m), largely as a result of the mark-to-market adjustments £(463)m and £792m in 2017 and 2016 respectively. In addition, £163m of advance corporation tax credits has been recognised as a result of changes to UK tax laws in 2017.";What did the mark-to-market adjustments £(463)m and £792m in 2017 and 2016, respectively, lead to?;Appropriate tax rates are applied to these additional items included in the reported results, leading to an additional tax charge of £361m (2016: credit £865m)
477;We remain committed to implementing a Remuneration Policy which retains high calibre Executive Directors and senior managers by rewarding their successful contribution to delivering the Company's strategy and thus aligning with longer‑term interests of shareholders.;"What explains the alignment with the longer-term interests of shareholders?""";We remain committed to implementing a Remuneration Policy which retains high calibre Executive Directors and senior managers by rewarding their successful contribution to delivering the Company's strategy
478;It is also pleasing to report that the net cash has increased to £12.04 million (2016: £7.43 million) which is due to the increase in cash above and despite an increase in finance lease borrowings.;What is the reason the net cash has increased to £12.04 million?;the increase in cash above and despite an increase in finance lease borrowings
479;Total comprehensive income has increased from (£1.1m) to £94.9m. This strong accounting performance is largely due to the deficit relating to the University of Manchester Superannuation Scheme (UMSS) and Greater Manchester Pension Fund (GMPF) pensions not being as large as previously assumed.;What explains the increase in total comprehensive income from (£1.1m) to £94.9m?;the deficit relating to the University of Manchester Superannuation Scheme (UMSS) and Greater Manchester Pension Fund (GMPF) pensions not being as large as previously assumed
480;2 Simon Rowlands appointment was renewed for a further one-year period and a letter of appointment dated 23 July 2017 was issued to him. Due to the senior position Simon Rowlands previously held with Cinven Partners he is considered to be a non-independent Non-Executive Director.;What is the reason for Simon Rowlands being considered to be a non-independent Non-Executive Director?;the senior position Simon Rowlands previously held with Cinven Partners
481;Simplicity and accountability are key to running an agile and successful business. We are therefore changing our operating model to give us two clear profit and loss accountabilities – one for our Clothing & Home business unit and one for our Food business unit.;Why are they changing their operating model?;Simplicity and accountability are key to running an agile and successful business
482;As part of this process, QinetiQ has sought to change its internal operating model, to provide greater efficiency in its offering to key customers and to expand internationally. Against this backdrop of change, it is therefore critical that the Board of Directors provides leadership, guidance and oversight, to ensure that QinetiQ operates a sound system of corporate governance and internal control through effective stewardship and risk management.;What is the reason it is critical for the Board of Directors to provide leadership, guidance, and oversight, given the backdrop of change?;QinetiQ has sought to change its internal operating model, to provide greater efficiency in its offering to key customers and to expand internationally
483;The Company's Articles of Association require that Directors stand for election at the first AGM following their appointment and annually thereafter. Max King, Iain McLaren, Martin Nègre and David Simpson will, therefore, stand for election at the forthcoming AGM.;What explains the future presence of Max King, Iain McLaren, Martin Nègre, and David Simpson at the forthcoming AGM, where they will stand for election?;The Company's Articles of Association require that Directors stand for election at the first AGM following their appointment and annually thereafter
484;The Investment Manager remains focused on delivering a portfolio of properties which benefit from strong supply and demand characteristics, which it believes is the primary driver of rental growth in the sector. Consequently, whilst the Company's portfolio remains London‑centric, from time to time, properties may be added outside;Why may properties be added outside of London from time to time?;The Investment Manager remains focused on delivering a portfolio of properties which benefit from strong supply and demand characteristics, which it believes is the primary driver of rental growth in the sector
485;The Board has concluded that the period for this review should be three years, in line with the usual business planning period. However, last year the company carried out a strategic review covering five years and therefore this year the assessment has been carried out over the remaining four years;Why has the assessment been carried out this year over the remaining four years?;last year the company carried out a strategic review covering five years
486;The weakening of the euro against the US dollar has served to increase the value of these in the year. Working capital (the sum of inventories, trade and other receivables and trade and other payables) was £220.3m, which was 6.2% of sales (annualised) compared with £140.2m at the previous year, 6.8% of sales. The decrease includes the impact of working capital reductions (synergies) made in the acquired companies.;What explains the increase in the value of these currencies?;The weakening of the euro against the US dollar
487;Our clinical platform and disease in motion-based discovery research in flu has enabled us to identify the signalling pathways that we believe are active in severe flu and create a process for identifying what could be the true levers of this disease. Our pioneering work in identifying a drug target for the treatment of severe flu (HVO-001) led to a patent application in 2017, and, if possible, we plan to leverage non-dilutive funding to advance this invention through government grants and collaborations.;What have the clinical platform and disease-in-motion-based discovery research in flu led to?;identify the signalling pathways that we believe are active in severe flu and create a process for identifying what could be the true levers of this disease
488;This has not, however, been a pleasant experience. Sacrifices have had to be made and some tough decisions taken, and as a result, the Group, whilst under the control of the Administrators, had no choice but to sell off one of the internal development programmes to raise the necessary cash;What was the consequence of sacrifices having to be made and some tough decisions being taken?;the Group, whilst under the control of the Administrators, had no choice but to sell off one of the internal development programmes to raise the necessary cash
489;The gross margins have reduced again this year due to the continued tightening in market prices for products we sell to the oil, gas and mining industries, where capital expenditure has been massively reduced due to the substantially low commodity revenues of the companies associated with the products.;What caused the gross margins to reduce again this year?;the continued tightening in market prices for products we sell to the oil, gas and mining industries
490;The Group accounted, for the first time in 2018, for the financial performance arising from the contracts in Argentina on the basis of hyperinflation. The impact on the Division as a result of this change in accounting method was to report lower revenue by €1.8 million, being 0.5% of the 2018 reported revenue of the Division, and lower adjusted operating profit of €0.7 million, being 0.8% of the 2018 adjusted operating profit of the Division. Excluding the results of the programmes in Argentina, the year-to-date organic revenue growth would have been 3.3% and the negative currency impact would have been 1.2%.;What was the effect of the Group accounting for the financial performance arising from the contracts in Argentina on the basis of hyperinflation?;to report lower revenue by €1.8 million, being 0.5% of the 2018 reported revenue of the Division, and lower adjusted operating profit of €0.7 million, being 0.8% of the 2018 adjusted operating profit of the Division
491;The tax paid for the year was $454 million (20% of Reported profit before tax). The cash tax paid for the year was $1,095 million higher than the tax charge for the year as a result of certain items with no cash impact including $617 million deferred tax credit;What was the reason the cash tax paid for the year was $1,095 million higher than the tax charge for the year?;certain items with no cash impact including $617 million deferred tax credit
492;Charges for other provisions of £15.1m (2016: £8.8m) relate mainly to commission clawbacks in the Connells group, which resulted in provisions charges of £11.4m during the year (2016: £5.7m). These arise in the ordinary course of business and have increased since 2016 predominantly as a result of an increase in the volume of business written.;What explains the provision charges of £11.4m during the year compared to 2016's £5.7m?;Charges for other provisions of £15.1m (2016: £8.8m) relate mainly to commission clawbacks in the Connells group
493;Due to its global risk scope, the Integrated Risk Management and Control System is continuously updated to include new risks that might affect the Group as a result of changes in the environment or revised objectives and strategies, as well as updates that arise from lessons learned from monitoring and controlling the system.;Why is the Integrated Risk Management and Control System continuously updated to address new global risks?;changes in the environment or revised objectives and strategies, as well as updates that arise from lessons learned from monitoring and controlling the system
494;The goal is to facilitate decision-making, which is positive for the company since it enhances profitability, predictability and efficiency.;Why is an easier decision-making process beneficial for the company?;it enhances profitability, predictability and efficiency
495;The table below shows the actual expenditure during the year in relation to Directors' remuneration, operating expenses and shareholder distributions. Due to the size of the Fund, the Manager has waived its management fee and the Directors have waived their entitlement to half;What did the size of the fund entail?;the Manager has waived its management fee and the Directors have waived their entitlement to half
496;Financial guarantees issued by BHP Billiton Plc are contracts that require a payment to be made to reimburse the holder for a loss it incurs because the specified debtor fails to comply with the terms of the debt instrument.;What is the reason for a payment being required to the holder of a financial guarantee?;the specified debtor fails to comply with the terms of the debt instrument
497;After making enquiries, the directors have a reasonable expectation that the Group has adequate resources to continue in operational existence for the 12 months from the date of approval of this Annual Report. For this reason, they continue to adopt the going concern basis in preparing the financial statements.;What reason leads them to continue adopting the going concern basis in preparing the financial statements?;After making enquiries, the directors have a reasonable expectation that the Group has adequate resources to continue in operational existence for the 12 months from the date of approval of this Annual Report
498;"This risk has increased during the year due to increased market pressure and evidence of increased ""value for money"" awareness driving consumer choice. A number of initiatives have been undertaken during the year to maintain product competitiveness.";What factor contributed to the risk increasing during the year?;"increased market pressure and evidence of increased ""value for money"" awareness driving consumer choice"
499;To spread the risk where possible contracts exist with more than one supplier for key products. The Group has made a significant investment in its Far East infrastructure to support its direct sourcing operation which allows the development of own brand products, thereby reducing the reliance on branded suppliers.;What caused the ability to develop the Group's own brand products?;The Group has made a significant investment in its Far East infrastructure to support its direct sourcing operation
500;In accordance with the Code (provision C.3.6), the Audit Committee has also considered the need for an internal audit function at the Company. In the light of the simplicity of the Group structure, its single country focus, its relatively straightforward financial model, the internal controls in place and the fact that management and the Board conduct regular financial reviews, the Committee has recommended to the Board that an internal audit function is not currently appropriate for the business.;What factors influenced the Committee's decision to recommend the Board that no internal audit function is currently appropriate for the business?;the simplicity of the Group structure, its single country focus, its relatively straightforward financial model, the internal controls in place and the fact that management and the Board conduct regular financial reviews
501;We chose Tribal because they understand how to balance our need for improved student results with customised instructional support. Tribal consultants challenge teachers and principals to rethink their assumptions and motivate them to take on high impact, strategic school and classroom reforms. Our students are the beneficiaries.;What prompted them to choose Tribal?;they understand how to balance our need for improved student results with customised instructional support
502;Profit before tax decreased by £16.0 million to £78.9 million (FY2016: £94.9 million) principally as a result of exceptional costs totalling £17.7 million (FY2016: exceptional income of £4.3 million), which includes exceptional refinancing costs of £16.3 million, and a reduction in the gain on investment properties by £2.5 million.;What did exceptional costs totaling £17.7 million cause?;Profit before tax decreased by £16.0 million to £78.9 million (FY2016: £94.9 million)
503;As a result of our remuneration review the only key change proposed relates to the introduction of share ownership guidelines. In line with best practice and to ensure long term alignment with shareholders, shareholding guidelines of a minimum of 300% of base salary for the current Chief Executive.;What was the effect of their remuneration review?;the only key change proposed relates to the introduction of share ownership guidelines
504;With the objective of adaptation to new fuel requirements, the project contributes to environmental improvements through the reduction of emissions of sulfur compounds arising from the combustion of gas oils and gasoline produced and sold by R&M Peru.;What are the effects of the project whose objective is the adaptation to new fuel requirements?;environmental improvements through the reduction of emissions of sulfur compounds arising from the combustion of gas oils and gasoline produced and sold by R&M Peru
505;The Board attaches importance to matters set out in the Code and applies its principles. However, as a venture capital trust company, most of the Company's day-to-day responsibilities are delegated to third parties and the Directors are all non-executive.;What is the implication of being a venture capital trust company?;most of the Company's day-to-day responsibilities are delegated to third parties and the Directors are all non-executive
506;The Board considers all non-executive directors to be independent. Andrew Brent will have served on the Board for more than nine years from the date of his first election, and will therefore resign at the conclusion of the Annual General Meeting on 23 January 2018.;What factor explains why Andrew Brent will resign at the conclusion of the Annual General Meeting on 23 January 2018?;Andrew Brent will have served on the Board for more than nine years from the date of his first election
507;£2.5m of these costs (2016: £2.7m) related to setting up our GBS capabilities in Rochester, New York and Wimborne, Dorset. Tax, EPS and dividends The Group's underlying tax rate* in the year increased to 21.6% (2016: 21.1%) owing to reduced credits for prior year adjustments;What was the reason for the increase in the Group's underlying tax rate to 21.6% in the year from 21.1% in 2016?;reduced credits for prior year adjustments
508;The Board is of the opinion that the performance measures and targets for the annual bonus are commercially sensitive and that it would be detrimental to the interests of the Company to disclose them during the financial year. This is particularly so because the majority of our competitors are unlisted.;Why does the Board believe that disclosing the performance measures and targets for the annual bonus during the financial year would be commercially sensitive and detrimental to the Company's interests?;the majority of our competitors are unlisted
509;HL Funds consist of ten Multi-Manager funds, on which the management fee is 75bps per annum, and two Select equity funds, on which the management fee is 60bps. Net revenue from these funds has grown strongly this year due to investment outperformance, rising markets, and the successful launch of the new fund.;What factors explain the strong growth of net revenue from these funds this year?;investment outperformance, rising markets, and the successful launch of the new fund
510;The Audit Committee considers at least once a year whether or not there is a need for an internal audit function. Currently, the Audit Committee does not consider there to be a need for an internal audit function specific to the Company, given that there are no employees in the Company and the systems and procedures employed by the Administrator and Investment Adviser, including their own internal controls and procedures in place in relation to the Company and its subsidiaries, provide sufficient assurance that a sound system of internal control, which safeguards the Company's assets, is maintained.;What factors led the Audit Committee to conclude that there is currently no need for an internal audit function specific to the Company?;there are no employees in the Company and the systems and procedures employed by the Administrator and Investment Adviser, including their own internal controls and procedures in place in relation to the Company and its subsidiaries, provide sufficient assurance that a sound system of internal control, which safeguards the Company's assets, is maintained
511;The performance of the division in 2016/17 is summarised as follows: Offshore Braemar Offshore, our marine warranty surveying and engineering consultancy business located in the Asia Pacific region, was affected considerably by project delays and reduced activity due to the low oil price and reduced exploration and construction activity;What were the main factors affecting Braemar Offshore?;project delays and reduced activity due to the low oil price and reduced exploration and construction activity
512;The Board believes that the composition of the Board and its Committees reflect a suitable mix of skills and experience, and that the Board, as a whole, and its Committees functioned effectively during 2017 and since the launch of the Company in 2013. The Board has employed the use of a skills matrix to identify if there are missing competences and confirmed that the existing Directors held the appropriate range of skills. The skills matrix tool will inform the Directors in the recruitment of any additional or replacement Directors to the Company. The Board considers its composition to be appropriate and hence no such recruitment is currently considered necessary at this time. The Board considers the appropriateness of its composition each year.;What is the consequence of the Board considering its composition to be appropriate?;no such recruitment is currently considered necessary at this time
513;The Defence and Security division achieved an 11.7% increase in operating profit, with increased volumes helped by a step up in the Royal School of Mechanical Engineering (RSME) joint venture which is now in the ninth year of the 30‑year contract.;What facilitated the Defence and Security division's 11.7% increase in operating profit and rise in volumes?;a step up in the Royal School of Mechanical Engineering (RSME) joint venture which is now in the ninth year of the 30‑year contract
514;Interest costs of £0.8m (FY16: £nil) relates to the settlement of interest rate swaps, terminated as a result of a change in Treasury policy.;What factor contributed to the termination of interest rate swaps?;a change in Treasury policy
515;• Recommendation to the Executive Directors that an operational board committee be established. As a result, a structure of executive committees has been set up. Further details are contained in the Corporate Governance report on pages 81 and 82.;What was the reason a structure of executive committees has been set up?;Recommendation to the Executive Directors that an operational board committee be established
516;These performance conditions were selected because the Committee believes that they closely align the LTIP with the strategic aims of the Group to grow its leading brands whilst delivering returns in excess of the cost of capital in order to create significant shareholder value.;Why were these performance conditions selected?;the Committee believes that they closely align the LTIP with the strategic aims of the Group to grow its leading brands whilst delivering returns in excess of the cost of capital in order to create significant shareholder value
517;The significant revenue base in the MA division is due to Biodose Services and the inherent characteristics of its homecare business model. The business model requires high-value medicines to be dispensed and delivered to patients at home, which results in high levels of revenue and costs.;What generated the significant revenue base in the MA division?;Biodose Services and the inherent characteristics of its homecare business model
518;The Group analyses the sensitivity of its net interest income and equity value to changes in interest rates. This sensitivity arises from differences in maturity dates and interest rate repricing gaps in the various balance sheet items.;What are the factors that render net interest income and equity vulnerable to interest rate changes?;differences in maturity dates and interest rate repricing gaps in the various balance sheet items
519;There was strong growth in Dairy products, in Sauces through barrier products as the conversion from glass and metal to plastic continues. On the other hand, the market for Spreads, in which RPC has a strong market position, showed some decline as butter has gained market share.;What explains the decline in the market for Spreads, in which RPC has a strong market position?;butter has gained market share
520;There are no annual bonus outcomes to report in the table as the Admiral DFSS bonus is not structured as a traditional annual bonus scheme and consequently a vesting outcome (as a percentage of max) is meaningless.;Why is a vesting outcome meaningless?;the Admiral DFSS bonus is not structured as a traditional annual bonus scheme
521;The strategic initiatives continued to drive margin improvement across all cost lines and coupled with the sales growth resulted in Group operating profit increasing 27% year-on-year and exceeding the budget target by 11.8%.;What were the consequences of the margin improvements across all cost lines and the sales growth?;Group operating profit increasing 27% year-on-year and exceeding the budget target by 11.8%
522;• Generally the Group operates properties which it owns, and therefore is able to exercise control over the service and product quality of those hotels.;What is the consequence of the Group operating properties they own?;is able to exercise control over the service and product quality of those hotels
523;"The leverage calculation (defined as net debt/EBITDA) will also result in a different ratio as a result of net debt increasing by €181 million and EBITDA increasing by €53 million, but the bank and US Private Placement covenants in place are unaffected as they are all defined at ""frozen GAAP"", which is before applying IFRS 16.";What factors will lead to a different ratio regarding the EBITDA?;net debt increasing by €181 million and EBITDA increasing by €53 million
524;Prices for contracts listed on the exchange are provided by market makers, who are also members of the exchange and pay fees for trading. IG operates as one of the market makers to the exchange, and faces market risk as a result of this activity.;What does the IG activity imply?;IG operates as one of the market makers to the exchange, and faces market risk
525;However, 2016 marked a turning point with commodity prices recovering and some stocks more than doubling in aggregate over the course of the year, and thus driving relative underperformance.;What factors contributed to the relative underperformance?;2016 marked a turning point with commodity prices recovering and some stocks more than doubling in aggregate over the course of the year
526;Administration expenses increased by £3.0 million in 2017 to £41.6 million, primarily due to increased headcount in Spain partially offset by a cost reduction programme in the second half of the year from which we will beneﬁt in 2018.;What was the effect of the increase in headcount in Spain?;Administration expenses increased by £3.0 million in 2017 to £41.6 million
527;This planning has enabled us to recruit very high calibre candidates to the Board, with diverse skills and expertise. Succession planning has therefore been a particular area of focus during the year and we continue to keep this under active review.;What has the planning facilitated?;to recruit very high calibre candidates to the Board, with diverse skills and expertise
528;The results of the group for the year reflect the significant impact of changes in mortality assumptions and US corporate tax, which were not factored into the original targets. The Committee therefore discussed whether the AVP outturns were truly reflective of the group's performance overall.;What prompted the Committee to discuss whether the AVP outturns were truly reflective of the group's performance overall?;The results of the group for the year reflect the significant impact of changes in mortality assumptions and US corporate tax, which were not factored into the original targets
529;These values are embedded in our Group Management Code and driven by tone-from-the-top. The Audit Committee supervised the revision and updating of the Group Management Code, which sets out our adherence to ethical business behaviour.;What are the embedded values in the Group Management Code owed to?;tone-from-the-top
530;Our people are our greatest asset and managing our talent appropriately contributes significantly to our success. During 2017 we continued to strengthen our highly committed team. Through the attraction and recruitment of new talent and the ongoing development of existing expertise, we continued to embed a culture of achievement in the organisation. This has resulted in employees feeling valued for their contribution as part of a team working towards the same goals. Brit is focused on the FCA's six consumer outcomes and the fair treatment of customers is at the heart of our business model.;What has led to employees feeling valued for their contributions towards achieving shared goals within their working team?;Through the attraction and recruitment of new talent and the ongoing development of existing expertise, we continued to embed a culture of achievement in the organisation
531;• Market liquidity risk. Risk when a Group entity or the Group as a whole cannot reverse or close a position in time without having an impact on the market price or the cost of the transaction. Market liquidity risk is caused by a reduction in the number of market makers or institutional investors, the execution of a large volume of transactions, or market instability. It increases as a result of the concentration of certain products and currencies.;What does market liquidity risk stem from?;a reduction in the number of market makers or institutional investors, the execution of a large volume of transactions, or market instability
532;• No malus or clawback provisions apply to base salary, because natural malus and clawback are built into the structure as described in the Notes to the Policy table. • There is no set maximum monetary value for the salary of Executive Directors.;What accounts for the absence of malus or clawback provisions applied to base salary?;natural malus and clawback are built into the structure as described in the Notes to the Policy table
533;The impact will be the loss of market share due to a new competitor and reduced profitability and cash flow.;What will cause the loss of market share?;a new competitor and reduced profitability and cash flow
534;Risk Management Framework Operating in the construction industry, risk is at the heart of everything we do. We therefore have well-embedded risk and control processes in place to manage both material and day-to-day circumstances.;What factor leads to risk being at the heart of everything they do?;Operating in the construction industry
535;As Hilton operate in a number of geographies remuneration practices vary across the Group. However, employee remuneration policies are based on the same broad principles and the remuneration policy for the Executive Directors is designed with regard to the policy for employees as a whole.;What is the effect of Hilton operating in a number of geographies?;remuneration practices vary across the Group
536;The PCAOB auditing standards are US standards that registered public accounting ﬁrms are required to follow in connection with the audit of Micro Focus' consolidated financial statements. As a result of the work undertaken, certain deficiencies in Micro Focus' internal controls for the purposes of Section 404 have been identified.;What have been the consequences of the work undertaken?;certain deficiencies in Micro Focus' internal controls for the purposes of Section 404 have been identified
537;Actual EBIT performance for 2017 was £9.7m and as a result no bonuses were payable in respect of the 2017 financial year.;What was the consequence of actual EBIT performance for 2017 being £9.7m?;no bonuses were payable in respect of the 2017 financial year
538;The last of such awards were granted in December 2015 and the majority date from before the flotation on AIM in December 2014. For this reason, a new scheme is being introduced in the 2018 financial year for the benefit of employees other than the CEO, CFO and other members of the senior management team.;What is the outcome of granting the last of such awards in December 2015 and the majority dating from before the flotation on AIM in December 2014?;a new scheme is being introduced in the 2018 financial year for the benefit of employees other than the CEO, CFO and other members of the senior management team
539;As a result of the performance evaluation process carried out in 2017, the Board concluded that both it and its Committees are operating effectively.;What caused the Board to conclude that both it and its Committees are operating effectively?;the performance evaluation process carried out in 2017
540;"The value of the October 2013 Bonus-Linked Shares vesting was £325,098.45 for Dave Shemmans, and £148,082.29 for Mark Garrett inclusive of an additional compensatory cash payment (Dave Shemmans: £4,468.25; Mark Garrett: £2,035.29) made because, due to a technical timing issue, these awards did not receive any benefit from the November 2016 final dividend.";What was the reason these awards did not receive any benefit from the November 2016 final dividend?;a technical timing issue
541;Performance Share Plan (PSP) Rewards the achievement of sustained long-term financial performance and shareholder returns and is therefore aligned with the delivery of value to shareholders.;Why are Performance Share Plan (PSP) aligned with the delivery of value to shareholders?;Performance Share Plan (PSP) Rewards the achievement of sustained long-term financial performance and shareholder returns
542;Because the Policy is not subject to a shareholder vote at the 2018 AGM, we have not included it in full in this year's Directors' Remuneration Report. We have set out below the parts of the Policy that we consider shareholders will find most useful;What caused the omission of details in this year's Directors' Remuneration Report?;the Policy is not subject to a shareholder vote at the 2018 AGM
543;We have built many strong relationships with lenders and developed their confidence in our operating platform which is why they continue to lend to us on favourable terms. The current debt in place is well diversified with facilities from six lenders as at 31 March 2017;What is the reason they continue to lend to us on favourable terms?;We have built many strong relationships with lenders and developed their confidence in our operating platform
544;The Company continues to sell the majority of its copper production through its offtake arrangements with Traxys. As a consequence of the acquisition of the Sasa mine in Macedonia (page 12-13), this arrangement is now fixed through to 22 September 2022.;What was the impact of the acquisition of the Sasa mine in Macedonia?;this arrangement is now fixed through to 22 September 2022
545;At 31 December 2017 the Board was composed of eight independent non-executive directors and one executive director (the Chief Executive Officer). The Board is therefore independent of the Company's executive management. All the directors are wholly independent of the Company's various investment managers.;What explains the Board's independence from the Company's executive management?;At 31 December 2017 the Board was composed of eight independent non-executive directors and one executive director (the Chief Executive Officer)
546;In line with our CSR principles, we seek to reduce our greenhouse gas emissions where possible and hence limit our effect on the environment.;What does reducing their greenhouse gas emissions where possible bring about?;limit our effect on the environment
547;How our people behave is what determines whether we and our members prosper, so our culture is fundamentally important. We have seen all too many examples of bad things happening when companies do not behave as they say they will.;What factor determines whether they and their members prosper?;How our people behave
548;Public sector sales were substantially lower than in 2016, particularly in England, reflecting a weak opening order book and lower than anticipated order conversion in the first half of the year, due to a combination of the delayed roll out of the next phase of the ESFA Priority Schools;What factors caused public sector sales to reflect a weak opening order book and lower than anticipated order conversion in the first half of the year?;a combination of the delayed roll out of the next phase of the ESFA Priority Schools
549;The basic earnings per share decreased by 0.88p, or 2.6%, from 34.25p last year to 33.37p in 2017. There were no dilutive instruments outstanding in either 2017 or 2016 and therefore there is no difference between the basic and diluted earnings per share figures.;Why is there no difference between the basic and diluted earnings per share figures?;There were no dilutive instruments outstanding in either 2017 or 2016
550;The tax rate on statutory profits was 18.5% (2016: 19.3%) and is lower than the effective rate on adjusted profits primarily due to a reduction in the applicable deferred tax rate on the balance sheet carrying value of biological assets based on the anticipated mix of future sales by territory.;Why is the tax rate of statutory profits (18.5%) lower than the effective rate on adjusted profits?;a reduction in the applicable deferred tax rate on the balance sheet carrying value of biological assets based on the anticipated mix of future sales by territory
551;Gross margins declined primarily as a result of the revenue mix, which included an increase in lower margin partnered services and disposal revenues as we optimised our hire fleet.;What factor mainly contributed to the decline in gross margins?;the revenue mix, which included an increase in lower margin partnered services and disposal revenues
552;"The INTERNATIONAL area was affected by several storms in the East Coast of the United States, increasing the combined ratio in Automobile and General P&C business, and by the withdrawal from several states, which had a negative impact on results amounting to 18.9 million euros; added to this was the effect in Turkey from the regulatory change in Automobile third-partly liability, resulting in a drop in results due to pricing intervention.";What was the implication of the regulatory change in Automobile third-partly liability in Turkey?;a drop in results due to pricing intervention
553;Stock exchange price. The company's stock price has fluctuated during this period. The highest value this year was 179.5 euros and the minimum 133.0 euros, ending the period at 135.8 euros, a drop of 19.7%, which reflects to a large extent the overall evolution of the Spanish market during this period, as the IBEX 35 lost 15.0% during the year. Since its flotation in February 2015, Aena's stock had appreciated at the end of 2018, 134%.;What explains the highest value this year being 179.5 euros and the minimum 133.0 euros, ending the period at 135.8 euros, with a drop of 19.7%?;the overall evolution of the Spanish market during this period, as the IBEX 35 lost 15.0% during the year
554;Inability to access quality global opportunity set due to lender restrictions in a highly competitive market.;What caused the inability to access quality global opportunity set?;lender restrictions in a highly competitive market
555;The carrying value of the Lancaster field at the point it was reclassified to PP&E was $336 million. This is considered a key audit matter due to the significant judgements and estimates involved in the impairment calculation.;Why is the $336 million reclassification of the Lancaster field to PP&E considered a key audit matter?;the significant judgements and estimates involved in the impairment calculation
556;Structural liquidity risk is associated with the Bank’s ability to meet its payment obligations and fund its lending activities. The Bank actively monitors liquidity and its forecasts, as well anticipating the measures to be taken in both normal and exceptional situations resulting from internal causes or market behaviour.;What do the exceptional situations for which the bank takes preventive measure stem from?;internal causes or market behaviour
557;When the Company listed on the London Stock Exchange in 2015, it was not fully compliant with the Code due to the composition of the Remuneration Committee. This non-compliance was as a result of the requirement of the major shareholders at the time of the IPO;What was the reason it was not fully compliant with the Code?;the composition of the Remuneration Committee
558;CCD's ROA has reduced from a positive return of 22.3% in 2016 to a negative return of 17.4% in 2017, reflecting the significant impairment arising as a result of the operational disruption in home credit following the poorly executed migration to the new operating model in July 2017.;What caused the impairment reflected in the reduction of CCD's ROA from 22.3% (positive) in 2016 to 17.4% (negative) in 2017?;the operational disruption in home credit following the poorly executed migration to the new operating model in July 2017
559;The members of the Committee consider that they have the requisite financial skills and experience to fulfill the responsibilities of the Committee. The Board believes it was appropriate for Mr Ferguson to be a member of the Committee as he is considered to be independent and there are no conflicts of interest. The Committee's authority and duties are clearly defined within its written terms of reference which are available on request from the Company Secretary and at www.monksinvestmenttrust.co.uk.;What drives the Board to deem it appropriate for Mr. Ferguson to be a member of the Committee?;he is considered to be independent and there are no conflicts of interest
560;Human and environmental impact: ― LTIs (Lost Time Incidents) and fatalities of ContourGlobal employees and contractors or local communities around the facilities due to incidents at the power plants ― Environmental accidents on site and in local communities Reputational impact due to poor H&S management.;What caused the reputational impact?;poor H&S management
561;3 Sir Roy Gardner has been a Member of the Committee since 1 June 2015. He was unable to attend the September 2017 and December 2017 Committee Meetings due to unavoidable scheduling conflicts.;What caused Sir Roy Gardner to be unable to attend the Committee Meetings in September 2017 and December 2017?;unavoidable scheduling conflicts
562;"Incomplete or inaccurate revenue recognition could have an adverse impact on the Group and Parent's net asset value, earnings per share, its level of dividend cover and compliance with Real Estate Investment Trust (""REIT"") regulations. We therefore identified the recognition of revenue as a significant risk";Why was the recognition of revenue identified as a significant risk?;"Incomplete or inaccurate revenue recognition could have an adverse impact on the Group and Parent's net asset value, earnings per share, its level of dividend cover and compliance with Real Estate Investment Trust (""REIT"") regulations"
563;In 2018, the Group has continued to implement basic reading skills and general education programs in countries like Ecuador and Namibia. These programs allow a better educational level at an individual level for our staff. We have registered 62 employees in the Namibian College of Open Learning (Namcol), and 29 in Educational programs of Ecuador during the period 2016-2018. The Group, through NOVANAM, which contributes to education programs in the city of Lüderitz (Namibia) with day care for the children of the staff that work there, taking care of 86 boys and girls. In the social aspect, we continue with the important educational service in the school (CEPAC), in the Guatemalan locality of Champerico, which enrolls about 600 students each year, starting from kindergarten all the way to professional education.;What is the implication of the Group’s implementation of basic reading skills and general education programs in countries like Ecuador and Namibia in 2018?;a better educational level at an individual level for our staff
564;The Group does not operate an LTIP because it believes there is sufficient long-term incentive built into its deferred share salary and discretionary deferred share compensation. No cash bonuses are paid to the Executive Director.;What factors contribute to the Group's decision not to operate an LTIP?;it believes there is sufficient long-term incentive built into its deferred share salary and discretionary deferred share compensation
565;Statutory operating profit increased by £4.7 million, or 5.1%, from £91.5 million in 2016 to £96.2 million in 2017 with margins increasing by 10 basis points to 5.3%. This increase was primarily due to benefits from the increase in sales volumes and the productivity improvements across the business.;What were the consequences of obtaining benefits from the increase in sales volumes and improving productivity across the business?;Statutory operating profit increased by £4.7 million, or 5.1%, from £91.5 million in 2016 to £96.2 million in 2017 with margins increasing by 10 basis points to 5.3%
566;There is no formal ongoing contractual commitment to the Group by the majority of vendors. As such they have a right to terminate their contractual relationships with the Group without notice or penalties.;What are the implications of the absence of a formal ongoing contractual commitment to the Group by the majority of vendors?;they have a right to terminate their contractual relationships with the Group without notice or penalties
567;The increase in much of Asia is due to the low prices and availability of this material. Despite this increase in their use, growth rates are slowing down due to the development of renewable energies, the abundant and growing supplies of natural gas and the use of more efficient technology in new coal power plants.;What causes growth rates to slow down?;the development of renewable energies, the abundant and growing supplies of natural gas and the use of more efficient technology in new coal power plants
568;Our performance during 2017 was disappointing, primarily due to the changes we made over the last 24 months in our Sales and Lettings business.;What caused 2017's performance to be disappointing?;the changes we made over the last 24 months in our Sales and Lettings business
569;The Committee believes that the overwhelming support of shareholders for both the Policy and its implementation in 2015 mean no changes are required to the Policy and its implementation. For this reason the proposed new 2018 Policy is in substance the same as the current Policy. The vote on the 2017 Annual Report on Remuneration and new 2018 Remuneration Policy is due to take place at the AGM to be held on 27 April 2018.;What explains the proposed new 2018 Policy being in substance the same as the current Policy?;The Committee believes that the overwhelming support of shareholders for both the Policy and its implementation in 2015 mean no changes are required to the Policy and its implementation
570;On the other hand, the income of the international segment includes mainly the consolidation of London-Luton Airport (5th airport in the United Kingdom by number of passengers), as well as advisory services to international airports. The total revenue from international business reached 237.9 million euros in 2018 (+10.5% compared to 2017). Regarding the activity of the London-Luton Airport, the good performance of commercial revenue must be highlighted, especially for food, beverage and stores, due to the opening of the new premises in the expansion project of the terminal that create a more varied supply and to the change in the flow of passengers.;What does the opening of the new premises in the expansion project of the terminal lead to, in the context of the good performance of commercial revenue regarding the activity of the London-Luton Airport?;a more varied supply and to the change in the flow of passengers
571;The cost of guarantees increased to $696m (2016: $625m) primarily due to the impact of modelling changes. For unit-linked contracts, market risk is substantially borne by the policyholder, but some market risk exposure typically remains, as fees earned are related to the market value of the linked assets.;Why does some market risk exposure typically remain?;fees earned are related to the market value of the linked assets
572;3 A lower fee environment and the impact on our business model of margin attrition due to: – Changes in investor demand, driven by derisking, or a focus on lower fee margin products – Compressed investment returns leading to greater fee sensitivity – Moves towards vertical integration.;What did derisking, or focusing on lower fee margin products, result in?;Changes in investor demand
573;The annual bonus targets will have a 90% weighting based on performance under an agreed balanced scorecard which includes an element of risk appraisal. Within the scorecard at least 50% of the bonus will be based on financial performance. 10% of bonus will be based on personal performance targets.;What determines the weighting of the annual bonus targets?;performance under an agreed balanced scorecard which includes an element of risk appraisal
574;Pre-tax profits continued to increase, reaching £34.1 million (2016: £32.2 million), slightly ahead of the level anticipated at the beginning of the year due to more open market completions in the second half of the year and additional build to rent profit recognition. The gross margin before interest charges of 22.3 per cent and the operating margin before interest of 13.4 per cent were in line with expectations.;What factors drove the continued increase in pre-tax profits to £34.1 million, compared to 2016's £32.2 million, which is slightly ahead of the level anticipated?;more open market completions in the second half of the year and additional build to rent profit recognition
575;The market's 2017 results are proof, if any were needed, that business as usual is not sustainable. As a result the market is embracing new ways of working, and I am confident the combination of our strategic focus and the market's proven ability to respond to challenging conditions will ensure Lloyd's continues to offer innovative and competitive solutions across all lines of business.;What is the impact of the market's 2017 results indicating that business as usual is not sustainable?;the market is embracing new ways of working, and I am confident the combination of our strategic focus and the market's proven ability to respond to challenging conditions will ensure Lloyd's continues to offer innovative and competitive solutions across all lines of business
576;"The Board is able to oversee the setting and implementation of the Group's strategy due to a flat management structure; three members are Executive Directors and therefore actively involved in day-to-day implementation.";What explains the Board's ability to oversee the setting and implementation of the Group's strategy?;a flat management structure
577;All divisions were profitable in 2017, with Motor and Commercial reporting significant improvements in operating profit compared to 2016 due mainly to the non-repeat of the Ogden discount rate change. This was partially offset by a decrease in Home, primarily due to lower prior-year re serve releases and the impact of higher EoW claims. Rescue operating profit of £43.5 million (2016: £42.8 million) is included in the Rescue and other personal lines result.;What did the non-repeat of the Ogden discount rate change bring about?;All divisions were profitable in 2017, with Motor and Commercial reporting significant improvements in operating profit compared to 2016
578;The deficit is expected to have been cleared by the 2018/19 scheme year as a result of the payment of terminal bonuses by the scheme insurer in respect of member retirements that will take place over the next two years.;What is the reason the deficit is expected to be cleared by the 2018/19 year?;the payment of terminal bonuses by the scheme insurer in respect of member retirements that will take place over the next two years
579;The acquisition of the Magnus oil field and SVT assets from BP, announced in January 2017 and completed in December 2017, meant that our UK staff workforce had approximately doubled by the end of the year.;What implied the acquisition of the Magnus oil field and SVT assets from BP?;our UK staff workforce had approximately doubled by the end of the year
580;Relationship Agreement. PSG currently holds 38.1% of the issued share capital of the Company. By virtue of the size of its shareholding in the Company, PSG is a controlling shareholder for the purposes of the Listing Rules and was required to enter into an agreement with the Company.;What are the implications of the size of PSG's shareholding in the Company?;PSG is a controlling shareholder for the purposes of the Listing Rules and was required to enter into an agreement with the Company
581;Human and environmental impact: ― LTIs (Lost Time Incidents) and fatalities of ContourGlobal employees and contractors or local communities around the facilities due to incidents at the power plants ― Environmental accidents on site and in local communities Reputational impact due to poor H&S management.;What were the consequences of the incidents at the power plants?;LTIs (Lost Time Incidents) and fatalities of ContourGlobal employees and contractors or local communities around the facilities
582;A reduction in funds under management owing to poor retention will reduce future AMC income. This is predicted to arise from factors such as changes in the economic climate, poor investment performance, competitor activity, or reputational damage to the Group.;What does poor retention result in?;A reduction in funds under management
583;At present, the methodology for implementing the equalisation is uncertain and thus the impact cannot be reliably measured. As a result, no allowance has been made for GMP equalisation in the calculation of the deﬁned beneﬁt obligation within these consolidated financial statements.;Why is there an inability to reliably measure the impact of implementing the equalisation at present?;the methodology for implementing the equalisation is uncertain
584;The gross margins have reduced again this year due to the continued tightening in market prices for products we sell to the oil, gas and mining industries, where capital expenditure has been massively reduced due to the substantially low commodity revenues of the companies associated with the products.;What is the consequence of the substantially low commodity revenues of the companies associated with the products?;capital expenditure has been massively reduced
585;As a result of these very high standards and relentless focus, we have a strong performance in health and safety.;What explains their strong performance in health and safety?;these very high standards and relentless focus
586;Appointment of Chief Financial Officer and Non-executive Director In March 2017 the Committee appointed David Harris as Chief Financial Officer. However, unfortunately in August 2017 David Harris resigned from the Board due to health reasons. Subsequently the Committee appointed David Thomps on as Chief Financial Officer in September 2017.;Why did the Committee appoint David Thompson as Chief Financial Officer in September 2017?;David Harris resigned from the Board due to health reasons
587;Non-current assets – Non-current assets represent successful or work-in-progress exploration expenditure. The $7.1 million decrease is the result of the $3.0 million write-down of PY-3 and deferred tax asset of $4.5 million. The write down of PY-3 is due to the absence of a consensus amongst stakeholders.;What is the reason for the $3.0 million write-down of PY-3?;the absence of a consensus amongst stakeholders
588;Revenue increased to £114.7 million (2016: £111.3 million) mainly driven by the full year impact of the 2016 acquisition of National Plastics, offset by a reduction in glass sales as a result of the decision to focus on a more selective customer base and consolidate glass.;What was the effect of the full-year impact of the 2016 acquisition of National Plastics?;Revenue increased to £114.7 million (2016: £111.3 million)
589;Board composition I believe that a board sets the tone for the entire business that it governs. This is why it is so important that the directors are drawn from the widest talent pool, best reflecting our society, as well as bringing the right mix of skills, diversity and experience;What is the reason behind the importance of drawing directors from the widest talent pool?;I believe that a board sets the tone for the entire business that it governs
590;Failure to deliver tests and assessments and other related contractual requirements because of operational or technology issues, resulting in negative publicity impacting our brand and reputation.;What causes failure to deliver tests and assessments and other related contractual requirements?;operational or technology issues
591;This patented product delivers significant value to both our customers and the end user markets as the SyNovus® formulation significantly reduces the required operating temperature of glove manufacturing lines, reducing both energy costs and the associated environmental impact.;What benefits does reducing the required operating temperature of glove manufacturing lines provide?;reducing both energy costs and the associated environmental impact
592;Jasmin Staiblin was unable to attend the unscheduled meeting of the Science & Technology Committee in August due to prior commitments and this being arranged on short notice.;What was the reason for Jasmin Staiblin's inability to attend the unscheduled meeting of the Science & Technology Committee in August?;prior commitments and this being arranged on short notice
593;We are focused on the need to maximise the effectiveness of our information systems and technology as a business enabler and to reduce both cost and exposure as a result.;Why are they going to reduce both cost and exposure?;We are focused on the need to maximise the effectiveness of our information systems and technology as a business enabler
594;The nature of the business often means that when a customer is brought into the Group they stay loyal for a long period due to the lengthy engagement process from initial discussion to the raising of the purchase order.;What is the reason customers remain loyal to the Group for a long period after being brought in?;the lengthy engagement process from initial discussion to the raising of the purchase order
595;None of the 2015 LTIP awards that vest will be subject to deferral as they were awarded to participants under the 2014 directors' remuneration policy and therefore are not subject to deferral.;Why were none of the 2015 LTIP awards that vest subject to deferral?;they were awarded to participants under the 2014 directors' remuneration policy
596;Businesses and government departments can protect their networks from DDoS attacks fuelled by IoT-driven botnets by deploying a real-time, automated solution at the network edge, which can instantaneously detect and mitigate DDoS activity, thereby eliminating threats from entering a network.;Why can businesses and government departments eliminate threats from entering a network?;Businesses and government departments can protect their networks from DDoS attacks fuelled by IoT-driven botnets by deploying a real-time, automated solution at the network edge, which can instantaneously detect and mitigate DDoS activity
597;Shipping is an industry that people enter into because they are enthusiastic about world trade. This industry remains an attractive employment option as it offers career opportunities, flexibility and incentives for those who commit themselves.;What makes the shipping industry an attractive employment option?;it offers career opportunities, flexibility and incentives for those who commit themselves
598;The principal advisor to the Committee is Deloitte LLP (Deloitte), who was selected by the Committee in September 2016 by way of a tender process. Minnow Powell receives a pension from Deloitte and, as such, recused himself from all discussions relating to the appointment of Deloitte.;What was the consequence of Minnow Powell receiving a pension from Deloitte?;recused himself from all discussions relating to the appointment of Deloitte
599;The Group did not provide for corporation tax payable in 2017 due to the utilisation of Group relief and the availability of carried forward deductible timing differences and tax losses. Discontinued operations Inition was held for sale during 2017 and accordingly its results are presented as discontinued.;What was the impact of the Group's utilisation of Group relief and the availability of carried forward deductible timing differences and tax losses in 2017?;The Group did not provide for corporation tax payable in 2017
600;Suppliers that are being monitored and assessed due to identification of a serious breach are periodically reported to and reviewed by the Board. In 2016 we completed a quantitative analysis of material social risks in our worldwide supply chain. Suppliers were ranked against human and labour rights identified by internationally agreed standards and credible data taking account of geography and product.;What is the reason for the monitoring and assessment of the suppliers, which are periodically reported to and reviewed by the Board?;identification of a serious breach
601;We strengthened our business with companies, boosted customer loyalty and continued to transform the commercial model, now under the Santander brand. All of this is reflected in the good evolution of profits, thanks to net interest income and provisions and the cost of credit at very low levels.;What prompted the good evolution of Santander’s profits derived from the net interest income and provisions and the low levels of the cost of credit?;We strengthened our business with companies, boosted customer loyalty and continued to transform the commercial model, now under the Santander brand
602;As noted in the Strategic Report, all of the Directors are non-executive and therefore there is no Chief Executive Officer.;Why is there is no Chief Executive Officer?;all of the Directors are non-executive
603;Whilst the Group has made good progress in relation to its IRB project, further clarity on the BCBS proposals is still awaited, particularly those relating to new capital floors. As a result, this risk is considered to have remained stable during the year.;What is the cause of this risk being considered to have remained stable during the year?;further clarity on the BCBS proposals is still awaited, particularly those relating to new capital floors
604;Finance charges were higher in 2017 due to higher average usage of the corporate banking facilities as well as lower interest income received on cash collateral balances.;What factors contributed to finance charges being higher in 2017?;higher average usage of the corporate banking facilities as well as lower interest income received on cash collateral balances
605;The Group holds material balances relating to investments in associates and available for sale amounting to £30.4m. As a result of the impairment review at year-end, the Group recognised an impairment charge of £2.3m.;What caused the Group to recognise an impairment charge of £2.3m?;the impairment review at year-end
606;During the year the eight principal risks were reviewed in accordance with the risk management policy. By assessing the components of each principal risk it was considered appropriate to redefine two of the original risks and as a result the two were separated into three;What was the consequences of deciding to redefine two of the original risks?;the two were separated into three
607;This year, in accordance with the updated GHG Protocol Scope 2 guidance we have again calculated our scope 2 emissions using the market-based method (9,408 tonnes CO 2 e). This is a reduction on last year (10,848 tonnes CO 2 e) primarily driven by a more favourable supplier fuel mix at one of our key manufacturing sites.;What was the primary cause of the reduction in scope 2 emissions compared to last year?;a more favourable supplier fuel mix at one of our key manufacturing sites
608;Due to the greater return, combined with the maintained financial stability, we will be able to sustain an attractive dividend policy for our shareholders (>50% cash payout for the entire period).;What enables the sustainment of an attractive dividend policy for the shareholders?;the greater return, combined with the maintained financial stability
609;These business relations are carried out within the Group's compliance framework through the acceptance of the Company's code of ethics, which ensures that all business relations are carried out respecting key issues such as health and safety at work, service quality, respect for the environment and consumer protection. For this reason, in 2018 the acceptance of this code was included in all new contracts and with the main traditional suppliers. During the year suppliers have started to take part in the acceptance of the Group's code of ethics. The Euskaltel Group has also made a particular effort to convey the Company's corporate values and culture to the 781 suppliers with which it works. As operational efficiency and customer experience are key factors in the Euskaltel Group's day-to-day business, it is essential to ensure the success of providers' facilities and supplies and maintain close relations with local suppliers. This relationship is strengthened by enhancing the capacities that the Group offers its suppliers through training and the regular evaluations suppliers of whom 55.5% exceed a purchase volume of €10,000. The high volume of services purchased means that purchases in the areas in which the Group operates have a significant weight, at 39.2%.;Why is it essential to ensure the success of providers' facilities and supplies and maintain close relations with local suppliers?;operational efficiency and customer experience are key factors in the Euskaltel Group's day-to-day business
610;During the fiscal year 2017, the latest with data as of this report’s date, the Group improved its efficiency ratio by 1.4%, thanks to the ongoing effort in optimizing energy efficiency in its processes and premises, although the increase in activity has involved raising its emissions in absolute terms by 2.8%.;What factor contributed to the Group improving its efficiency ratio by 1.4% in 2017?;the ongoing effort in optimizing energy efficiency in its processes and premises, although the increase in activity has involved raising its emissions in absolute terms by 2.8%
611;• Performance Share Awards: over the performance period, the Company's TSR was below the median of the comparator group. As a result, the 2015 Performance Share Awards will not vest as the threshold was not met.;Why will the 2015 Performance Share Awards not vest?;over the performance period, the Company's TSR was below the median of the comparator group
612;An interim dividend of 4.90p per ordinary share was paid in May 2017. The Group has continued to strengthen and deliver very positive results, with very strong cash generation and a balance sheet that is growing in resilience. Despite the continued uncertain economic environment, the Board is confident in the outlook for the Group and therefore proposes a full-year dividend of 14.70p, a 1.4% increase on the full-year dividend for 2016.;Why does the Board propose a full-year dividend of 14.70p, which is a 1.4% increase from the full-year dividend for 2016?;Despite the continued uncertain economic environment, the Board is confident in the outlook for the Group
613;Manual handling, minor hand injuries, and slips and trips were the most common causes of injury or illness that resulted in lost time during 2017, and this is consistent with prior years.;What factors contributed to a loss of time during 2017?;Manual handling, minor hand injuries, and slips and trips were the most common causes of injury or illness
614;During a challenging year, the Group delivered revenue growth of 7%. Due to continued margin pressures within the legacy Marketing Activation and Books segments, the Group's Adjusted operating profit fell from £33.3 million to £27.1 million.;What did the continued margin pressures within the legacy Marketing Activation and Books segments lead to?;the Group's Adjusted operating profit fell from £33.3 million to £27.1 million
615;The interpretation, conducted by Southern Geoscience in Australia, resulted in over 140 targets to be followed up with systematic exploration. A further, more detailed review of the interpreted anomalies and historic Hummingbird data has enabled us to define a plan for future exploration programmes;What was the consequence of the interpretation conducted by Southern Geoscience in Australia?;over 140 targets to be followed up with systematic exploration
616;Brazil has significant long-term potential and the success of the local team in capturing this potential has resulted in the creation of a very valuable asset in Brazil, which is not reflected in the Group's headline numbers. As shares in this business become available, we have continued to purchase our full allocation. As a result, we now own 32% of the iFood operation (2016: 30%). Head office costs Head office costs were £17.0 million (2016: £14.2 million), reflecting the increase in headcount required to build a great technology company and run an international group.;What is the cause of the increase in ownership of the iFood operation to 32%, compared to 30% in 2016?;As shares in this business become available, we have continued to purchase our full allocation
617;The general expenses increase year by year, mainly due to the transformation of the distribution model (store branches, InTouch), greater expenditure on technology, and new regulatory requirements.;What are the factors behind the increase of expenses year by year?;the transformation of the distribution model (store branches, InTouch), greater expenditure on technology, and new regulatory requirements
618;In respect of the annual bonus, there is a payout under the profit element which is based on performance in the first half of the financial year. Cash performance during the year has been strong and this has resulted in an overall bonus payout of 46.3% of the maximum.;What was the effect of the strong cash performance during the year?;an overall bonus payout of 46.3% of the maximum
619;– The illustrations are based on initial award value and do not, therefore, reflect potential share price appreciation or any dividend equivalent received over the vesting/deferral periods.;Why do the illustrations not reflect potential share price appreciation or any dividend equivalent received over the vesting/deferral period?;The illustrations are based on initial award value
620;Balance sheet and cash Net assets at 31 March 2017 were £204.3 million, an increase from £187.0 million last year mainly due to retained profits. This equates to net assets per share of 271.3 pence (31 March 2016: 249.8 pence).;What led to net assets increasing to £204.3 million as of 31 March 2017, up from £187.0 million the previous year?;retained profits
621;Net bank charges were £3.0m (2016: £3.3m), because of modestly lower net debt during 2017 than 2016 offset by a higher level of commitment fees and issue costs amortised in 2017. We incurred a £5.1m finance charge (2016: £5.0m charge), reflecting the imputed interest on land bought on deferred terms.;What accounts for the net bank charges amounting to £3.0m, compared to 2016's £3.3m?;modestly lower net debt during 2017 than 2016 offset by a higher level of commitment fees and issue costs amortised in 2017
622;"As part of the review of auditor independence, Deloitte has confirmed that it is independent of the Company and has complied with applicable auditing standards. Deloitte has held office as auditor for 17 years; in accordance with professional guidelines the engagement partner is rotated after at most five years and this is the current partner's second year.";What are the implications of professional guidelines?;the engagement partner is rotated after at most five years
623;• Identified 29 reporting units, three of which were significant due to their size. These comprised certain operating businesses in Indonesia, associates and centralised functions which required an audit of their complete financial information.;What was the reason that three out of the 29 identified reporting units were considered significant?;their size
624;The Board reserves to itself matters to decide and monitor or oversee. It delegates other matters to its Committees or the Chief Executive. This allocation of responsibility enables the Board to spend time on the most significant matters and make best use of the knowledge, skills and experience on the Board.;What does the allocation of responsibility make possible?;to spend time on the most significant matters and make best use of the knowledge, skills and experience on the Board
625;• Slowdown in the foreign sector: in 2018, the current account balance will be lower than in 2017 due to an increased energy bill, the slowdown in exports of non-tourism related services, and the normalisation of tourism flows after an exceptional 2017.;What is the consequence of the increased energy bill, the slowdown in exports of non-tourism related services, and the normalisation of tourism flows?;in 2018, the current account balance will be lower than in 2017
626;We remain a service-based business and our people are the key to our success. We understand that in reshaping a number of businesses into one business the change process can be painful. I would therefore particularly like to thank our staff for their endeavours through the year.;What is the reason for thanking their staff for their endeavors throughout the year?;We understand that in reshaping a number of businesses into one business the change process can be painful
627;Distribution costs, sales and marketing Distribution costs, sales and marketing decreased to £9.42m (reclassified 2016: £12.51m). This includes amortisation of intangible assets acquired as part of the acquisition of DARA/MPUS resulting in a charge of £1.38m (2016: £3.39m).;What caused the charge of £1.38m?;amortisation of intangible assets acquired as part of the acquisition of DARA/MPUS
628;S&M infrastructure expanded in the US Sales and marketing expenditure was £28.6 million (2016: £20.4 million). The increase in cost is due to an expansion of the salesforce in order to increase the reach into target prescribers as well as having salesforce costs for the entire year.;What factors contributed to S&M's marketing expenditure rising to £28.6 million, compared to £20.4 million in 2016?;an expansion of the salesforce in order to increase the reach into target prescribers as well as having salesforce costs for the entire year
629;The contribution by this company was minimal this year, since it was only incorporated in the last quarter, but it is expected to be an important element in our sourcing diversification strategy this year, with a major contribution as a specialist in organic rice.;Why was the company’s contribution minimal this year, even though it is expected to be an important element in their sourcing diversification strategy, with a major contribution as a specialist in organic rice?;it was only incorporated in the last quarter
630;– Loss of competitive advantage due to an inability to attract and retain Top Talent. – Loss of intellectual capital due to poor retention of talent.;What factor contributed to the loss of intellectual capital?;poor retention of talent
631;The legislation to repeal the Minerals Resource Rent Tax (MRRT) in Australia took effect on 30 September 2014. As a result, the Group derecognised a MRRT deferred tax asset of US$809 million and corresponding taxation charges of US$698 million.;What did the legislation repealing the Minerals Resource Rent Tax (MRRT), which took effect on 30 September 2014 in Australia, lead to?;the Group derecognised a MRRT deferred tax asset of US$809 million and corresponding taxation charges of US$698 million
632;Based on the above, and assuming there is no significant adverse change to the regulatory environment and tax treatment of UK investment trusts, the Directors have a reasonable expectation that the Company will be able to continue in operation and meet its liabilities as they fall due over the five year period of assessment.;What are the effects of assuming there is no significant adverse change to the regulatory environment and tax treatment of UK investment trusts?;the Directors have a reasonable expectation that the Company will be able to continue in operation and meet its liabilities
633;The system of internal control is designed to identify, evaluate and manage significant risks associated with the achievement of the Group's objectives. Because of the limitations inherent in any system of internal control, this system is designed to meet the Group's particular needs and the risks;What is the reason this system is designed to meet the Group's particular needs and risks?;the limitations inherent in any system of internal control
634;The group's results in 2017 have been adversely impacted by the significant losses incurred by CCD's home credit business as a result of the operational disruption following the transition to a new operating model and the estimated costs associated with the resolution of the FCA investigation into Vanquis Bank and the current status of the FCA investigation into Moneybarn.;What factors drove the losses incurred by CCD's home credit business, which negatively impacted the Group's results in 2017?;the operational disruption following the transition to a new operating model and the estimated costs associated with the resolution of the FCA investigation into Vanquis Bank and the current status of the FCA investigation into Moneybarn
635;Due to the uncertainty regarding the implications of Brexit, the risk that we are not ready to comply with post‑Brexit requirements which could restrict our ability to operate within the EU.;What is the effect of the uncertainty regarding Brexit?;the risk that we are not ready to comply with post‑Brexit requirements which could restrict our ability to operate within the EU
636;"For those risks considered sufficiently severe to affect our viability, we performed stress-testing for the assessment period, which involved modelling the impact of a combination of severe and plausible adverse scenarios, including the following, in each case with the scenario taking effect immediately: a) reduction of UHC tariffs by 5%; b) extension of an average state receivables collection cycle from the current five months to seven months; c) increase of supplier prices by 5%, as a result of the exchange rate pressures on imported goods; d) a sudden deterioration of the receivables credit risk by 200 bps; e) depreciation of Lari by 20%; f) instant growth of total insurance claims by 15%; and g) in the last scenario, all of the previous stress scenarios happening all together.";What is the reason for the 5% increase in supplier prices?;the exchange rate pressures on imported goods
637;Underlying Group EBITDA declined by 10.1% to £10.0m (2016: £11.2m). This decline has been driven by an increase in UK overheads of £1.0m (5.6%), due to investment in support of our strategic initiatives and well-publicised cost headwinds.;What has caused underlying Group EBITDA to decline by 10.1% to £10.0 million, compared to £11.2 million in 2016?;an increase in UK overheads of £1.0m (5.6%
638;Supply chain and raw materials Raw materials or components may become difficult to source because of material scarcity or disruption of supply. Sales and profitability may be reduced during the period of constraint.;What is the effect of material scarcity or disruption of supply?;Raw materials or components may become difficult to source
639;The Group has a net deferred tax asset of US$1,297.5 million at 31 December 2017 (2016: US$1,111.4 million). The increase in deferred tax asset primarily arises due to new UK tax losses and allowances generated in the year.;What two factors primarily contributed to the increase in deferred tax asset?;new UK tax losses and allowances generated in the year
640;While each of Mr Bonanno and Mr Topouzoglou are considered to be independent in character and judgement, David Bonanno is not deemed to be independent by reference to the criteria set out in the Code as a result of representing Third Point Hellenic Recovery (Lux) S.Á. R.L.;Why was David Bonanno not deemed independent according to the criteria set out in the Code?;representing Third Point Hellenic Recovery (Lux) S.Á. R.L
641;It should be noted that energy from these sources grew by 35.8% versus the previous year because of the greater hydroelectric power generation capacity in Spain linked to increased rainfall, and the installation and operation of micro solar plants in Brazil.;What caused the increase of energy production from these sources?;the greater hydroelectric power generation capacity in Spain linked to increased rainfall, and the installation and operation of micro solar plants in Brazil
642;The Company showed agility in the acquisitions market over the year with the purchase of a major shopping centre in Bexleyheath, South East London, a retail park in Dumfries and a retail warehouse in Sheffield. The latter purchase subsequently generated cash receipts of £11.5 million, which, in accounting terms, fall within the definition of Funds From Operations. The Board has therefore approved a further special dividend of 3.0 pence to be paid on 4 August 2017 to shareholders on the register on 16 June 2017.;What explains the generation of cash receipts of £11.5 million, falling within the definition of Funds From Operations?;the purchase of a major shopping centre in Bexleyheath, South East London, a retail park in Dumfries and a retail warehouse in Sheffield
643;This inflation in demand has resulted in exponential growth in data processing and data storage requirements.;What was the outcome of the augmented demand?;exponential growth in data processing and data storage requirements
644;Adjusted EBITDA grew by 21.9% to £2.1m (2016: £1.7m). EBITDA as a percentage of sales fell slightly from 34.2% to 32.8%, primarily due to a small increase in manpower costs as the structure required to run the enlarged division was established.;What was the effect of the small increase in manpower costs?;EBITDA as a percentage of sales fell slightly from 34.2% to 32.8%
645;In terms of regulatory requirements and the group's liquidity policy, Investec plc (and its subsidiaries) are ring-fenced from Investec Limited (and its subsidiaries) (and vice versa) and both legal entities are therefore required to be self-funded.;Why are both Investec plc and Investec Limited required to be self-funded?;Investec plc (and its subsidiaries) are ring-fenced from Investec Limited (and its subsidiaries) (and vice versa)
646;The Group uses debt to partly finance its property investment. By doing so, the Group leverages its investment and is able to acquire properties without raising equity. Leverage magnifies both gains and losses, and therefore the risk of using leverage is that the loss is much greater;Why does using leverage increase the risk of significantly greater losses?;Leverage magnifies both gains and losses
647;Both ratios have increased due to ongoing project expenditure of £20.06 million over the period, but remain at low levels relative to loan covenants which will continue to be carefully monitored.;Why have both ratios increased?;ongoing project expenditure of £20.06 million over the period
648;Louise Makin now has the deferred Core awards plus the associated Multiplier awards (total 208,806 awards) subject to a five year TSR condition. Rolf Soderstrom did not roll over any of his 2013 Core awards and therefore does not have any outstanding awards from 2013.;What is the reason Rolf Soderstrom was unable to achieve any outstanding award from 2013?;Rolf Soderstrom did not roll over any of his 2013 Core awards
649;• Under the new policy, awards will be made as PSUs only and therefore the use of performance-based SARs will be discontinued. • As a result, the maximum opportunity level has been reduced to 600 percent of salary from 840 percent.;What will be the result of making awards as PSUs only under the new policy?;the use of performance-based SARs will be discontinued
650;• As external threats become more sophisticated, and the potential impact of service disruption increases, we continue to invest in cyber security. Recognising that this risk cannot be eliminated, we have implemented significant protective measures which will need to be continuously enhanced.;What are the consequences of recognising that this risk cannot be eliminated?;we have implemented significant protective measures which will need to be continuously enhanced
651;In Watson-Marlow, which accounted for 25% of Group revenues, organic growth was 10% and was supplemented by 5% due to favourable currency movements. The full year effect of the acquisition of Aflex at the end of November 2016 added a further 12% to sales bringing reported growth to 28%.;What factor contributed to Watson-Marlow's organic growth of 10% being supplemented by an additional 5%?;favourable currency movements
652;Limitations on new capital available arising from: - shortage of financing or re-financing at an acceptable cost, - adverse changes in macroeconomic conditions.;What do limitations on new capital available owe to?;shortage of financing or re-financing at an acceptable cost, - adverse changes in macroeconomic conditions
653;Our people are crucial to the success of Renewi. Their dedication and commitment to our 'waste no more' ethos is one of the key reasons why our customers choose to work with us. This is why the health, safety, wellbeing and engagement of our people are top priorities for the Group.;What is one of the main reasons customers choose to work with Renewi?;Their dedication and commitment to our 'waste no more' ethos
654;The Committee ensures that targets set are the relevant drivers of required annual performance. Consequently, some of the targets are too commercially sensitive to disclose as they are not disclosed elsewhere in the report.;What are the implications of the Committee ensuring that targets drive the required annual performance?;some of the targets are too commercially sensitive to disclose
655;The rise in the market price was partially mitigated by high hydroelectric production of the system, 88% more than in the previous year, as well as by the elimination of the generation tax in the final quarter of the year. The price recorded a monthly minimum in March, with €40.2/MWh, driven by high hydroelectric and wind production. From that point an upward trend began, mainly due to the aforementioned increase in the cost of emission rights, reaching a monthly maximum in September with €71.3/MWh. The elimination of the generation tax in the final quarter of the year, as well as a moderation in gas prices, helped to moderate prices, resulting in an average price of €63.0/MWh in the quarter.;What facilitated the moderation of prices, resulting in an average price of €63.0/MWh in the quarter?;The elimination of the generation tax in the final quarter of the year, as well as a moderation in gas prices
656;The unchanged capacity and fall in revenue and underlying EBITDA in Foster Care is due to the competitive nature of the market as well the change to family assessments in the home. It is also due to capacity being reported on the basis of the children that carers are able;What reasons explain the unchanged capacity and the fall in revenue and underlying EBITDA in Foster Care?;the competitive nature of the market as well the change to family assessments in the home
657;Adjusted operating expenses Adjusted operating expenses grew from £64.6m (2016) to £71.4m. This was due to a number of factors: • Ongoing growth in the number of customers buying new products for the first time continues to be a driver of overhead, especially in the area of provisioning product to our new Enterprise customers.;What is the reason behind the increase in adjusted operating expenses from £64.6 million in 2016 to £71.4 million?;Ongoing growth in the number of customers buying new products for the first time continues to be a driver of overhead, especially in the area of provisioning product to our new Enterprise customers
658;This working group is therefore working in the field of the Continuous Descent Approach (CDA), the so-called green landings. These approach manoeuvres entail lower acoustic contamination and CO2 emissions, as well as a lower fuel consumption.;What is the implication of the Continuous Descent Approach (CDA), also called green landings?;lower acoustic contamination and CO2 emissions, as well as a lower fuel consumption
659;Total discretionary funds grew 17.4% (15.3% excluding acquired funds) to £33.8 billion (2016: £28.8 billion) driven by record gross funds inflows of £3.4 billion (2016: £2.4 billion) and lower gross outflows of £1.2 billion (2016: £1.5 billion).;What factors led to the total discretionary funds growing by 17.4% to £33.8 billion?;record gross funds inflows of £3.4 billion (2016: £2.4 billion) and lower gross outflows of £1.2 billion (2016: £1.5 billion)
660;There are certain product categories which we import to the UK, particularly chain manufactured in our European facilities. Whilst this has become more expensive as a result of the foreign exchange movements, the majority of competitor products are sourced from Europe and the Far-East and are exposed to similar inflationary pressure.;What is the reason that the products they import to the UK, mainly chain-manufactured in their European facilities, have become more expensive?;the foreign exchange movements
661;Said improvement, although insufficient due to the loss situation, in an overall analysis of financial year 2018, was possible due to the increase in turnover, to higher sales prices and to a better product mix, together with the progress in the results of the TRansforma | 360º Plan. All of which has allowed for the mitigation of the negative effects of the lower activity of the large diameter plant and the protectionist measures of the United States in the second part of the year, as well as the increase in the costs of raw materials, with an increase in the price of scrap metal and the devaluation of the US dollar of 12 and 3.6 percent for the year as a whole, respectively.;What was the consequence of the improvement derived from the increase in turnover, higher sales prices and a better product mix, together with the progress in the results of the TRansforma | 360º Plan?;the mitigation of the negative effects of the lower activity of the large diameter plant and the protectionist measures of the United States in the second part of the year, as well as the increase in the costs of raw materials, with an increase in the price of scrap metal and the devaluation of the US dollar of 12 and 3.6 percent for the year as a whole, respectively
662;• In a highly competitive market, CCF has focused on passing through significant cost price inflation on specific insulation products. The business is generating good operating leverage as the new branches opened in late 2015 reach maturity. Differentiation, and therefore market outperformance, is driven by the development of a deeper understanding of customer requirements, and in so doing, forming closer customer relationships.;What does the good operating leverage of the business owe to?;the new branches opened in late 2015 reach maturity
663;• Sales in the Spanish deregulated market were €8,238 million in 2018, €219 million less than in 2017 (–2.6%), mainly due to the decrease in physical units sold and to the development in the price of energy.;What was the impact of the decrease in physical units sold and to the development in the price of energy?;Sales in the Spanish deregulated market were €8,238 million in 2018, €219 million less than in 2017 (–2.6%)
664;The emphasis on linking pay with performance will continue, thus variable pay will be used in the form of an annual performance bonus and a long-term incentive award, which will remain significant components of the Executive Directors' total remuneration package.;What will be the effect of the ongoing emphasis on linking pay with performance?;variable pay will be used in the form of an annual performance bonus and a long-term incentive award
665;The Group’s objective is to become the benchmark in the sector and the first choice for customers and users, as a result of the quality of its products and the service excellence in all its activities.;What fosters the Group's exceptional positioning of the Group in the industry and public opinion?;the quality of its products and the service excellence in all its activities
666;As per mandatory greenhouse gas disclosure, our organisational boundary for environmental disclosure is based on the principle of operational control, and therefore includes all property assets where we are responsible for the procurement of energy, water and waste services.;What is the reason for including all property assets where they are responsible for the procurement of energy, water and waste services?;As per mandatory greenhouse gas disclosure, our organisational boundary for environmental disclosure is based on the principle of operational control
667;Thanks to these new loans arranged during the year and the rollover of the syndicated loan for an additional year, 80% of the company’s available financial resources have a maturity of over 4 years.;What did the year's new loans and the one-year extension of the syndicated loan result in?;80% of the company’s available financial resources have a maturity of over 4 years
668;Intercede's strategic investment plan has resulted in a progressive increase in employees, resulting in one of the largest teams with cryptographic key management experience and expertise anywhere in the world.;What has been the effect of Intercede's strategic investment plan?;a progressive increase in employees
669;Fiscal pressures on Government as a result of reduced revenues due to lower oil prices is evident in the increasing number of audits being undertaken to identify areas of non-compliance. The Group remains committed to maintaining the highest levels of compliance and works closely with local regulatory authorities.;What caused the reduction in revenues?;lower oil prices
670;Our portfolio saw a valuation fall of 1.4% over the year. The decline of 2.8% in the first half was primarily due to outward yield shift of 19 bps. This was partially offset by a valuation increase of 1.6% in the second half.;What was the main reason for the 2.8% decline in the first half?;outward yield shift of 19 bps
671;Australia's recovery was driven by a surge in exports in the fourth quarter of 2016 as commodity exports picked up robustly and as commodity prices firmed.;What factors drove to the surge in exports in the fourth quarter of 2016?;commodity exports picked up robustly and as commodity prices firmed
672;The clear commitment to innovation and continuous improvement in all areas of activity has led to the renewal of part of its fleet, which will be concluded by 2020, with the construction of 7 new vessels: three for the subsidiaries, Novanam and Lalandii in Namibia and four for Pescamar, the Mozambican subsidiary. It is an innovative and responsible bet, since they will be equipped with highly efficient engines, improved equipment for on board processing and greater comfort for the living and working conditions of their crew. Their construction is taking place in Galicia, generating 200 jobs.;Why is the construction of 7 new vessels a responsible bet?;they will be equipped with highly efficient engines, improved equipment for on board processing and greater comfort for the living and working conditions of their crew
673;Based on performance to 31 December 2017, 30% of the share award made under the 2015 PSA will vest in March 2018, driven by strong progress against long-term strategic targets. We introduced strategic objectives in the PSA in 2015 as we believed it was important for management to be focused.;What is the reason 30% of the share award made under the 2015 PSA will vest in March 2018?;performance
674;As the Board has contractually delegated to other companies the investment management, the custodial services and the day-to-day accounting and company secretarial requirements, the Company relies significantly upon the system of risk management and internal controls operated by those companies.;What are the consequences of the Board contractually delegating investment management, custodial services, and the day-to-day accounting and company secretarial requirements to other companies?;the Company relies significantly upon the system of risk management and internal controls operated by those companies
675;The MVP A, B and C shares are not listed shares, and therefore the nominal value (£0.001) has been used rather than the share price.;What was the consequence of the MVP A, B, and C shares not being listed?;the nominal value (£0.001) has been used rather than the share price
676;Although construction was largely accomplished before the end of 2017 as planned, due to delays in delivery of certain items of equipment and to regulatory clearance, completion of the project was delayed by approximately three months.;What did delays in delivery of certain items of equipment bring about?;completion of the project was delayed by approximately three months
677;The average Henry Hub US natural gas price reference for Repsol was $3.1/MBtu (in line with 2017 data). The supply of natural gas in the United States continued to grow at significant rates for both dry gas and gas associated with the production of oil. On the demand side, the increase in the exports of liquefied natural gas (LNG) and the spike in demand for the production of electricity were key factors. The latter was due to the switch from coal as a production fuel. Inventories at the end of December were 19% lower than both the level reached in 2017 and the historic average over the past five years.;What did the switch from coal as a production fuel entail at Repsol in the United States?;the spike in demand for the production of electricity
678;The Board has established financial controls and reporting procedures which are considered appropriate given the size and structure of the Group. It is the intention of the Board that these controls will be reviewed regularly in light of the future growth and development of the Group and adjusted accordingly.;What is the reason the Board intends to have the financial controls regularly reviewed?;the future growth and development of the Group
679;The Board recognises that good communication is key to maintaining shareholder relations, and as such we will endeavour to explain our actions and financial results on a regular basis and to respond to investor inquiries and feedback.;What are the implications of the recognition by the Board that good communication is key to maintaining shareholders relations?;we will endeavour to explain our actions and financial results on a regular basis and to respond to investor inquiries and feedback
680;A lower pipeline is not a matter of undue concern: growing our pipeline should not be expected to be a smooth progression given the effects of the timing and scale of individual awards.;What factors lead to the recommendation not to expect a smooth progression in growing the pipeline?;the effects of the timing and scale of individual awards
681;Auditor's responsibilities for the audit of the financial statements. Our objectives are to obtain reasonable assurance about whether the financial statements as a whole are free from material misstatement, whether due to fraud or error, and to issue an auditor's report that includes our opinion.;What two factors are liable to cause a material misstatement in the financial statements as a whole?;fraud or error
682;New directors receive formal induction training on joining the Board. The training is tailored to the needs of each director given their existing knowledge and experience, and any committees on which they will serve. Training covers key aspects of the Society's business. Established directors must continue their professional development and maintain their knowledge of the Society's operations, including branch and department visits.;What factors contribute to meeting the directors' needs when tailoring their training?;their existing knowledge and experience, and any committees on which they will serve
683;Currency risk – the Group buys from suppliers and sells to customers based outside of the UK and consequently these dealings may be in foreign currencies that are subject to exchange rate fluctuations.;Why might these dealings be in foreign currencies that are subject to exchange rate fluctuations?;the Group buys from suppliers and sells to customers based outside of the UK
684;Towards the end of 2017 we saw a reversal in currency movements as the US dollar weakened in the fourth quarter. The rates used to translate the balance sheet are therefore different, with the US$/£ closing rate of $1.35 (December 2016: $1.24).;Why are the rates used to translate the balance sheet different, considering the US$/£ closing rate is $1.35 this year, compared to $1.24 in December 2016?;Towards the end of 2017 we saw a reversal in currency movements as the US dollar weakened in the fourth quarter
685;Collaborating within this institutional environment fosters the establishment of orderly and inclusive dialogue with certain stakeholders on matters material to their activity, which thereby enables making greater contributions to value thanks to the forging of bonds with stakeholders in general, and specifically, with regulatory authorities and bodies.;Which factors facilitate the greater contributions to value in the context of the collaboration within the institutional environment?;the forging of bonds with stakeholders in general, and specifically, with regulatory authorities and bodies
686;The Committee consists of two independent non-Executive Directors: Sir Ian Carruthers (Chairman) and Simon Constantine. Christopher Mills, a non-Executive Director who is not considered to be independent because he represents shareholders controlling 28.1% of the Company's ordinary shares, also sits on the Committee.;What is the reason Christopher Mills, a non-Executive Director, is not considered independent?;he represents shareholders controlling 28.1% of the Company's ordinary shares
687;Long-term incentive plan 2015 PSP – review of achievement of performance measures 2018 LTIP – setting targets that ensure significant stretch The 2015 awards will not vest due to performance conditions not being satisfied.;What is the impact of performance conditions not being satisfied?;The 2015 awards will not vest
688;This graph shows the value, by 31 December 2017, of £100 invested in Spectris on 31 December 2008, compared with the value of £100 invested in the FTSE 250 (excluding investment trusts) Index on the same date. This index has been chosen because it is a widely recognised performance benchmark;Why was this particular index chosen?;it is a widely recognised performance benchmark
689;Delivering a complex integration programme. Bringing together Shanks and Van Gansewinkel is an integration which predominantly involves our people based in the Benelux. Due to the size and scale of the merger, as well as the involvement of the Works Councils, it has been paramount to plan and execute carefully.;What factors have driven the need for the integration to be planned and executed carefully?;the size and scale of the merger, as well as the involvement of the Works Councils
690;Whether taking a holiday flight with Jet2.com, or end-to-end Real Package Holidays™ with Jet2holidays, we recognise that this is one of the most important family experiences of the year. Our core principles therefore are to be family friendly, offer value for money and give great service.;What is the reason for the core principles being to be family friendly, offer value for money and give great service?;we recognise that this is one of the most important family experiences of the year
691;As at 30 April 2017, the Bespak's IAS 19 deficit was £40.6m compared with £23.4m as at 30 April 2016. The significant increase in the deficit was primarily due to a marked reduction in the discount rates.;What was the primary reason for the increase in Bespak's IAS 19 deficit from £23.4m in 2016 to £40.6m in 2017?;a marked reduction in the discount rates
692;The Group's risk management assurance programme is closely linked with its compliance monitoring programme. Any breaches found by the Compliance department are recorded in the in-house error database and allocated to a failed control and the associated risk category. The business therefore considers any breaches as part of the overall risk assessment and management process, ensuring that appropriate corrective actions are taken.;What ensures that appropriate corrective actions are taken?;The business therefore considers any breaches as part of the overall risk assessment and management process
693;DIA has a Group risk management model that identifies, evaluates, prioritises and monitors risks related to its activity. Some of these risks are environmental in nature and they may affect the company in the short, medium or long term. Additionally, DIA's Environmental department identifies in detail any climate-related risks, such as an increase in temperatures and the subsequent rise in stores' energy consumption, or an increase in landfill rates due to changes in the legislation on waste.;What is the effect of changes in the legislation on waste in the context of DIA's Environmental department identifying in detail climate-related risks?;an increase in landfill rates
694;Our liquidity risk management reflects evolving best practice standards in light of the challenging environment. Liquidity risk management encompasses the ongoing management of structural, tactical day-to- day and contingent stress liquidity.;What is the impact of the challenging environment?;Our liquidity risk management reflects evolving best practice standards
695;Last year, following an independent review by PricewaterhouseCoopers LLP (PwC), we made some changes to enhance our risk management and internal control framework. It was important, therefore, that the committee reviewed the effectiveness of those changes, which we did this year.;What were the implications of the independent review by PricewaterhouseCoopers LLP (PwC) last year?;we made some changes to enhance our risk management and internal control framework
696;• Continuous improvement of reporting processes as a result of better data capture.;What is the effect of better data capture?;Continuous improvement of reporting processes
697;Profit performance for the Group was below threshold as a result of the challenges faced in the Municipal Division.;What caused the profit performance for the Group to be below threshold?;the challenges faced in the Municipal Division
698;Operating expenses, excluding depreciation, increased by €8.6m to €28.4m (2016: €19.8m) mainly as a result of the new acquisitions made during the year. The continued additional investment in strengthening Keywords' management to successfully manage the growth of the Group also contributed.;What was the main outcome of the new acquisitions made during the year?;Operating expenses, excluding depreciation, increased by €8.6m to €28.4m (2016: €19.8m)
699;The reduction in the ratio reflects the fact that in 2017 we had significant revenue growth, including the highest ever performance fees. We believe that this ratio is appropriate for this year and therefore additional returns in the form of dividends will accrue to shareholders.;What factors contributed to the reduction in the ratio?;we had significant revenue growth, including the highest ever performance fees
700;Potential for increased frequency and severity of claims due to climate change that reduces the commercial performance of the Group.;What factor contributes to the potential for increased frequency and severity of claims?;climate change that reduces the commercial performance of the Group
701;Due to the Group's current size and complexity, the Audit Committee did not deem it necessary to operate an internal audit function during the year. The Audit Committee was able to satisfy itself as to the proper implementation and operation of controls during the year through the review;What do the Group's current size and complexity imply?;the Audit Committee did not deem it necessary to operate an internal audit function during the year
702;"• Implementation of A-CDM or CDM (""Airport Collaborative Decision Making"" or ""Collaborative Decision Making"") whose purpose is to improve the overall efficiency of airport operations, through the sharing of updated information of an operational nature. The result is a reduction of taxi times and therefore a lower fuel consumption and emissions.";What is the effect of the reduction of taxi times regarding the implementation of A-CDM or CDM, whose purpose is to improve the overall efficiency of airport operations through the sharing of updated information of an operational nature?;a lower fuel consumption and emissions
703;5. IFRS net assets IFRS net assets at 31 March 2017 were £9,476 million, a decrease of £143 million from 31 March 2016. This was primarily due to IFRS profit before tax of £195 million being less than the dividends paid in the year of £296 million.;What was the impact of the IFRS profit before tax of £195 million being less than the dividends paid during the year of £296 million?;IFRS net assets at 31 March 2017 were £9,476 million, a decrease of £143 million from 31 March 2016
704;Australia's recovery was driven by a surge in exports in the fourth quarter of 2016 as commodity exports picked up robustly and as commodity prices firmed.;What motivated Australia's recovery?;a surge in exports in the fourth quarter of 2016
705;All-in sustaining costs were in line with expectations at $721 per gold equivalent ounce or $9.7 per silver equivalent ounce (2016: $646 per ounce). Costs rose versus 2016 due to the previously-disclosed investment in the expansion of the tailings dam and other infrastructure as well as reduced mined tonnage;What factors contributed to the rise of costs in 2016?;the previously-disclosed investment in the expansion of the tailings dam and other infrastructure as well as reduced mined tonnage
706;Own sourced copper production of 238,700 tonnes was 15,700 tonnes (6%) lower than in 2016, reflecting throughput restrictions at Mutanda, initially related to unusually wet weather, and in Q3, due to an interruption in sulphuric acid supply. Antamina Glencore's share of copper production was 142,600 tonnes, in line with 2016, and the share of zinc production was 128,100 tonnes, an increase of 61,300 tonnes (92%) on 2016, reflecting the higher proportion of copper/zinc ores being mined, and the inherent nature of the Antamina deposit.;What caused the throughput restrictions at Mutanda in Q3?;an interruption in sulphuric acid supply
707;Appointment of Chief Financial Officer and Non-executive Director In March 2017 the Committee appointed David Harris as Chief Financial Officer. However, unfortunately in August 2017 David Harris resigned from the Board due to health reasons. Subsequently the Committee appointed David Thompson as Chief Financial Officer in September 2017.;What caused David Harris to resign from the Board?;health reasons
708;The vanadium market is relatively small and pricing opaque. That said, the fundamentals behind pricing, both in terms of supply and demand, currently look favourable. V2O5 prices increased by 130% over the past year due to tightened supply;What caused V2O5 prices to increase by 130% over the past year?;tightened supply
709;A sustained reduction in AUM and/or NUM as a result of adverse market movements could result in a corresponding reduction in management and performance fee revenue. This may be partly offset by an increase in our advisory revenues as clients re-evaluate their investment and hedging strategies.;What factor is behind a sustained reduction in AUM and/or NUM?;adverse market movements
710;Discretion: In the Committee's experience, directors leave for a wide variety of reasons and individual circumstances, which do not all fall within the 'good leaver' categories outlined above. The Committee therefore retains discretion to approve payments to individuals based on individual circumstances and performance while in office or employment.;What is the consequence for the Committee of directors leaving outside the 'good leaver' categories?;retains discretion to approve payments to individuals based on individual circumstances and performance while in office or employment
711;The Group is exposed to counterparty credit risk arising from brokerage receivables owed by clients, unsettled matched principal trades held with clients and from cash deposit counterparties.;What factors contribute to the Group's counterparty credit risk?;brokerage receivables owed by clients, unsettled matched principal trades held with clients and from cash deposit counterparties
712;Net debt improved on the prior year and our Net debt/EBITDA ratio of 1.2x, (down from FY16 1.7x) improved year on year as a result of disposal proceeds from the sale of Education & Care, and free cash flow generation from trading, even after Adjusted items. This has enabled a £59.6m reduction in net debt while delivering £23.6m (FY16: £22.7m) in dividend payments.;What factors facilitated the £59.6m reduction in net debt while delivering £23.6m in dividend payments, compared to £22.7m in FY16?;Net debt improved on the prior year and our Net debt/EBITDA ratio of 1.2x, (down from FY16 1.7x) improved year on year as a result of disposal proceeds from the sale of Education & Care, and free cash flow generation from trading, even after Adjusted items
713;This increase is largely due to the inclusion of emissions from Metro, Salford Quays, Manchester (acquired during 2016). The new site is a significant consumer as it is the third largest office in the portfolio by floor area.;Why is the new site a significant consumer?;it is the third largest office in the portfolio by floor area
714;As stated in last year's Annual Report, the Audit Committee agreed to place the external audit out to tender as a result of mandatory firm rotation. I am pleased to say that following t he tender review, which was undertaken in January 2017, the Board has approved the proposed appointment of KPMG LLP as the Company's External Auditor for the coming financial year.;What did mandatory firm rotation bring about?;the Audit Committee agreed to place the external audit out to tender
715;The Board determines whether Non-executive Directors are independent. The Board considers four of the five Non-executive Directors serving at the date of this report to be independent. Mr Bungane, by virtue of being nominated by the Company's BEE partner, Phembani, is not considered to be independent.;What is the reason Mr. Bungane is not considered independent?;being nominated by the Company's BEE partner, Phembani
716;The Committee has retained the LTIP as it wishes to ensure that a significant part of the incentives are based on long-term multi-year performance. This will help ensure that short-term performance is not prioritised over long-term sustainable value.;Why has the Committee retained the LTIP?;it wishes to ensure that a significant part of the incentives are based on long-term multi-year performance
717;"Miles Roberts Group Chief Executive ""We are delighted to report another year of good growth for DS Smith, delivered through a combination of acquisitions and organic development. We have again expanded our customer offering during the year both geographically and through our continuous focus on innovative solutions for our customers, and we have delivered against all our medium-term financial targets."" Adjusted operating profit increased by 5 per cent on a constant currency basis to £443 million (17 per cent on a reported basis), driven by the contribution from volume growth, contributing 9 per cent growth (£38 million), and from the net contribution of businesses acquired and disposed of, contributing 2 per cent growth (£10 million). Input cost increases were driven by a rise in the cost of raw materials and other operating costs, which impacted profit by £36 million.";What motivated the increase in adjusted operating profit by 5 per cent on a constant currency basis to £443 million (17 per cent on a reported basis)?;the contribution from volume growth, contributing 9 per cent growth (£38 million), and from the net contribution of businesses acquired and disposed of, contributing 2 per cent growth (£10 million)
718;Response to market changes (agility): As technology and customer needs change, the typical banking model is evolving and as such, operational complexity has the potential to restrict our speed of response.;What are the consequences of the evolution of the traditional banking model, given changes in technology and customer?;operational complexity has the potential to restrict our speed of response
719;These are amounts invoiced in year. This differs from revenue as defined by IFRS due to the release of deferred income in relation to license payments and maintenance agreements and accrued income in relation to work in progress.;What causes the amounts invoiced to differ from revenue as defined by IFRS?;the release of deferred income in relation to license payments and maintenance agreements and accrued income in relation to work in progress
720;The tax charge for the year decreased by £4.3 million, or 35.0%, from £12.3 million in 2016 to £8.0 million in 2017, largely due to an increase in the deferred tax asset recognised for US trading losses. Excluding the impact of exceptional costs in the year of £15.4 million, the effective tax rate is 15.4%. This is higher than originally expected due to the impact of the enacting in December 2017 of a lower US corporate tax rate of 21% compared to the previous rate of 35%.;What were the consequences of the increase in the deferred tax asset recognised for US trading losses?;The tax charge for the year decreased by £4.3 million, or 35.0%, from £12.3 million in 2016 to £8.0 million in 2017
721;The Committee met in August 2017 to consider the reappointment of Jeremy Wilson as a non-executive director, having completed his second term of three years. Given that this was Jeremy's second term a particularly rigorous review of his independence was carried out focussing on his contributions to Board discussions, challenges of management, experience of finance and capital markets and the overall mix of experience of the Board.;What was the effect of this being Jeremy's second term?;a particularly rigorous review of his independence was carried out focussing on his contributions to Board discussions, challenges of management, experience of finance and capital markets and the overall mix of experience of the Board
722;Also, to make further progress in the process to integrate operations with Orbital Sistemas Aerospaciales, S.L. (Noain, Navarre), a leader in the development of critical systems in the aeronautical, space and railway industries, of which the CAF Group purchased a 30% ownership interest in 2018, which can be increased based on the performance of certain business parameters. As a result of this ownership interest, the CAF Group expects to contribute to strengthening Orbital's current activities and to benefit from a state-of-the-art development base in critical systems with high security standards (hardware, software and integration, and validation services) in order to develop its own solutions in the railway industry.;What are the potential consequences of acquiring a 30% stake in Orbital?;the CAF Group expects to contribute to strengthening Orbital's current activities and to benefit from a state-of-the-art development base in critical systems with high security standards (hardware, software and integration, and validation services) in order to develop its own solutions in the railway industry
723;During 2017, an aggregate of $595,828 of loss of office payments were made to Mr. Silva as a result of his resignation as Chief Executive Officer on 10 March 2017;Why were loss of office payments totaling $595,828 made to Mr. Silva during 2017?;his resignation as Chief Executive Officer on 10 March 2017
724;Papworth Hospital has extended the timeframe to September 2018 and therefore preparation for the transfer of the extensive archive of medical images is ongoing.;What does Papworth Hospital extending the timeframe to September 2018 imply?;preparation for the transfer of the extensive archive of medical images is ongoing
725;Our operations are located across many UK towns and cities and as such we have an important role in supporting our communities. We continue to build strong links with the communities in which we operate through local engagement and fundraising for charities.;What helps them build strong links with the communities in which they operate?;local engagement and fundraising for charities
726;Sales growth Customers are choosing to shop across channels and are using convenience and online more frequently, leading to a decline in supermarket sales. It is therefore important that we invest strategically so that we can serve our customers whenever, however and wherever they want.;What is causing the decline in supermarket sales?;Customers are choosing to shop across channels and are using convenience and online more frequently
727;We welcomed the 180 staff from Bison to Forterra in September. We further strengthened our leadership team in 2017 and are continuing to deliver on our strategic priorities thanks to the hard work of our dedicated workforce.;What was the result of the hard work of their dedicated workforce?;We further strengthened our leadership team in 2017 and are continuing to deliver on our strategic priorities
728;In common with other asset classes, commercial property has experienced more volatility this year and therefore the impact of gearing on returns has been both positive and negative over time.;What were the consequences of commercial property experiencing more volatility this year?;the impact of gearing on returns has been both positive and negative over time
729;The Committee ensures that targets set are the relevant drivers of required annual performance. Consequently, some of the 2016/17 targets are too commercially sensitive to disclose as they are not disclosed elsewhere in the report.;What is the effect of the Committee ensuring that targets set are relevant to driving required annual performance?;some of the 2016/17 targets are too commercially sensitive to disclose as they are not disclosed elsewhere in the report
730;Repsol, aware that routing gas flaring entails not only larger emissions of CO2, but also losses of energy that is not used in our processes, signed up to the World Bank's Zero Routine Flaring by 2030 Initiative in June 2016. Thus Repsol undertakes to seek solutions that are technically and economically viable to minimize routine gas flaring as soon as possible, and no later than 2030 at E&P facilities.;What were the implications of routing gas flaring regarding Repsol signing up to the World Bank's Zero Routine Flaring by 2030 Initiative in June 2016?;not only larger emissions of CO2, but also losses of energy that is not used in our processes
731;Cost reduction is an ongoing consideration across our business. We have taken a more focused approach to maximising EBITDA in order to achieve optimum performance and hence improve bed profitability. We have been reducing our OTA dependency.;What factor determines the enhance of profitability?;We have taken a more focused approach to maximising EBITDA in order to achieve optimum performance
732;We have an extensive operations' footprint across 30 countries. Our broad range of products are therefore never far from where they need to be, allowing us to meet our customers' needs quickly and easily, as well as reducing the number of deliveries to our customers, thereby cutting fuel usage, carbon emissions and administration.;What accounts for the broad range of products always being close to where they are needed?;We have an extensive operations' footprint across 30 countries
733;"Basis of accounting The Company meets the definition of a qualifying entity under Financial Reporting Standard 100 (""FRS 100"") issued by the Financial Reporting Council. The financial statements have therefore been prepared in accordance with FRS 102 The Financial Reporting Standard applicable in the UK";Why have the financial statements been prepared in accordance with FRS 102?;"The Company meets the definition of a qualifying entity under Financial Reporting Standard 100 (""FRS 100"") issued by the Financial Reporting Council"
734;Peter Keenwill be retiring from the Board and will therefore not be seeking re-ele ction at this year's Annual General Meeting.;Why will Peter Keenwill not be seeking re-election at this year's Annual General Meeting?;Peter Keenwill be retiring from the Board
735;• In a highly competitive market, CCF has focused on passing through significant cost price inflation on specific insulation products. The business is generating good operating leverage as the new branches opened in late 2015 reach maturity. Differentiation, and therefore market outperformance, is driven by the development of a deeper understanding of customer requirements, and in so doing, forming closer customer relationships.;What accounts for differentiation and market outperformance?;the development of a deeper understanding of customer requirements
736;"These efforts, along with our competitive position, allowed the CAF Group to close 2018 with contracts amounting to EUR 2,902 million, which contributed to an all-time high in our backlog of EUR 7,716 million; 3.7 times the Group's total sales in the rail and bus industries. These contracts are distinguished by their significant European component, low exposure to foreign currency risk, options for future extension, high rate of repeat customers and improved payment conditions compared to previous years.";What did these efforts, along with their competitive position, enable the CAF Group to do?;"to close 2018 with contracts amounting to EUR 2,902 million, which contributed to an all-time high in our backlog of EUR 7,716 million; 3.7 times the Group's total sales in the rail and bus industries"
737;More accessible data, cheaper technology, new competition regulation and shifting customer expectations are the key drivers of change and are creating new challenges and opportunities for incumbent banks. These drivers are enabling new challenger banks to compete more effectively, from a lower cost base, and we have to respond.;What factors are responsible for enabling new challenger banks to compete more effectively from a lower cost base?;More accessible data, cheaper technology, new competition regulation and shifting customer expectations
738;The tax expense represents the sum of the tax currently payable and deferred tax. The tax currently payable is based on taxable profit for the year. Taxable profit differs from net profit as reported in the income statement because it excludes items of income or expense that are taxable or deductible only in different periods.;What explains the difference between taxable profit and net profit as reported in the income statement?;it excludes items of income or expense that are taxable or deductible only in different periods
739;After a significant restructuring of the Permanent business in 2016, we expected GP to be down in the year, but it fell further than anticipated as a result of the continuing political uncertainty through the year and was down 22%* YoY.;What was the effect of the continuing political uncertainty throughout the year?;we expected GP to be down in the year, but it fell further than anticipated
740;Hardware margin rates improved 1.9 percentage points to 6.1% due to improved supplier terms and higher achieved average selling prices on the new console iterations launched during the year, comprising the Xbox One S, PlayStation 4 Slim, PlayStation 4 Pro and Nintendo Switch.;What factors contributed to the hardware margin improving by 1.9 percentage points to 6.1%?;improved supplier terms and higher achieved average selling prices on the new console iterations launched during the year, comprising the Xbox One S, PlayStation 4 Slim, PlayStation 4 Pro and Nintendo Switch
741;The Group has undertaken a sensitivity analysis across all CGUs, taking into consideration the impact on key impairment test assumptions arising from a range of possible future trading and economic scenarios.;What factors influence the impact on key impairment test assumptions, as considered in the Group's sensitivity analysis across all CGUs?;a range of possible future trading and economic scenarios
742;Notwithstanding the provisos of the Articles, the UK Code requires all Directors of FTSE350 companies to retire annually. Therefore all the Directors who were elected at last year's AGM will retire at the forthcoming AGM and, being eligible, offer themselves for re-election with the exception of Michael Moule;Why will all the Directors who were elected at last year's AGM retire at the forthcoming AGM?;the UK Code requires all Directors of FTSE350 companies to retire annually
743;As at December 2018 the net financial debt amounted to €218.3m, €5.3m more than as at the 31st of December 2017. During 2018 working capital amounted to €26.7m, representing an increase of €8.1m with respect to 2017. In the first quarter of 2019, the EBITDA of the GROUP amounted to a negative €4.8m, which involves a decrease of €8.4m on the EBITDA for the same period of 2018, affected as was expected by the lower sales and the inefficiencies derived from the drop in activity at the production facilities, as well as due to the lower margins resulting from the application of the 25 percent tariffs on the sales to the United States.;To what factors are the lower sales and the inefficiencies owing regarding the decrease of €8.4m on the EBITDA in the first quarter of 2018?;the drop in activity at the production facilities, as well as due to the lower margins resulting from the application of the 25 percent tariffs on the sales to the United States
744;Finance costs decreased from $30.5 million in 2016 to $26.1 million in 2017, principally due to the reduction of interest resulting from the repayment of Scotiabank medium term loan in H1 2016 and from lower average short-term borrowings.;What is the cause of the reduction of interest?;the repayment of Scotiabank medium term loan in H1 2016 and from lower average short-term borrowings
745;We made some adjustments to our proposition in 2017, given the potential uncertainty ahead and tight margins in certain areas. We therefore decided to restrict lending growth in consumer, and commercial real estate sectors.;What motivated the decision to restrict lending growth in consumer, and commercial real estate sectors?;We made some adjustments to our proposition in 2017, given the potential uncertainty ahead and tight margins in certain areas
746;The Group actively seeks to increase its share in the outpatient and planned medical services markets and thus reduce its dependence on the state insurance programme.;Why does the Group seek to reduce its dependence on the state insurance programme?;The Group actively seeks to increase its share in the outpatient and planned medical services markets
747;At 31 March 2017, the net liability arising from our defined benefit scheme obligations was £ 25.1 million (2016: £35.0 million), a fall of £9.9 million. The reduction in the deficit was due to a fall in the discount rate which was offset by a reduction in inflation.;What was the trigger for the reduction in the deficit?;a fall in the discount rate which was offset by a reduction in inflation
748;Our recent sluggish share price has largely been due to the non-renewal of the 50MW power contract. The Board shares the frustration felt by all in the unappreciated value of VOG's shares, especially when the Company had made such significant progress in recent years. We thank our shareholders for their;What does their recent sluggish share price largely owe to?;the non-renewal of the 50MW power contract
749;– Portugal and Spain's banking sector continued to deleverage with a credit decrease around 3%. In this context, we recorded declines. In Portugal, down 2%, because of the sale of non- productive portfolios and in Spain by 4% because of lower wholesale balances and institutions.;What prompted the credit decline in Spain?;lower wholesale balances and institutions
750;He also missed two Audit Committee meetings one because he was required to attend a meeting on the North American Free Trade Agreement (NAFTA) a subject in which he has particular expertise by virtue of his role in originally negotiating NAFTA.;Why did he miss one of the two Audit Committee meetings?;he was required to attend a meeting on the North American Free Trade Agreement (NAFTA) a subject in which he has particular expertise
751;• In Poland, the downward trend of the NPL ratio continued, placing it at 4.28% (-29 bp vs. 2017), thanks to a proactive management of the non-performing portfolio through portfolio sales, as well as the incorporation of the new retail portfolio from Deutsche Bank.;What were the reasons behind the downward trend of the NPL ratio in Poland?;a proactive management of the non-performing portfolio through portfolio sales, as well as the incorporation of the new retail portfolio from Deutsche Bank
752;As part of the Company's cost reduction programme it was agreed that there would be no salary increase for colleagues not involved in collective bargaining for 2017/18 and consequently no salary increases are proposed for the CEO and CFO. The CEO's salary therefore remains unchanged since his appointment in 2013.;Why were there no salary increases proposed for the CEO and CFO?;As part of the Company's cost reduction programme it was agreed that there would be no salary increase for colleagues not involved in collective bargaining for 2017/18
753;Participation in the Plan was offered to all those who participate in the Company's annual bonus arrangements and therefore excludes non-executive Directors. Those eligible are offered the chance to waive up to 20% (or up to 30% if there is headroom within the cap agreed by shareholders) of their annual cash bonus in return for share awards of two times the amount waived.;What does the exclusion of non-executive Directors owe to?;Participation in the Plan was offered to all those who participate in the Company's annual bonus arrangements
754;In parallel we have revised our leadership expectations. We know that culture change starts at the top and have therefore created new leadership Vitals which are the over and above things expected of all our leaders.;What factor explains the creation of new leadership Vitals?;We know that culture change starts at the top
755;The CET1 ratio increased by a further c.50bps as a result of other RWA reductions, excluding the impact of foreign currency movements, including reductions in Non-Core.;What factors contributed to the increase in the CET1 ratio by a further c.50bps?;other RWA reductions, excluding the impact of foreign currency movements, including reductions in Non-Core
756;B's product offering and advanced functionality has resulted in a market-leading customer experience and, at September 2017, B had a Net Promoter Score (NPS) of over 40. As a result, since its launch in May 2016, B has over 100,000 accounts and deposit balances of c.£1bn.;What was the effect of B's product offering and advanced functionality?;a market-leading customer experience and, at September 2017, B had a Net Promoter Score (NPS) of over 40
757;The following points were noted: • A review of key documentation between the insurers, ITV or the customer had been performed by management • Management had sought legal counsel and opinion As a result of the above actions, management considered it appropriate that: • The outstanding receivables are fully impaired;What happened because of management performing a review of key documentation and seeking legal counsel and opinion?;The outstanding receivables are fully impaired
758;"The committee have considered the independence of the Deloitte audit team in light of the significant level of non-audit services provided in the year and have deemed that adequate safeguards have been in place including: separate partners and staff being responsible for the delivery of this work; the non-audit team";What was the implication of the significant level of non-audit services provided during the year?;The committee have considered the independence of the Deloitte audit team
759;In respect of item (1), Vectura clarified that as a result of the scale and mid-year timing of the Skyepharma merger and shortened nine-month accounting period in 2016, explaining the performance of the Group through the usual comparison of reported GAAP numbers did not provide sufficient, meaningful information.;What effect did the scale and mid-year timing of the Skyepharma merger and the shortened nine-month accounting period in 2016 have?;the performance of the Group through the usual comparison of reported GAAP numbers did not provide sufficient, meaningful information
760;In FY 2017, corporate loan yields and deposit rates stood at 9.5% and 5.2%, respectively. In the same period, the cost of risk on loans was -1.3%. Negative CoR in 2017 is driven by good performance of the book. In terms of profitability, the corporate segment's net profit reached GEL 154.2 million, or 42.9% of the Bank's total net income.;What caused the negative cost of revenue in 2017?;good performance of the book
761;To ensure safe operations and to comply with the regulations, Faroe follows up on contractors and partners through our audit, review and verification activities. These activities are based on risk evaluations. Despite this, whilst drilling wells on the Tambar field (operated by Aker BP) an employee of Maersk Drilling died and another was injured in December 2017 as a result of an accident on the Maersk Interceptor.;What was the cause of the death of a Maersk Drilling employee and the injury of another in December 2017?;an accident on the Maersk Interceptor
762;Our objectives are to obtain reasonable assurance about whether the financial statements as a whole are free from material misstatement, whether due to fraud or error, and to issue an auditor's report that includes our opinion.;What two factors are considered to lead to material misstatement?;fraud or error
763;The Audit Committee comprises four independent Non-Executive Directors. It normally holds four meetings per year, organised around the Company's reporting schedule. In 2017 three Audit Committee meetings were held due to the December meeting being rescheduled to January 2018.;What was the reason behind holding three Audit Committee meetings in 2017?;the December meeting being rescheduled to January 2018
764;This includes a collaboration agreement with a third party, or securing substantial non-dilutive funding from government entities or not for profit organisations. This evaluation will consider a number of factors as we seek to identify the optimal path to continue the development of ridinilazole.;What explains why the evaluation takes into consideration a number of factors?;we seek to identify the optimal path to continue the development of ridinilazole
765;We did pursue an arbitration case in relation to some unclear points relating to the royalty and promissory note payable on our former Colombian assets, but we were able to settle this at an early stage. As a result of this settlement we received an early repayment of USD250,000 on the promissory note, with the balance of USD750,000 being due in April 2018.;What was the effect of the early settlement regarding the royalty and promissory note payable on their former Colombian assets?;we received an early repayment of USD250,000 on the promissory note, with the balance of USD750,000 being due in April 2018
766;Most functions for the day-to-day management of the Company are sub-contracted, and the Board therefore obtains regular assurances and information from key third party suppliers regarding the internal systems and controls operated in their organisations.;Why does the Board obtain regular assurances and information from key third party suppliers?;Most functions for the day-to-day management of the Company are sub-contracted
767;The forecasts for Spain in 2019 point to continued growth, though at gradually decreasing rates, mainly due to slower growth in export markets, resulting in GDP growth in the region of 2.2%.;What is the implication of slower growth in export markets in the context of Spain’s 2019 forecasts pointing to continued growth at gradually decreasing rates?;GDP growth in the region of 2.2%
768;"Underlying service revenue reduces by £497m. This reduction is driven by: a timing change to revenue recognition on TotalCare and CorporateCare long-term contracts where stage of completion has been amended from a flying hours basis to a cost incurred or 'input' basis; the de-linking of OE and services contracts; and classification of operator guarantee payments as a reduction to revenue under IFRS 15 where classified as costs under current accounting.";What were the factors contributing to a £497m reduction in underlying service revenue?;"a timing change to revenue recognition on TotalCare and CorporateCare long-term contracts where stage of completion has been amended from a flying hours basis to a cost incurred or 'input' basis; the de-linking of OE and services contracts; and classification of operator guarantee payments as a reduction to revenue under IFRS 15 where classified as costs under current accounting"
769;The Remuneration Policy Report 2017 is reproduced exactly as published in the Annual Report 2016 and as approved by shareholders at the 2017 AGM. Therefore, as the content remains the same the page numbers, examples and illustrations are necessarily historical.;Why are the page numbers, examples and illustrations necessarily historical?;the content remains the same
770;Impairment losses decreased to £4.4m in 2017 (2016: £9.0m) representing 7bps on average gross loans and advances (2016: 16bps). The decrease was primarily due to increased prudency in assumptions introduced in 2016 following the UK referendum vote to leave the EU, as well as lower underlying loan losses;What were the main reasons for the decrease?;increased prudency in assumptions introduced in 2016 following the UK referendum vote to leave the EU, as well as lower underlying loan losses
771;The sustained strategy of investment in our pubs over recent years means that the pub estate is in good order, and whilst like any property business there will be an ongoing cost to maintain its condition, we are arriving at a position where the opportunity for significant investment in large schemes in the tenanted pub estate is becoming more limited. In addition to our tenanted pub investments we have invested in a number of pub schemes which are more costly and where it is more difficult to partner with a third party operator. As a result we have started to manage these pubs ourselves, alongside our Inns.;What prompted the decision to start managing the pubs themselves alongside their inns?;we have invested in a number of pub schemes which are more costly and where it is more difficult to partner with a third party operator
772;As part of its commitment to transparency in the company, since 2010, Indra has been reporting its performance in its management of its Carbon Footprint and its reduction of emissions to the Carbon Disclosure Project (CDP). In 2018, Indra improved its CDP valuation to A-. This improvement is mainly due to the Indra’s efforts to analyze and manage climate risks, to its commitment to the reduction of Greenhouse Gas (GHG) emissions and the transition to using green electricity which it is developing.;What are the reasons of Indra improving its CDP valuation to A- in 2018?;the Indra’s efforts to analyze and manage climate risks, to its commitment to the reduction of Greenhouse Gas (GHG) emissions and the transition to using green electricity which it is developing
773;Actuarial risk arises due to biometric changes in the life expectancy of those with life insurance, from the unexpected increase in the compensation envisaged in non-life insurance and, in any case, from unexpected changes in the performance of insurance takers in the exercise of the options envisaged in the contracts.;What factors generate actuarial risk?;biometric changes in the life expectancy of those with life insurance, from the unexpected increase in the compensation envisaged in non-life insurance and, in any case, from unexpected changes in the performance of insurance takers in the exercise of the options envisaged in the contracts
774;Financial results: I am delighted to be able to report both strong organic growth over the year to 31 May 2017 and further strategic growth as a result of the acquisitions towards the end of the year.;What will be the cause of the strong organic growth over the year to 31 May 2017 and further strategic growth?;the acquisitions towards the end of the year
775;In conducting this analysis, we model all potential significant scenarios occurring simultaneously from the first year, causing the maximum potential impact on Group debt.;What is the result of all potential significant scenarios in the modeling occurring simultaneously from the first year?;the maximum potential impact on Group debt
776;The Operational review provides a detailed overview of our trading performance during the year. This Financial review therefore covers other aspects of the consolidated statements of comprehensive income, financial position and cash flows.;What explains why this financial review covers other aspects of the consolidated statements of comprehensive income, financial position, and cash flow?;The Operational review provides a detailed overview of our trading performance during the year
777;The Group continues to focus on improving its online presence to drive used vehicle sales. This objective has been particularly successful as a result of the Group's increased geographic footprint and enlarged stock pool following the acquisitions of SG Smith and Ridgeway.;What explains the Group's success in improving its online presence to drive used vehicle sales?;the Group's increased geographic footprint and enlarged stock pool following the acquisitions of SG Smith and Ridgeway
778;Final commitment to this offtake route and submission of an FDP in the timetable required by the OGA is, however, dependent upon the Arran field owners committing to development of the Arran field in the timeframe prescribed by the OGA. If the Arran development does not proceed as planned, Columbus cannot be developed through Shearwater on a stand-alone basis. The selection of this route has been made conditional on that decision being made to the satisfaction of Serica. Therefore, discussions on commercial arrangements will continue with the Lomond field operator, in the event that the Shearwater option does not mature in the requisite time frame.;What are the consequences of route selection being conditional upon the decision meeting Serica's satisfaction?;discussions on commercial arrangements will continue with the Lomond field operator
779;I would like to thank Adrian for his extraordinary contribution as Chairman and to add my thanks to Ken Hydon and Judy Sprieser for their wise counsel during their time on the Board. RB is an outstanding company and it is an honour to follow Adrian as Chairman.;What contributions of Ken Hydon and Judy Sprieser have led to the appreciation and thanks they receive?;their wise counsel during their time on the Board
780;For the UK home loans portfolio the reduction was due to stable economic conditions and reduced forbearance entries.;What factors led to the reduction in the UK's home loans portfolio?;stable economic conditions and reduced forbearance entries
781;Revenue generated outside the UK is primarily attributable to France £385,000 (2016: £427,000) and Republic of Ireland £292,000 (2016: £306,000).;What accounts for the revenue generated outside the UK?;France £385,000 (2016: £427,000) and Republic of Ireland £292,000 (2016: £306,000)
782;During the financial year, the Group carried out a strategic review of its warehouse operations which has led to a restructuring of these facilities. As a result, the Group announced the closure of its distribution centre in Northampton and a number of regional warehousing facilities;What was the reason the Group announced the closure of its distribution centre in Northampton and several regional warehousing facilities?;a restructuring of these facilities
783;The non-executive directors' letters of appointment set out the time commitment expected from them. At times, this time commitment may go beyond that set out in the letter of appointment and is therefore reviewed regularly.;Why is the letter of appointment reviewed regularly?;this time commitment may go beyond that set out in the letter of appointment
784;The combined deficit for our three development properties was 3.5%. Prospero at Redhill returned a surplus as a result of letting progress, and 9 Greyfriars Road, Reading was little changed. At 30 Lombard Street, EC3 the valuation deficit of 12.4% was mainly due to an outward shift in yield;What caused the 12.4% valuation deficit at 30 Lombard Street, EC3?;an outward shift in yield
785;As a result of US tax reform, the reported tax charge on a statutory basis includes a benefit from revaluation of deferred tax balances to the reduced federal rate of £5m and a repatriation tax charge of £6m.;What did US tax reform lead to?;the reported tax charge on a statutory basis includes a benefit from revaluation of deferred tax balances to the reduced federal rate of £5m and a repatriation tax charge of £6m
786;Fluid Systems is the division with the highest proportion of oil and gas sales, at 67%. Upstream increased significantly due to an increase in project activity in Eastern Europe and the Middle East. However, this was offset by a reduction in midstream, predominantly in North America;What is the reason for the significant increase of the upstream?;an increase in project activity in Eastern Europe and the Middle East
787;"(2) It should be noted that £4,048,893 of the above for Paul Cuff amount relates to the Xafinity Incentive Share Plan 2013 awards that were granted pre-Admission (and were therefore ""one-off"" in nature) that all vested at IPO – as described on page 148 of the Prospectus.";Why were the awards one-off in nature?;the Xafinity Incentive Share Plan 2013 awards that were granted pre-Admission
788;As a result of the exceptional costs charged in the year, the group reported a statutory loss before tax of £123.0m (2016: profit of £343.9m) and a basic loss per share of 90.7p (2016: earnings per share of 181.8p).;What was the effect of the exceptional costs charged in the year?;the group reported a statutory loss before tax of £123.0m (2016: profit of £343.9m) and a basic loss per share of 90.7p (2016: earnings per share of 181.8p)
789;The Risk Oversight Committee helps the Board provide leadership, direction and oversight of our risk governance and management. It also helps the Board foster a culture that emphasises and demonstrates the benefits of a risk-based approach to risk management and internal control when creating FANS.;What does the Risk Oversight Committee additionally allow the Board to do, apart from providing leadership, direction, and oversight of risk governance and management?;foster a culture that emphasises and demonstrates the benefits of a risk-based approach to risk management and internal control when creating FANS
790;3 A lower fee environment and the impact on our business model of margin attrition due to: – Changes in investor demand, driven by derisking, or a focus on lower fee margin products – Compressed investment returns leading to greater fee sensitivity – Moves towards vertical integration.;What factors contributed to a lower fee environment and had an impact on their business model of margin attrition?;Changes in investor demand, driven by derisking, or a focus on lower fee margin products – Compressed investment returns leading to greater fee sensitivity – Moves towards vertical integration
791;As a result of its business model, the Group also faces liquidity and capital adequacy risk.;What is the implication of its business model?;the Group also faces liquidity and capital adequacy risk
792;The Company may, where appropriate, compensate a new Executive Director for variable remuneration that has been forfeited as a result of accepting the appointment with the Company.;What reason could lead to a new Executive Director forfeit variable remuneration?;accepting the appointment with the Company
793;Genetic Diseases product sales, which now excludes HAE product sales, for the year ended December 31, 2017 increased to $1,437.7 million, or 4%, from $1,387.1 million in 2016, primarily due to ELAPRASE and REPLAGAL, as both products benefited from an increase in the number of patients on therapy.;What factors contributed to the increase in Genetic Diseases product sales, excluding HAE product sales, to $1,437.7 million for the year ended December 31, 2017?;ELAPRASE and REPLAGAL, as both products benefited from an increase in the number of patients on therapy
794;Supportive market conditions, together with the co-incidental maturity of our exit pipeline, resulted in realised proceeds of £1,005 million (2016: £796 million).;What factors facilitated the increase in realized proceeds to £1,005 million, compared to £796 million in 2016?;Supportive market conditions, together with the co-incidental maturity of our exit pipeline
795;The Group's bank interest payable in FY17 was £24.0m, an increase of £6.9m. The increase was driven by higher average net debt primarily as a result of the Peacock Foods acquisition. £1.8m of interest on major projects was capitalised during the period (FY16: £1.3m).;What was the result of the higher average net debt?;The Group's bank interest payable in FY17 was £24.0m, an increase of £6.9m
796;• Continued investments in Commercial Banking and SCIB contributed to consistent growth in the Bank's loans and advances to customers booked in the year.;What did the continued investments in Commercial Banking and SCIB enable?;consistent growth in the Bank's loans and advances to customers booked in the year
797;There are a number of general business risks to which Future is naturally exposed in the UK and US. In addition, the range of industry-specific risks faced by Future has increased since last year, due to the increasingly digital focus of the media landscape and the increasing number of evolving business models.;What factors account for the increase in the range of industry-specific risks faced by Future since last year?;the increasingly digital focus of the media landscape and the increasing number of evolving business models
798;All directors have access to the advice and support of the General Counsel and Secretary. The Access to Independent Advice Policy enables the directors to seek external professional advice at the Society's expense. The Society's Rules indemnify directors against wrongful or negligent acts and insurance has been arranged for directors and officers as permitted under the Building Societies Act 1986.;What possibility arises from access to the Independent Advice Policy?;to seek external professional advice at the Society's expense
799;As set out above, on 3 May we announced a reappraisal of costs to complete certain construction contracts resulting in a £98.3 million one-off charge for the 2016/17 financial year. 50% of the base award granted in October 2015 was based on adjusted basic EPS which is not impacted by the £98.3 million one-off charge. Notwithstanding this, to reflect the significantly lower statutory EPS outcome this year (59.1p) and the impact on the share price, the Committee has exercised its downward discretion and determined that none of the EPS element should vest.;What did the reappraisal of costs to complete certain construction contrasts bring about?;a £98.3 million one-off charge for the 2016/17 financial year
800;The quality scores obtained across our facilities in different countries remains fundamental to sustainable growth. As such, a zero tolerance approach will be applied such that all facilities undergoing an accreditation process must pass that process. NMC has not failed an accreditation to date, nonetheless the Committee is minded to adopt this tough stance to reinforce the importance of quality.;What arises from the ongoing importance of the quality scores obtained by their facilities in several countries for sustainable growth?;a zero tolerance approach will be applied such that all facilities undergoing an accreditation process must pass that process
801;"The Board is able to oversee the setting and implementation of the Group's strategy due to a flat management structure; three members are Executive Directors and therefore actively involved in day-to-day implementation.";What does it entail that three members of the Board are Executive Directors?;actively involved in day-to-day implementation
802;2. Helena Andreas was unable to attend a meeting due to a pre-existing business commitment.;What made Helena Andreas unable to attend a meeting?;a pre-existing business commitment
803;SEA's goodwill is more sensitive to impairment due to it currently having lower future operating cash inflows.;What caused SEA's goodwill to be more sensitive to impairment?;it currently having lower future operating cash inflows
804;EBITDA growth resulted from the credit positive performances of Distribution and IT Solutions and a reduction in net indirect costs as a consequence of the adoption of IFRS 16 in 2018.;What prompted the EBITDA growth?;the credit positive performances of Distribution and IT Solutions and a reduction in net indirect costs as a consequence of the adoption of IFRS 16 in 2018
805;Given current market conditions we believed that it was appropriate to operate with a lower level of gearing and used the proceeds from asset sales to repay these shares in full, rather than re-financing. Consequently, we have also simplified our corporate structure.;What is the reason for simplifying the corporate structure?;Given current market conditions we believed that it was appropriate to operate with a lower level of gearing and used the proceeds from asset sales to repay these shares in full, rather than re-financing
806;Following the drilling campaign in the vicinity of the Inmaculada mine, significant potential was discovered at the Millet vein system. For further details, refer to page 29. Greenfield exploration and the appraisal of acquisition/joint venture opportunities restarted in 2017 in light of the Group's improved financial position.;What have the Group's improved financial position led to?;Greenfield exploration and the appraisal of acquisition/joint venture opportunities restarted in 2017
807;The Board holds all its strategic decision-making meetings at the Group's US offices and, as a result, takes the opportunity to meet with members of the Executive Team and to build on knowledge of the business.;What factor facilitates meeting with members of the Executive Team and building on knowledge of the business?;The Board holds all its strategic decision-making meetings at the Group's US offices
808;In May, we successfully completed the integration of Bank Republic, well ahead of schedule. As a result, we have expanded our distribution network and increased our client base by around 380,000 customers, all of whom now have full access to our innovative range of products and services.;What was the consequence of successfully completing the integration of Bank Republic in May?;we have expanded our distribution network and increased our client base by around 380,000 customers, all of whom now have full access to our innovative range of products and services
809;In the Marine and Technology division, operating profit increased by 9.7%, with margin improvement driven by contract performance, including in our Australian joint venture, and an increase in Research and Development tax credits.;What factors contributed to the 9.7% increase in operating profit and the improvement in margin in the Marine and Technology division?;contract performance, including in our Australian joint venture, and an increase in Research and Development tax credits
810;There are occasions when the external auditors are best placed to provide other accounting, advisory, consultancy and due diligence work on behalf of the Group due to their in-depth knowledge of the business.;What does the external auditors's in-depth knowledge result in?;There are occasions when the external auditors are best placed to provide other accounting, advisory, consultancy and due diligence work on behalf of the Group
811;The Tech Academy guarantees the transfer of specific technical knowledge in each business, thus permitting its efficient development and ensuring quality and uniformity in all countries.;What factor allows for successful development, quality assurance and consistency across countries?;The Tech Academy guarantees the transfer of specific technical knowledge in each business
812;Net finance costs, excluding the costs associated with repaying debt and terminating hedging arrangements on sales and refinancing in the year were £18.4 million, an increase of £1.7 million over the previous year. This was due to decreases in interest receivable from forward funded development projects;What was the factor leading to an increase of £1.7 million over the previous year?;decreases in interest receivable from forward funded development projects
813;Net debt increased by £3.1 million to £13.0 million (31 May 2016: £9.9 million), reflecting the capital investment in the year of £9.4 million partly offset by the strong underlying cash generation of the Group resulting from a combination of the trading performance and further reductions in working capital.;What factors contribute to the Group's strong underlying cash generation?;a combination of the trading performance and further reductions in working capital
814;The tax expense represents the sum of the tax currently payable and deferred tax. The tax currently payable is based on taxable profit for the financial period. Taxable profit differs from net profit as reported in the income statement because it excludes items of income or expense that are taxable or deductible in other years and it further excludes items that are never taxable or deductible.;What is the reason taxable profit differs from net profit as reported in the income statement?;it excludes items of income or expense that are taxable or deductible in other years and it further excludes items that are never taxable or deductible
815;The water consumption increase in Brazil due to a leak and the variation in weather conditions that directly affected the consumption of this resource in Chile (necessary to ensure the conversation of the environment around the infrastructures) led to a 17.6% increase compared to the previous year in turnover-related terms.;What did the changes in water consumption in Brazil and Chile result in?;a 17.6% increase compared to the previous year in turnover-related terms
816;These developments have resulted in an increase in the value of the Aurion Shares held by Tertiary. The Company has therefore capitalised on this increase and the shares were sold in November 2017.;What explains why the Company capitalized on this increase and sold the shares in November 2017?;These developments have resulted in an increase in the value of the Aurion Shares held by Tertiary
817;"The Euskaltel Group has continued to develop its Environmental Master Plan in 2018, reflecting its commitment to the struggle against climate change and its effects, and the efficient use of resources. The Plan, together with the Integrated Management System Policy that includes the Environmental Policy, is the main guideline for Natural Capital in its contribution to the Sustainable Development Goals (SDGs), focusing in particular on SDG 12 ""Responsible Production and Consumption"" and 13 ""Climate Action"". This Master Plan lays down guidelines aimed at reducing the Group's carbon footprint, improving environmental management and therefore enhancing the contribution to the 2030 Agenda in each of the autonomous regions in which the Euskaltel Group is present.";What are the reasons behind Euskaltel Group continuing to develop its Environmental Master Plan in 2018?;its commitment to the struggle against climate change and its effects, and the efficient use of resources
818;While we face existing regulatory and government investigations in a number of jurisdictions, and over the past year the number of individual and US class action lawsuits has increased, the risk of non-compliance has stabilised as a result of our mitigating controls. While we continue to manage the effects associated;What caused the risk of non-compliance to arise?;our mitigating controls
819;Underlying EPS was 37.8 pence (2015/16: 34.1 pence) based on Underlying Profit after tax of £390 million (2015/16: £363 million). The increase in underlying EPS of 10.9% is more than the increase in Underlying Profit of 7.4% as the 1.5% convertible bond is no longer dilutive.;What has the 1.5% convertible bond no longer being dilutive led to?;The increase in underlying EPS of 10.9% is more than the increase in Underlying Profit of 7.4%
820;Amadeus has a proven track record of operating a solid and resilient business model that generates strong free cash flow, allowing for continued and sustained investment in R&D and innovation as well as shareholder remuneration, while maintaining a flexible financial capital structure.;What does Amadeus' business model and its consequent cash generation foster?;continued and sustained investment in R&D and innovation as well as shareholder remuneration, while maintaining a flexible financial capital structure
821;In light of the stipulations set forth above, the Committee has recommended to the Board that KPMG's re-election should be proposed to shareholders at the March 2018 AGM. The Committee also recommended the Board seek authority for the Directors to fix the external auditors' remuneration, having first compared the proposed fees to the prior year's fees and also relative to other companies of similar size, sector and complexity.;What was the implication of the stipulations set forth above?;the Committee has recommended to the Board that KPMG's re-election should be proposed to shareholders at the March 2018 AGM
822;Emissions from air conditioning equipment in our premises and vehicles are not included in this analysis due to the difficulty in obtaining this data. These emissions account for less than 0.5% of our total GHG emissions and are therefore not considered material.;What was the effect of the difficulty in obtaining this data?;Emissions from air conditioning equipment in our premises and vehicles are not included in this analysis
823;Cost of sales decreased by 6% from US$390.7 million in FY2016 to US$367.1 million largely due to the 5% decrease in sales volumes. Gross profit margins improved from 17% in FY2016 to 28% in the current year mainly due to the improvement in average metal prices.;What caused the cost of sales to decrease by 6% from US$390.7 million in FY2016 to US$367.1 million?;the 5% decrease in sales volumes
824;"Management's commitment to the See, Think, Act, Reinforce and Track (""START"") card programme has positively impacted our HSSE culture. Behaviour based safety has been recognised as an integral factor in our drive to ""zero"" incident rates. Notable improvements in our HSSE performance were achieved due to our continued emphasis on a strong HSSE culture, facilitated by an increase in Management visits to all assets.";What factor contributed to the notable improvements in their HSSE performance?;our continued emphasis on a strong HSSE culture
825;• The production average increased by 3% compared to 2017, reaching 715 kboe/d in 2018. This increase is mainly due to ramp-up of production in Libya, the implementation of organic development projects TROC and Juniper (Trinidad and Tobago), Reggane (Algeria) the acquisition of the Visund field (Norway), Shaw and Cayley (United Kingdom), and the production of new wells in Marcellus (USA). This was offset by the effect of lower production in Venezuela and divestitures in the SK field (Russia).;What were the key drivers for production average increasing by 3% compared to 2017 and reaching 715 kboe/d in 2018?;ramp-up of production in Libya, the implementation of organic development projects TROC and Juniper (Trinidad and Tobago), Reggane (Algeria) the acquisition of the Visund field (Norway), Shaw and Cayley (United Kingdom), and the production of new wells in Marcellus (USA)
826;There is no assessed rating for two residential premises let on long leaseholds due to restrictions on access. Together, these account for 0.09% of rental income and are therefore considered de minimis in the context of the wider investment portfolio.;What is the reason there is no assessed rating for two residential premises let on long leaseholds?;restrictions on access
827;5. Helen Grantham held an interim position during 2016 and therefore was not eligible to participate in the 2016-18 LTIP scheme. 6. Adjustment has been made to Pippa Wicks' grant salary due to a change in working hours during the performance period.;Why was Helen Grantham not eligible to participate in the 2016-18 LTIP scheme?;Helen Grantham held an interim position during 2016
828;As a result of the extra sidetracks drilled and additional precautions taken to deliver a stable and secure production well, the costs of drilling well increased to approximately US$7.1 million compared to a budget cost of US$3.8 million.;What factors contributed to the increase in drilling well costs to around US$7.1 million, compared to the budgeted cost of US$3.8 million?;the extra sidetracks drilled and additional precautions taken to deliver a stable and secure production well
829;The year 2018 has been the second financial year of growth in the global seamless pipes business, leaving behind one of the largest crises derived from the plummet in oil prices that occurred in 2015 and 2016. The revival of the global investment in the oil and gas sector since 2017, after annual drops of 25 percent for two consecutive years, led to an increase of 6 percent in 2017 and 5 percent in 2018. The growth mainly occurred in the United States, where the number of active drilling rigs grew by 18 percent in 2018, following the increase of 72 percent that occurred in 2017, shored up by the progress in technology for exploiting the shale fields, leaving behind the 47 percent drops that occurred in 2015 and 2016.;What was the origin of the 6 percent increase in 2017 and 5 percent increase in 2018 regarding the growth in the global seamless pipes business?;The revival of the global investment in the oil and gas sector since 2017, after annual drops of 25 percent for two consecutive years
830;While competitive initiatives led to a reduction in gross margin in the full year, this was more than offset by cost reduction initiatives. As a result our overall operating margin improved 0.4 percentage points on an underlying basis and 0.5 percentage points on a reported basis to 11.8% (2016: 11.3%).;What was the outcome of offsetting a reduction in gross margin by cost reduction initiatives?;our overall operating margin improved 0.4 percentage points on an underlying basis and 0.5 percentage points on a reported basis to 11.8% (2016: 11.3%)
831;Taxation for the year on continuing operations was a credit of £0.5m (2016: charge of £1.5m). The effective tax rate on underlying profits has increased to 23.0%, as a result of the change in mix of profits.;What is the reason the effective tax rate on underlying profits has increased to 23.0%?;the change in mix of profits
832;NCC Group understands that organisations are using an increased number of suppliers, and on-site audits for the whole supply chain are not financially or operationally feasible. NCC Group has therefore developed a risk-based approach to help organisations gain assurance that information security risks and requirements, such as GDPR, are managed effectively.;What factors account for NCC Group's development of a risk-based approach to reassure organisations that information security risks and requirements, such as GDPR, are managed effectively?;NCC Group understands that organisations are using an increased number of suppliers, and on-site audits for the whole supply chain are not financially or operationally feasible
833;The Audit Committee, together with the Board, considered what were the significant risks and issues in relation to the Financial Statements and how these would be addressed. The most significant risk identified is set out below: Revenue recognition — The Group has a multiplicity of complex contract mechanisms. As a result, a risk of misstatement of revenue is expected to arise.;What is the reason for the expected risk of misstatement of revenue?;The Group has a multiplicity of complex contract mechanisms
834;The committee received confirmation from management that the majority of Beazley's reinsurance receivables are due from highly rated institutions. Based on previous experience, the committee has not noted any instances where poor quality reinsurers have led to a material financial loss;Why has the committee not identified any cases where poor-quality reinsurers have resulted in material financial losses?;previous experience
835;The Company does not use share-based forms of remuneration because this continues not to be a common form of remuneration in Mexico.;What is the rationale of the Company avoiding share-based forms of remuneration?;this continues not to be a common form of remuneration in Mexico
836;— We supported Arrival Education's Success for Life programme for young people with potential who are disengaged from school and learning due to challenging circumstances in their personal lives.;What factor is contributing to the disengagement from school and learning among the young people who participate in Arrival Education's Success for Life programme?;challenging circumstances in their personal lives
837;Cash generated from operations was $15.7m (2016: $17.0m). Interest paid during the period comprised $1.8m bond interest (2016: $2.4m). Income tax paid in the period increased to $2.9m (2016: $0.01m), due to higher profits earned by our Ukrainian subsidiary.;What did higher profits earned by their Ukrainian subsidiary result in?;Income tax paid in the period increased to $2.9m (2016: $0.01m)
838;Nick Parker Non-Executive Chairman 24 July 2017 Dear Shareholder, The Board As a Board we recognise the importance of high standards of corporate governance. The Company is listed on AIM and is therefore not required to comply with the UK Corporate Governance Code 2016 ('the Code').;What does it entail that the Company is listed on AIM?;is therefore not required to comply with the UK Corporate Governance Code 2016 ('the Code')
839;Basic underlying earnings per share was 6.42p, an increase of 6.8% from 6.01p in 2016. On a constant currency basis, basic underlying earnings per share decreased by 0.8% due to a decrease in the effective tax rate from 30.1% to 29.0%;What impact did the decrease in the effective tax rate from 30.1% to 29.0% have?;On a constant currency basis, basic underlying earnings per share decreased by 0.8%
840;Trading property is carried on the consolidated balance sheet at the lower of cost and market value, therefore valuation surpluses on trading property are not recorded. Any unrecognised surplus is however reflected within the EPRA net asset value measure.;Why are valuation surpluses on trading property not recorded?;Trading property is carried on the consolidated balance sheet at the lower of cost and market value
841;The Audit Committee, which meets at least twice a year, is responsible for keeping under review the scope and results of the audit, its cost effectiveness and the independence and objectivity of the auditor. Due to the size of the company, there is currently no internal audit function.;What does the company's size imply?;there is currently no internal audit function
842;• For the acquisition of the JOBY and Lowepro brands and RTMotion – excluded the businesses from measurement of Group cash conversion given that there was only three months left of the year and that the calculation involves an average of annual and quarterly cash conversion measures.;Why were the JOBY and Lowepro brands and RTMotion businesses excluded from the measurement of Group cash conversion for their acquisition?;there was only three months left of the year and that the calculation involves an average of annual and quarterly cash conversion measures
843;We have been able to speed up the strategy because of the financial independence that resulted from DMGT's decision to reduce its holding in Euromoney, which they completed in January and by investing some of the benefit from the strengthened US dollar compared to sterling.;What motivates the fact that they have been able to speed up the strategy?;the financial independence that resulted from DMGT's decision to reduce its holding in Euromoney, which they completed in January and by investing some of the benefit from the strengthened US dollar compared to sterling
844;Actions in connection with corporate governance: in addition to the normal reports (Annual Corporate Governance Report, Annual Report on Remuneration, etc.), as a result of a performance assessment of the Board of Directors and its committees this year a Corporate Governance Action Plan was drawn up and approved, in line with best practices in the area of corporate governance. This resulted in material changes in this area, such as a review to simplify all corporate regulations, reduce the number of directors, and eliminate the Executive Committee.;What did the creation of a Corporate Governance Action Plan give rise to?;material changes in this area, such as a review to simplify all corporate regulations, reduce the number of directors, and eliminate the Executive Committee
845;• Total income increased 9%, driven by net interest income (+13%), backed by larger volumes and higher interest rates. Net fee income was 8% more, largely due to credit cards, mutual funds and insurance. Gains on financial transactions, which have very little weight in fee income, fell 28% impacted by the volatile environment.;What facilitated the net fee income growth?;credit cards, mutual funds and insurance
846;A share-based payments charge of £4.5m (2016: £2.5m) was recognised during the year, including national insurance costs ('NI') on potential employee gains where applicable. The year-on-year increase in the charge was primarily due to further awards made in June 2016 under the Performance Share Plan and the Deferred Annual Bonus;What led to the year-on-year increase in the charge?;further awards made in June 2016 under the Performance Share Plan and the Deferred Annual Bonus
847;The Group's ultimate controlling party is Peter Cruddas by virtue of his majority shareholding in CMC Markets plc. CMC Markets plc Annual Report 2017 Financial statements Financial statements 164 165 CMC Markets began trading in 1989 as a foreign exchange broker, led by founder Peter Cruddas.;What is the reason Peter Cruddas is the Group's ultimate controlling party?;his majority shareholding in CMC Markets plc
848;For the reasons set out in the AIC Guide and as explained in the UK Code, the Board considers these provisions are not relevant to the position of the Company, being an externally-managed investment company. The Company has therefore not reported further in respect of these provisions.;Why has the Company not reported further in regard to these provisions?;the Board considers these provisions are not relevant to the position of the Company, being an externally-managed investment company
849;In relation to our external stakeholders, NEPI Rockcastle strongly believes in collaborating with partners sharing the same values, hence, ethical behaviour clauses were included in the standard contract templates to be signed with any supplier.;What was the outcome of NEPI Rockcastle strongly believing in collaboration with partners who share the same values?;ethical behaviour clauses were included in the standard contract templates to be signed with any supplier
850;Belgium revenues fell by 6% to €144.2m and trading profit grew by 5% to €7.8m in line with expectations. In achieving this performance, the business managed to offset over €2.5m in lost trading profit as a result of the closure of its major wood dust customer.;What was the impact of the closure of its major wood dust customer?;the business managed to offset over €2.5m in lost trading profit
851;• Contribution to social development and communities: thanks to the recruitment of professionals from the local community and the purchases made from local suppliers, Indra contributes to the development and growth of employment, whilst extending the business network to the communities in which it operates. See sections 7.3 and 8.2 of this Report.;What factors drive Indra to promote the development and growth of employment, whilst enlarging the business network in the communities where it operates?;the recruitment of professionals from the local community and the purchases made from local suppliers
852;In light of the operational challenges faced by the Civil Aerospace business, the Board remained regularly informed on the management of these issues including: conflicting demands on resource, the handling of impacted customers' interests, and the management of the resultant programme risks.;What implications did the operational challenges faced by the Civil Aerospace business have?;the Board remained regularly informed on the management of these issues including: conflicting demands on resource, the handling of impacted customers' interests, and the management of the resultant programme risks
853;Our businesses in the Automotive and Commercial Vehicles sectors in Europe experienced a disrupted flow of orders in the year as customers evaluated their product plans in light of the unsettled political climate and change within the industry. This was particularly evident in the first half of the year.;Why did their businesses in the Automotive and Commercial Vehicles sectors in Europe experience a disrupted flow of orders during the year?;customers evaluated their product plans in light of the unsettled political climate and change within the industry
854;The new model is driven by our desire to improve member satisfaction by exercising control over Personal Trainers in their contracted hours.;What motivates the new model?;our desire to improve member satisfaction by exercising control over Personal Trainers in their contracted hours
855;Farmers confront many challenges in providing food for a rapidly growing and more prosperous world. These challenges include reducing the use of toxic agrochemical products. Biological products are becoming an increasingly important part of the solution because of the benefits they offer.;What is the reason why biological products are becoming an increasingly important part of the solution?;the benefits they offer
856;In Asia, which accounted for 22% of the division's net fees, trading conditions remained tough, although they stabilised in the second half of the year. As a result, net fees were flat (1) and operating profit down 18% (1) to £6.5 million.;Why were net fees flat and operating profit down 18% to £6.5 million?;In Asia, which accounted for 22% of the division's net fees, trading conditions remained tough, although they stabilised in the second half of the year
857;Meetings were scheduled prior to the appointment of Niall Booker who was unable to attend two meetings due to diary conflicts.;What caused Niall Booker's inability to attend two meetings?;diary conflicts
858;The Board does not consider it appropriate to appoint a Senior Independent Director because the Board is deemed to be independent of the Company. The Company has no employees and therefore there is no requirement for a chief executive.;What factor makes the Board consider it inappropriate to appoint a Senior Independent Director?;the Board is deemed to be independent of the Company
859;In light of Mrs Bates' forthcoming retirement from the Board, the Nomination Committee has been considering the appointment of a new Director. A skills audit has been completed to ensure that the skills and experience of the new Director are complementary to those of the existing Directors.;What was the impact of Mrs Bates' forthcoming retirement from the Board?;the Nomination Committee has been considering the appointment of a new Director
860;The Strator POS Terminals network continues extending thanks to its superior technology and the operating advantages facilitating points of sale they may increase their businesses’ sales and profitability, with the access to a broad range of products and services offered by Logista France while enjoying an efficient and easy management of their businesses.;What factors determine the continuing expansion of The Strator POS Terminals network?;its superior technology and the operating advantages facilitating points of sale they may increase their businesses’ sales and profitability, with the access to a broad range of products and services offered by Logista France while enjoying an efficient and easy management of their businesses
861;The European schemes deficit decreased by £0.8 million to £36.7 million (2016: increase of £9.2 million), largely due to the disposal of the Rotary Business of Morgan Rekofa, principally in Germany (the discount rate remained constant at 1.60%).;What caused the European schemes deficit to decrease by £0.8 million to £36.7 million?;the disposal of the Rotary Business of Morgan Rekofa, principally in Germany (the discount rate remained constant at 1.60%)
862;Current Trading and Outlook Mirada participated in a number of projects during the year and is seen as increasingly relevant within the market. As such, we are being invited to bid on a greater proportion of new contracts as they arise, and I am glad to say we currently have our strongest pipeline ever in terms of the number of opportunities that we are participating in.;What is the result of the participation of Mirada in a number of projects during the year and the fact that it is seen as increasingly relevant within the market?;we are being invited to bid on a greater proportion of new contracts as they arise
863;The Code states that there should be a nomination committee to deal with the appointment of both executive and non-executive Directors except in circumstances where the Board is small. The Directors consider the size of the current board to be small and have not therefore established a nomination committee.;Why have the Directors not established a nomination committee?;The Directors consider the size of the current board to be small
864;The collateral value of the asset being financed. As such, all assets financed have strong collateral characteristics and a readily available and liquid market for re-selling.;What is the reason all financed assets have strong collateral characteristics and a readily available and liquid market for re-selling?;The collateral value of the asset being financed
865;As of 30 June 2017, our proved reserves totalled 1535 MMboe and reflect a net increase of 445 MMboe (after total production) from the 1303 MMboe reported at FY2016. This increase was primarily the result of higher product prices experienced during the reporting period, reductions in unconventional well operating costs and an increase in planned drilling activity which enabled the addition of new proved undeveloped reserves for our Onshore US fields.;What factors primarily contribute to the 445 MMboe net increase in reserves?;higher product prices experienced during the reporting period, reductions in unconventional well operating costs and an increase in planned drilling activity which enabled the addition of new proved undeveloped reserves for our Onshore US fields
866;The Board delegates responsibility for the Group's day-to-day running to the Executive leadership team. As a result, we are keenly aware of the need to attract and retain the best people.;What is the reason they are keenly aware of the need to attract and retain the best people?;The Board delegates responsibility for the Group's day-to-day running to the Executive leadership team
867;Despite cash outflows of £16.0m for the acquisitions of Vamousse and Ametop, the Group's strong underlying cash generation, together with the £4.0m settlement claim receipt from Sinclair, resulted in the Group's net debt reducing to £72.3m as at 31 December 2017 (31 December 2016: £76.1m).;What caused the Group's net debt to reduce to £72.3 million as of 31 December 2017, down from £76.1 million as of 31 December 2016?;the Group's strong underlying cash generation, together with the £4.0m settlement claim receipt from Sinclair
868;The business continues to generate good cash flow, coming mainly from the increase in profit, lower interest and tax offset by the higher working capital and total net capital expenditure.;What are the key drivers for the business continuing to generate good cash flow?;the increase in profit, lower interest and tax offset by the higher working capital and total net capital expenditure
869;The directors report that, having reviewed current performance and forecasts, they have a reasonable expectation that the Group has adequate resources to continue its operations for the foreseeable future. For this reason, they have continued to adopt the going concern basis in preparing the financial statements.;Why have the Directors continued to adopt the going concern basis in preparing the financial statements?;they have a reasonable expectation that the Group has adequate resources to continue its operations for the foreseeable future
870;Owing to the magnitude of the loss and the fact that the asset has been disposed of, we believe it is more instructive for the readers to show the loss this year, and the mark-to-market revaluation last year, as a separate reported item.;What led to the decision that it would be more instructive for readers to see this year's loss and last year's mark-to-market revaluation as separate reported items?;the magnitude of the loss and the fact that the asset has been disposed of
871;Based on the average share price over the last quarter of 2017 of $148.21. The 2015 SAR awards are currently underwater given their strike price of $245.48 and are therefore valued at $0.;Why are SAR awards valued at $0?;The 2015 SAR awards are currently underwater given their strike price of $245.48
872;Asia‑Pacific (APAC) In APAC, constant currency revenue was up 25% with significant increases in both Asia and Australia. However the operating loss was only slightly less than in 2016, largely as a result of two major contracts in Australia, where adverse ground conditions, technical issues and a contractual dispute resulted in a total loss on these contracts of £14m.;What prompted the operating loss to be only slightly less than in 2016?;two major contracts in Australia
873;John Glencross is not entitled to any remuneration from the Company due to his connection with Calculus Capital Limited.;What is the reason that John Glencross is not entitled to any remuneration from the Company?;his connection with Calculus Capital Limited
874;RWAs decreased £52.6bn to £313.0bn: book size decreased RWAs by £6.8bn primarily due to portfolio rundowns related to Barclays Non-Core, the re-measurement of US DTAs as a result of the US Tax Cuts and Jobs Act and securitisation transactions, partially offset by increased trading activity in investment bank.;What main factor led to the decrease in book size RWAs by £6.8bn?;portfolio rundowns related to Barclays Non-Core, the re-measurement of US DTAs
875;Alongside these changes to the Board and in light of the deterioration in trading in the Assurance Division during the financial year, the Board initiated a comprehensive Strategic Review of NCC Group's markets, capabilities, opportunities and operating model.;What factors contribute to the Board's comprehensive Strategic Review of NCC Group's markets, capabilities, opportunities and operating model?;the deterioration in trading in the Assurance Division during the financial year
876;The Company does not have any employees. Therefore there is no employee information to disclose.;Why is there no employee information to disclose?;The Company does not have any employees
877;(b) Small differences are due to rounding to first decimal place. (c) Production includes volumes consumed by operations.;What is the cause of the small differences?;rounding to first decimal place
878;The Chairman was not eligible for variable remuneration and the 2014 percentage figures therefore only relate to the 2014 annual bonus and LTIP awards vesting for the CEO.;Why do the 2014 percentage figures relate only to the 2014 annual bonus and LTIP awards vesting for the CEO?;The Chairman was not eligible for variable remuneration
879;4 Unable to attend due to another unavoidable commitment.;Why was there an inability to attend?;another unavoidable commitment
880;• Underlying segmental operating profit of £2.4 million was down from £2.9 million in 2016, reflecting ongoing operational inefficiencies in the Fabrication businesses, disruption as a result of the Entu (UK) Plc administration and the lacklustre RMI market.;What caused the ongoing operational inefficiencies in the Fabrication businesses?;the Entu (UK) Plc administration and the lacklustre RMI market
881;The restructuring proposal was formally approved by all stakeholders in April 2017 and resulted in the issue of new equity for $57 million, secured bonds of $40 million being exchanged for equity at par, $49.2 million of secured bonds being bought by the Company at par, $27.4 million unsecured bonds being exchanged for equity at 60 cents in the dollar and the remaining $30 million of secured bonds having their terms amended.;What were the consequences of the formal approval of the restructuring proposal by all stakeholders in April 2017?;the issue of new equity for $57 million, secured bonds of $40 million being exchanged for equity at par, $49.2 million of secured bonds being bought by the Company at par, $27.4 million unsecured bonds being exchanged for equity at 60 cents in the dollar and the remaining $30 million of secured bonds having their terms amended
882;The effective tax rate before exceptional items increased from 20.5% to 21.4% and after exceptional items increased from 20.7% to 21.8%. The increase has arisen mainly as a result of the reduction in the expected future benefit from deferred tax assets;What caused the effective tax rate to increase from 20.5% to 21.4% before exceptional items, and from 20.7% to 21.8% after exceptional items?;the reduction in the expected future benefit from deferred tax assets
883;• Our Loan to Value was 37% at 31 March 2017, increased from 27% at 31 March 2016 due to the £158.4 million of acquisitions made in the period. Our balance sheet gearing increased to 52% from 29% in the year, again due to acquisitions completed.;What were the consequences of the £158.4 million in acquisitions made during the period?;Our Loan to Value was 37% at 31 March 2017, increased from 27% at 31 March 2016
884;Total cash costs for the overseas pension schemes increased in the period to £2.1m (2016: £1.9m) as a result of foreign exchange differences.;What did foreign exchange differences bring about?;Total cash costs for the overseas pension schemes increased in the period to £2.1m (2016: £1.9m)
885;Norgren Excelon Plus has tamper-proof features that stop the pressure in air systems being increased, and therefore keep energy usage to a minimum.;What explains the limitation of energy usage to a minimum?;Norgren Excelon Plus has tamper-proof features that stop the pressure in air systems being increased
886;We aim to carefully align our Human Capital with our operational and growth requirements. We believe that we have currently achieved this alignment, due to the success of activities including our ongoing university recruitment and employee retention strategies.;What factors account for the achievement of aligning Human Capital with operational and growth requirements?;the success of activities including our ongoing university recruitment and employee retention strategies
887;On the other hand, the contract margin adjustment associated with technical costs will be £50m lower under IFRS 15. The benefit from other operational changes totalled £17m in 2017 under current accounting. This included a £77m benefit arising from a change to a customer credit rating risk assessment on a linked contract.;What motivates the £77m benefit?;a change to a customer credit rating risk assessment on a linked contract
888;"There are no specific provisions for compensation on early termination (except for payment in lieu of holidays accrued but untaken) or loss of office due to a change of ownership of the Company. The Committee reserves the right to make additional payments where such payments are made in good faith: (a) in discharge of an existing legal obligation (or by way of damages for breach of such an obligation); or (b) by way of settlement or compromise of any claim arising in connection with the termination of an Executive Director's office or employment.";What reason leads to a loss of office that offers no compensation?;a change of ownership of the Company
889;The Company experienced NAV growth during the year ended 31 March 2017 mainly driven by the issuance of new capital in the summer and in November 2016 for c.£179.9m and the revaluation of its investment portfolio during the year. As a result, NAV grew over the year from £273.8m to £478.6m as at 31 March 2017.;What reasons led to the Company's NAV growth from £273.8m to £478.6m during the year ended 31 March 2017?;the issuance of new capital in the summer and in November 2016 for c.£179.9m and the revaluation of its investment portfolio during the year
890;Changes to the Board Any proposal for the appointment of new Directors is discussed and approved by the whole Board. As a consequence, there is no Nomination Committee. External consultants who have no connection with the Company are used to identify potential candidates.;Why is there there is no Nomination Committee?;Any proposal for the appointment of new Directors is discussed and approved by the whole Board
891;The Prudential Regulation Authority considers a firm's size, internal organisation and the nature, scope and complexity of its activities when determining which Remuneration Code rules are applicable to a firm. As a result of our consistent and sustainable growth, additional regulations have to be applied.;What is the impact of their consistent and sustainable growth?;additional regulations have to be applied
892;The combined deficit for our three development properties was 3.5%. Prospero at Redhill returned a surplus as a result of letting progress, and 9 Greyfriars Road, Reading was little changed. At 30 Lombard Street, EC3 the valuation deficit of 12.4% was mainly due to an outward shift in yield;What factors contributed to Prospero at Redhill returning a surplus?;letting progress, and 9 Greyfriars Road, Reading was little changed
893;The Board's policy on tenure is that continuity and experience are considered to add significantly to the strength of the Board and, as such, there is no limit on the overall length of service of any of the Directors.;Why is there no limit on the overall length of service for any of the Directors?;The Board's policy on tenure is that continuity and experience are considered to add significantly to the strength of the Board
894;"As part of this review the Committee reviewed the potential threats to auditor independence as a result of: • auditor self-interests, being those areas where the auditor may have a financial or other interest in the Company; • auditor self-review, being areas where the results of non-audit services are reflected in the amounts included or disclosed in the financial statements; and • Other threats, such as familiarity and intimidation.";What are the factors accounting for the potential threats to auditor independence, given the Committee's review?;"auditor self-interests, being those areas where the auditor may have a financial or other interest in the Company; • auditor self-review, being areas where the results of non-audit services are reflected in the amounts included or disclosed in the financial statements; and • Other threats, such as familiarity and intimidation"
895;Annual Bonus – in accordance with the provisions contained within the service contracts, Executive Directors are not usually entitled to any bonus payment (other than in circumstances where they are deemed by the Committee as a 'good leaver', which includes but is not limited to redundancy, retirement, ill-health or disability or any other circumstance which the Committee may decide), unless they remain employed and are not under notice as at the payment date.;What are the implications of the provisions contained within the service contracts?;Executive Directors are not usually entitled to any bonus payment (other than in circumstances where they are deemed by the Committee as a 'good leaver', which includes but is not limited to redundancy, retirement, ill-health or disability or any other circumstance which the Committee may decide)
896;"The Management Report for the DIA Group consists of its financial and non-financial information, based on the recommendations of the CNMV's ""Guide for the Preparation of Management Reports of Listed Companies"" and the requirements of the new Law 11/2018 on non-financial information of 28 December 2018. This integrated approach therefore encompasses the information required to understand the Group's evolution, results and financial situation, and the information needed to appreciate the impact of the DIA Group's activities on the environment, society and its employees. The Non-financial Information Statement is issued annually and entails consolidated data from the Company overall for all of 2018.";Why does the integrated approach encompass the information required to understand the Group's evolution, results and financial situation, and the information needed to appreciate the impact of the DIA Group's activities on the environment, society and its employees?;"The Management Report for the DIA Group consists of its financial and non-financial information, based on the recommendations of the CNMV's ""Guide for the Preparation of Management Reports of Listed Companies"" and the requirements of the new Law 11/2018 on non-financial information of 28 December 2018"
897;In conjunction with the Trustee, the Group has also initiated an Enhanced Transfer Value exercise, whereby deferred members approaching retirement may choose to transfer their assets out of the Scheme in order to access the new flexible retirement options available. As a result of this exercise the Group has recognised an exceptional item of £(0.9)m, being the costs associated with making the transfer offer, including the provision of independent financial advice.;What led the Group to recognise an exceptional item of £(0.9)m?;the Group has also initiated an Enhanced Transfer Value exercise, whereby deferred members approaching retirement may choose to transfer their assets out of the Scheme in order to access the new flexible retirement options available
898;After taking into account all of the above factors, the Committee concluded that the External Auditor was effective. In addition, the Committee is satisfied that it has sufficient oversight of the External Auditor and its independence and objectivity is not compromised due to the safeguards in place.;What is the reason the external auditor's independence and objectivity are not compromised?;the safeguards in place
899;Although our focus is on investing in growth at this stage of the cycle (and shareholders should thus expect ongoing higher due diligence costs), we will seek to balance this with continuing to pay a proportion of this growth to our shareholders in the form of progressive dividends.;Why should shareholders expect ongoing higher due diligence costs?;our focus is on investing in growth at this stage of the cycle
900;The cost of benefit provision will depend on the cost to the Company of providing individual items and the individual's circumstances and therefore there is no maximum value.;Why is there no maximum value?;The cost of benefit provision will depend on the cost to the Company of providing individual items and the individual's circumstances
901;Furthermore, as a result of these recent large acquisitions, the scale and complexity of the Group increased and enhanced controls and processes needed to be put in place. In order to address this, the Board authorised the creation of the roles of Director of Risk and Assurance.;What did these recent large acquisitions translate to?;the scale and complexity of the Group increased and enhanced controls and processes needed to be put in place
902;– We participated in funding rounds for Fadata, an associated business, in July 2017 and March 2018 as part of our technology strategy. Fadata made losses in 2016 and 2017, largely due to long lead times for software licence sales and investment to establish the Company in Western markets.;What factors caused Fadata to incur losses in 2016 and 2017?;long lead times for software licence sales and investment to establish the Company in Western markets
903;In 2017, many of the trends seen in the previous year continued, and even strengthened, including solid growth on the steel and bulk commodities markets. This was spurred by rising demand in major economies and significant capacity optimisations in China, which led to higher utilisation rates.;What factors account for the ongoing strengthening trends, including solid growth in the steel and bulk commodities markets?;rising demand in major economies and significant capacity optimisations in China
904;The US Dollar PGM basket price (including by-products) increased by 6% compared to the 2016 average price, resulting in an increase in revenue of $89 million. It should be noted that whilst the US Dollar basket price increased compared to 2016, in Rand terms the basket price (including by-products) decreased by 3% driven by the stronger Rand.;What caused the 3% decrease in basket price (including by-products) in Rand terms?;the stronger Rand
905;Adjusted operating profit for the year decreased by 9.1% to £16.9m (FY16: £18.6m). This was most significantly as a result of the increased adjusted operating expenses, which rose from £37.1m to £45.3m.;What were the consequences of the increased adjusted operating expenses, which rose from £37.1m to £45.3m?;Adjusted operating profit for the year decreased by 9.1% to £16.9m (FY16: £18.6m)
906;The Directors believe this growth is driven by consumer preferences moving away from chain and branded pubs and towards pubs with an individual identity and an ambience which reflects the local market.;What explains the growth, according to the Directors?;consumer preferences moving away from chain and branded pubs and towards pubs with an individual identity and an ambience which reflects the local market
907;Where stated, disclosures regarding the Directors' remuneration has been audited by Equiniti's independent external Auditor, PricewaterhouseCoopers LLP. (1) Sally-Ann Hibberd and Vicky Jarman were unable to attend one meeting each due to prior commitments.;What is the reason Sally-Ann Hibberd and Vicky Jarman were unable to attend one meeting each?;prior commitments
908;"The growth is also due to a GEL 1.7 million increase in gain from the sale of investment properties as well as GEL 5.2 gain in the ""other"" subsection of other operating income. The latter is mainly attributable to GEL 2.6 million reimbursed taxes.";What is the primary cause of the GEL 5.2 gain in the 'other' subsection of other operating income?;GEL 2.6 million reimbursed taxes
909;2. This figure relates to the percentage change in the average annual bonus for mining division employees and does not include a one-off bonus paid to employees as a result of the conclusion of collective bargaining agreements with labour unions at Zaldívar and Centinela in 2017.;What was the reason this figure did not include a one-off bonus paid to employees?;the conclusion of collective bargaining agreements with labour unions at Zaldívar and Centinela in 2017
910;The current interest-bearing deposit of £10 million taken out in the previous year matured in November 2016. Of this, £5 million was rolled over to mature during the next financial year and the remaining £5 million was placed on short-term deposits, therefore, a net inflow of cash and cash equivalents of £5 million.;Why is there a net inflow of cash and cash equivalents of £5 million?;£5 million was rolled over to mature during the next financial year and the remaining £5 million was placed on short-term deposits
911;The Derby facility has been impacted by the previously reported insolvency of a major contractor and technology supplier to Interserve plc, the EPC contractor for the Derby project. This insolvency has caused a material delay of up to a year to the project which had been due to commission in March 2017.;What has the insolvency of a major contractor and technology supplier brought about?;a material delay of up to a year to the project which had been due to commission in March 2017
912;Arix has three very senior industry figures performing active day-to-day roles. Therefore, the loss of a single member of the executive team would be mitigated by the stature and experience of others within the organisation.;What is the consequence of Arix having three very senior industry figures actively involved in day-to-day roles?;the loss of a single member of the executive team would be mitigated by the stature and experience of others within the organisation
913;The emissions reported are those for operationally controlled facilities of Urban&Civic. Therefore, carbon emissions produced from assets that are not owned by Urban&Civic and where they are acting under a development management agreement for the assets' development are deemed the responsibility of its client and have been excluded from this.;What does it entail that the emissions reported are those for operationally controlled facilities of Urban&Civic?;carbon emissions produced from assets that are not owned by Urban&Civic and where they are acting under a development management agreement for the assets' development are deemed the responsibility of its client and have been excluded from this
914;The operating profit, before amortisation and acquisition costs, of £271,000 in 2016 improved to £756,000 this year, as a result of a significant cost-cutting programme that saw underlying overheads from operations reduce from £6,116,000 to £4,973,000, a reduction of 19%.;What is the improvement in operating profit, before amortisation and acquisition costs, from £271,000 in 2016 to £756,000 this year, owed to?;a significant cost-cutting programme that saw underlying overheads from operations reduce from £6,116,000 to £4,973,000, a reduction of 19%
915;3 Funding of acquisitions and future equity fundraising • There is a risk that JLEN is unable to achieve its stated ambition of growing the portfolio by acquiring new assets due to a lack of funding, both from corporate debt and equity capital from investors.;What caused the risk that JLEN might be unable to achieve its stated ambition of growing the portfolio by acquiring new assets?;a lack of funding, both from corporate debt and equity capital from investors
916;In May 2017 we cancelled the legacy deferred shares in issue. The deferred shares were not listed, and effectively carried no rights. As a result, share capital reduced to £2.0m (2016: £16.3m) and a capital redemption reserve of £14.3m was created (2016: £nil).;What was the outcome of the deferred shares not being listed and effectively carrying no rights?;share capital reduced to £2.0m (2016: £16.3m) and a capital redemption reserve of £14.3m was created (2016: £nil)
917;As a result of the new transformation strategy, the Company now has the ideal foundations in place from which to drive further growth across the business. The Board will continue to identify acquisition targets which have a leading product, solution, service or consulting capability;What is the consequence of the new transformation strategy?;the Company now has the ideal foundations in place from which to drive further growth across the business
918;Cash generation was lower than in recent years due to targeted investment in working capital and continued investment in the balance sheet, including gross capital expenditure at 1.27x Depreciation. The Group remains cash generative and Leverage at the year end of 1.83x was again comfortably back within the Group's;What are the reasons cash generation was lower than in recent years?;targeted investment in working capital and continued investment in the balance sheet, including gross capital expenditure at 1.27x Depreciation
919;Our strategic approach is based on long-term trends. We track consumer and occupier expectations, as well as key themes impacting our business, to ensure we address these in creating Places People Prefer. As the worlds of work and leisure become increasingly connected, this has led to our assets becoming more comprehensive and flexible.;What drove their assets to become more comprehensive and flexible?;the worlds of work and leisure become increasingly connected
920;It is crucial to have strong relationships with local communities in the areas where the Group operates, because without mutual trust, co-operation and understanding it is not possible to run a mine.;For what reason is it important to have strong relationships with local communities in the areas where the Group operates?;without mutual trust, co-operation and understanding it is not possible to run a mine
921;The book to bill ratio for the division was 100.8% (2016: 97.4%). Group revenue for the year increased by £18.2m (11.0%) to £183.4m, benefiting from foreign exchange tailwinds and continued strong performance of the Tooth Chain business acquired in December 2015.;What was the effect of the foreign exchange tailwinds and the continued strong performance of the Tooth Chain business, acquired in December 2015?;Group revenue for the year increased by £18.2m (11.0%) to £183.4m
922;While the current economic environment is uncertain, AMS operates in a market whose demographics are favourable, underpinned by an increasing need for products to treat chronic and acute wounds. Consequently, market growth is predicted.;What does the prediction of market growth result from?;While the current economic environment is uncertain, AMS operates in a market whose demographics are favourable, underpinned by an increasing need for products to treat chronic and acute wounds
923;The Committee undertook a review of the Committee's Terms of Reference and the Company's non-audit services policy in light of the change in the nature of the Committee's responsibilities and also of the new ethical standards.;What prompted the Committee to review its Terms of Reference and the Company's non-audit services policy?;the change in the nature of the Committee's responsibilities
924;In this context, the Investment Manager has been successful in securing new, modern properties through forward‑funding or forward‑purchase agreements, effectively enabling the Company to create its own pipeline of modern assets where good quality standing investments are difficult to acquire.;What has helped the Company create its own pipeline of modern assets when high-quality investments are difficult to acquire?;the Investment Manager has been successful in securing new, modern properties through forward‑funding or forward‑purchase agreements
925;The Group had a reduced finance credit of £1.1m (2016: £2.4m) arising from the unwinding of the discount on its available for sale financial assets during 2017 as the portfolio was sold during the year. There were also other expenses of £0.2m (2016: income of £0.3m).;What caused the unwinding of the discount on its available-for-sale financial assets during 2017?;the portfolio was sold during the year
926;Farmer confidence has returned during the year as a result of the increase in farmgate milk prices and improved revenues from beef and sheep leading to a recovery in farm incomes. We expect farm incomes to continue to improve throughout the current financial year. The uncertainty following the outcome from the EU referendum remains, particularly relating to the future of the single farm payment and support for UK farmers. However, in the short-term UK livestock and dairy prices have responded positively due to a number of factors, including the devaluation of sterling.;What does the return of farmer confidence in the year stem from?;the increase in farmgate milk prices and improved revenues from beef and sheep leading to a recovery in farm incomes
927;One example of this is our support of Shetland Mussels Ltd, which is set to double production thanks to our multimillion pound finance package.;What factor explains why Shetland Mussels Ltd is set to double production?;our multimillion pound finance package
928;The COR was 91.9% (2016: 106.3%), a significant improvement due to the non-repeat of £150.3 million of the Ogden charge incurred in 2016. Excluding the impact of Ogden in 2016, the COR improved due to strong growth at improved margins.;What caused the COR to be 91.9%, marking a significant improvement from 2016's 106.3%?;the non-repeat of £150.3 million of the Ogden charge incurred in 2016
929;Production for the Group has been subject to the minimum 25 per cent for all years since commencement of production including 2017. The Government's share of production in 2017 (as in all previous years) was therefore 12.75 per cent;Why was the Government's share of production in 2017 12.75 per cent?;Production for the Group has been subject to the minimum 25 per cent for all years since commencement of production including 2017
930;Owing to the interim nature of the role, Wayne Edmunds only received a basic salary. See page 63 for more detail.;What caused Wayne Edmunds to only receive a basic salary?;the interim nature of the role
931;3. Transfer values have been calculated in accordance with the Occupational Pension Scheme (Transfer Value) Regulations 1996. 4. Sarah Ellard left pensionable service on 6 April 2010 and therefore has not accrued additional pension over the year. The accrued benefits shown are the benefits at the date of exit.;Why has Sarah Ellard not accrued additional pension over the year?;Sarah Ellard left pensionable service on 6 April 2010
932;The COR increased by 4.4 percentage points primarily as a result of a higher loss ratio, partially offset by a reduced commission ratio. The loss ratio increased 9.9 percentage points compared with 2016, mainly as prior-year reserve releases were lower than for 2016 at £23.7 million (2016: £75.9 million).;What mainly caused the increase in loss ratio by 9.9 percentage points compared with 2016?;prior-year reserve releases were lower than for 2016 at £23.7 million (2016: £75.9 million)
933;Driven by the committee's responsibility to ensure effective corporate governance throughout the Group, this review began in May 2016. With assistance from the Group's internal audit, legal and company secretarial functions, the committee debated how best to evaluate Group governance standards.;What explains this review beginning in May 2016?;the committee's responsibility to ensure effective corporate governance throughout the Group
934;The Committee also reviewed the impact of the reduction in US federal tax rates as a result of tax reform in the US, which resulted in a reduction of deferred tax balances of $617 million.;What caused the reduction in US federal tax rates?;tax reform in the US
935;Thanks to our high-quality portfolio and strong balance sheet position we are confident we can steer the business through expected economic conditions in our markets.;What do their high-quality portfolio and strong balance sheet position lead to?;we are confident we can steer the business through expected economic conditions in our markets
936;Non-current assets – Non-current assets represent successful or work-in-progress exploration expenditure. The $7.1 million decrease is the result of the $3.0 million write-down of PY-3 and deferred tax asset of $4.5 million. The write down of PY-3 is due to the absence of a consensus amongst stakeholders.;What caused the $7.1 million decrease?;the $3.0 million write-down of PY-3 and deferred tax asset of $4.5 million
937;4. Gwyn Burr was unable to attend two telephone Board meetings and one Nomination Committee telephone meeting (due to prior commitments) but received the papers, provided advance input for all meetings and received a full detailed briefing shortly after.;What was the reason Gwyn Burr was unable to attend two telephone Board meetings and one Nomination Committee telephone meeting?;prior commitments
938;The Group reorganised its share capital during the year in preparation for the IPO, as disclosed in note 31. As there were no changes in equity as a result of the reorganisation, earnings per share for all periods have been prepared on the basis of the new structure;What was the impact of there being no changes in equity as a result of the reorganisation?;earnings per share for all periods have been prepared on the basis of the new structure
939;(unable to attend SET meeting due to commitment prior to appointment).;What was the reason for the inability to attend SET?;commitment prior to appointment
940;• Increasing electrification of final energy demand from the current 24% to approximately 33% in 2030. Electricity is between 3 and 5 times more efficient than fossil fuels in transport or heating and cooling, therefore, electrification of the final energy demand facilitates meeting the three environmental objectives (reduction of carbon dioxide (CO2) emissions, penetration of renewable energies and energy efficiency).;What does the greater efficiency of electricity compared to fuels in transport and thermal sectors entail?;electrification of the final energy demand facilitates meeting the three environmental objectives (reduction of carbon dioxide (CO2) emissions, penetration of renewable energies and energy efficiency)
941;The Board recognizes that Messrs. Kalinin and Calvey are not independent due to their direct management responsibilities for the limited partnerships comprising Baring Vostok Private Equity Funds III and IV, which are the Company's controlling shareholders (referred to as the 'Controlling Shareholder').;What reasons led the Board to determine that Messrs. Kalinin and Calvey are not independent?;their direct management responsibilities for the limited partnerships comprising Baring Vostok Private Equity Funds III and IV
942;The risk register is reviewed on a regular basis as part of the management reporting process resulting in the regular assessment of each risk, its severity and any required mitigating actions. The severity of risk is determined based on a defined scoring system assessing risk impact and likelihood.;What prompted the regular assessment of each risk, its severity, and any required mitigating actions?;The risk register is reviewed on a regular basis as part of the management reporting process
943;More accessible data, cheaper technology, new competition regulation and shifting customer expectations are the key drivers of change and are creating new challenges and opportunities for incumbent banks. These drivers are enabling new challenger banks to compete more effectively, from a lower cost base, and we have to respond.;What factors lead to change and create new challenges and opportunities for incumbent banks?;More accessible data, cheaper technology, new competition regulation and shifting customer expectations
944;The investment market remains highly competitive and it is therefore a considerable achievement to have maintained the investment pace of our funds with 86% meeting their deployment targets whilst continuing to apply our disciplined and rigorous approach to investing.;What factors explain why maintaining the investment pace of funds, with 86% meeting their deployment targets, is considered a considerable achievement?;The investment market remains highly competitive
945;The portfolio had benefitted from not holding any miners in the previous year as the sector was under tremendous pressure due to industry over-capacity and the subsequent weakness of commodity prices.;What factors account for the tremendous pressure on the sector?;industry over-capacity and the subsequent weakness of commodity prices
946;This report, describes how the Board has applied the principles of the UK Corporate Governance Code to Directors' remuneration. Although Playtech is an Isle of Man incorporated entity and, as such, is not required to comply with the UK regulations on Directors' remuneration, we recognise the importance of shareholder transparency.;What are the implications of Playtech's status as an Isle of Man incorporated entity?;is not required to comply with the UK regulations on Directors' remuneration
947;Cost of sales decreased by 6% from US$390.7 million in FY2016 to US$367.1 million largely due to the 5% decrease in sales volumes. Gross profit margins improved from 17% in FY2016 to 28% in the current year mainly due to the improvement in average metal prices.;What impact did the the improvement in average metal prices have?;Gross profit margins improved from 17% in FY2016 to 28% in the current year
948;BHP's overall financial performance was significantly improved in FY2017, however, controllable financial performance was below the stretching financial target set at the commencement of the year. This was mainly due to the negative impacts on production volumes and operating costs at Escondida.;What mainly accounts for BHP's controllable financial performance being below the stretching financial target set at the beginning of the year?;the negative impacts on production volumes and operating costs at Escondida
949;Ultra has been able to appoint a high proportion of its leaders at Board, divisional and business levels through internal promotion. This is because the succession planning element of the process aims to ensure that there are always suitable successors for all management team roles across each business;Why has Ultra been able to appoint a high proportion of its leaders at Board, divisional, and business levels through internal promotion?;the succession planning element of the process aims to ensure that there are always suitable successors for all management team roles across each business
950;In any contracting business inevitably the new business growth has been partially offset by revenue reduction on contract losses and exists due to changes in customer requirements or transfers to alternative providers.;What is the reason new business growth exists in any contracting business?;changes in customer requirements or transfers to alternative providers
951;As a result of changes to coal, iron ore, and steel price expectations, revised production volumes, and improvements to net working capital, there is an impairment reversal of US$12 million recorded in the financial statements for the year ended December 31, 2017.;What accounts for the existence of an impairment reversal of US$12 million recorded in the financial statements for the year 2017?;changes to coal, iron ore, and steel price expectations, revised production volumes, and improvements to net working capital
952;The key strengths of our operating business are our people, our PRISM operating platform, our brand and the strength of our relationships with Universities. We have continued to build on these throughout 2017, resulting in a 12% increase in EPRA earnings to £70.5 million (2016: £62.7 million). This growth has again been driven by high occupancy, rental growth and the impact of portfolio movements, as well as further operational efficiencies and ongoing cost discipline.;What did the continuity of building on the key strengths in 2017 lead to?;a 12% increase in EPRA earnings to £70.5 million (2016: £62.7 million)
953;Nationwide is in robust financial health, having achieved profits of over £1 billion for the third consecutive year. As a mutual, profits are not the only barometer of our success, but they are important because they allow us to maintain our financial strength, to invest with confidence, and to return value to you, our members, through pricing and service.;What is the effect of achieving profits of over £1 billion for the third consecutive year?;Nationwide is in robust financial health
954;Operating profit increased by 17% (1% on a like-for-like basis (1) ). Exchange rate movements increased net fees and operating profit by £93.7 million and £28.9 million respectively, as a result of the significant appreciation in the average rate of exchange between the major currencies.;What was the reason for the Exchange rate movements increasing net fees and operating profit by £93.7 million and £28.9 million respectively?;the significant appreciation in the average rate of exchange between the major currencies
955;Operating profit for Gleeson Strategic Land increased by 17.6% to £12.0m as a result of the increase in transactions during the year to 8 (2016: 7).;What motivated the 17.6% increase in operating profit for Gleeson Strategic Land to £12.0 million?;the increase in transactions during the year to 8 (2016: 7)
956;Administrative expenses Administrative costs of £14.7 million were expensed in the year, after capitalising £5.2 million into the Group's development projects. The £2.4 million increase over the 12 months to 30 September 2017 is predominantly due to a lower proportionate capitalisation.;What has the lower proportionate capitalisation predominantly resulted in?;The £2.4 million increase over the 12 months to 30 September 2017
957;Due to its global reach, including operating in high risk jurisdictions, the Group is subject to enhanced complexity and uncertainty in accounting for income taxes, particularly the evaluation of tax exposures and recoverability of deferred tax.;What did the Group's global reach result in?;the Group is subject to enhanced complexity and uncertainty in accounting for income taxes, particularly the evaluation of tax exposures and recoverability of deferred tax
958;In the run up to the Company's 2017 AGM, votes were lodged by shareholders against Mrs Vittal's reappointment as a director based on concerns that she held too many other directorships such that she could not devote sufficient time to her duties at Compass.;What factors contributed to the votes lodged by shareholders against Mrs. Vittal's reappointment as a director in the run-up to the Company's 2017 AGM?;concerns that she held too many other directorships such that she could not devote sufficient time to her duties at Compass
959;Link to strategy: Deliver robust operating and financial performance Due to frequent changes in tax legislation in Russia, Kazakhstan and Armenia, lack of established practices in tax law means that additional costs such as taxes or penalties may occur.;What is the effect of frequent changes in tax legislation in Russia, Kazakhstan and Armenia?;additional costs such as taxes or penalties may occur
960;On a reported basis, costs of goods sold in the year increased by $7.0m to $237.2m (2016: reported* $230.2m). Cost of sales increased primarily due to the acquisition of Serena and GWAVA ($17.7m and $0.7m respectively) and exceptional items of $0.7m to $2.9m (2016: reported $2.2m) offset by exchange rate;What are the primary reasons behind the increase in cost of sales?;the acquisition of Serena and GWAVA ($17.7m and $0.7m respectively) and exceptional items of $0.7m to $2.9m (2016: reported $2.2m) offset by exchange rate
961;The Audit Committee is satisfied with the effectiveness and independence of the audit process and as such recommended to the Board that Deloitte LLP be re‑appointed as external auditor for the year ending 31 March 2018.;What motivates the recommendation to reappoint Deloitte LLP as external auditor for the year ending 31 March 2018?;The Audit Committee is satisfied with the effectiveness and independence of the audit process
962;Developing new business in mandrels globally through the provision of in-depth technical service and product customization. Our mandrel business has a highly successful business model based on technical expertise and a wide range of solutions for hose manufacturers.;What factor contributed to the global development of new business in mandrels?;the provision of in-depth technical service and product customization
963;Material legal and regulatory compliance failure. Serco is subject to numerous laws and regulations as a result of the complexity and breadth of the sectors and jurisdictions in which it operates.;What causes Serco to be subject to numerous laws and regulations?;the complexity and breadth of the sectors and jurisdictions in which it operates
964;The Group continues to incur charges in relation to M&S Bank insurance mis-selling provision. The Group's income from M&S Bank has been reduced as a result of a further £44.1m of charges in the year.;What caused the reduction in the Group's income from M&S Bank?;a further £44.1m of charges in the year
965;(2) PSP awards are structured as nil cost options and there is therefore no exercise price payable on exercise. Dividend equivalents accrue to the Executive Directors between the date of grant and exercise of the award (up to a maximum of six years from date of grant);Why is there no exercise price payable on exercise?;PSP awards are structured as nil cost options
966;During 2017, the Group operated through five business units. To generate the savings made and because of the need to focus on profitable cash-generative growth more heavily, the Group has amended the business unit infrastructure for 2018.;What was the reason the Group has amended the business unit infrastructure for 2018?;the need to focus on profitable cash-generative growth more heavily
967;Textile Printing using digital inkjet technology is growing fast due to rapid shifts in consumer expectations such as fast changing fashion seasons, and the requirement to reduce waste and pollution.;What are the reasons behind the fast growth of textile printing using digital inkjet technology?;rapid shifts in consumer expectations such as fast changing fashion seasons, and the requirement to reduce waste and pollution
968;There are significant external cost pressures from the increases in the National Living Wage, the National Minimum Wage, the Apprenticeship Levy, the revaluation of business rates, higher energy taxes and increased purchasing costs due to the combined effects of a devalued pound.;What did a devalued pound result in?;There are significant external cost pressures from the increases in the National Living Wage, the National Minimum Wage, the Apprenticeship Levy, the revaluation of business rates, higher energy taxes and increased purchasing
969;– IFRS profits of £23.6m, including £18.4m earned by Scildon since acquisition, largely due to favourable investment conditions which have not been offset by reserve movements.;What was the main reason for the IFRS profits of £23.6m, including £18.4m earned by Scildon since acquisition?;favourable investment conditions which have not been offset by reserve movements
970;The Board concluded that SANNE's knowledge of the Channel Islands employment market was significantly greater than that possessed by search firms traditionally used for FTSE250 board-level appointments. The Board, therefore, decided to use internal search resources to identify suitable candidates. It was agreed that there was no conflict of interest in using internal resources.;Why did the Board decide to use internal search resources to identify suitable candidates?;The Board concluded that SANNE's knowledge of the Channel Islands employment market was significantly greater than that possessed by search firms traditionally used for FTSE250 board-level appointments
971;Gross loans and advance to customers, excluding the exchange rate impact and reverse repos, increased 4%, with the following highlights: –Rises in eight of the ten core countries, notably all developing markets which grew 14%: Argentina (+40%), due to balances in pesos as well as the impact of the peso's depreciation on dollar balances, Poland (+30%) partly due to the integration of the retail and SME businesses acquired from Deutsche Bank Polska, Brazil (+13%), and Mexico and Chile (+10% each).;What caused the increase of gross loans and advance to customers in Argentina?;balances in pesos as well as the impact of the peso's depreciation on dollar balances
972;The ROCE target range was restated from 10-14% to 11-15% as a result of impairments and portfolio changes from the time of target setting.;What caused the ROCE target range to be restated from 10-14% to 11-15%?;impairments and portfolio changes from the time of target setting
973;The Society is committed to maintaining a dialogue with its members and details of engagement activities are included in the Corporate Responsibility Report. Unforeseen changes to the Board in September meant that for a short period of time, excluding the Chairman, less than half of the directors were non-executive.;What were the consequences of unforeseen changes to the Board in September?;for a short period of time, excluding the Chairman, less than half of the directors were non-executive
974;Importantly, we are pleased to see that our investment in customer service has resulted in a notable improvement in our customer satisfaction scores.;What was the effect of the investment in customer service?;a notable improvement in our customer satisfaction scores
975;This approach will be used for 3 years starting from 2019. Thus, 2019-2021 performance will be measured in 2022, 2020-2022 performance will be measured in 2023 and 2021-2023 performance will be measured in 2024. Given the fact that the first performance period under the LTIP will start only in 2019, the exact performance conditions will be defined closer to this date.;What are the consequences of adopting this approach for a three-year period starting from 2019?;2019-2021 performance will be measured in 2022, 2020-2022 performance will be measured in 2023 and 2021-2023 performance will be measured in 2024
976;The Group has had a strong start to the first quarter of FY2018 and as such now expect revenues for the full financial year to be comfortably ahead of existing market expectations.;Why does the company expect revenues for the full financial year to be comfortably ahead of existing market expectations?;The Group has had a strong start to the first quarter of FY2018
977;Availability and terms of customer finance Vehicle sales volumes rely on our customers being able to access affordable credit lines. As such the Company is exposed to the risk of lending institutions reducing, terminating or materially altering the terms and conditions on which they are willing to offer consumer credit;What is the effect of vehicle sales volumes relying on our customers being able to access affordable credit lines?;the Company is exposed to the risk of lending institutions reducing, terminating or materially altering the terms and conditions on which they are willing to offer consumer credit
978;Thanks to the air quality measurement stations located in several of the airports managed by Aena, air quality control is carried out that enables the company to verify compliance with the established ranges.;What facilitates the air quality control, which allows the company to verify compliance with the established ranges?;the air quality measurement stations located in several of the airports managed by Aena
979;In response to the increasing demand for biomarkers during multiple stages of drug discovery and development, the pharmaceutical and biotechnology industry has sought to use outsourced capability for the discovery of biomarkers due to the considerable time, cost and expertise required in this discovery process.;What have been the implications of the increasing demand for biomarkers throughout multiple stages of drug discovery and development?;the pharmaceutical and biotechnology industry has sought to use outsourced capability for the discovery of biomarkers due to the considerable time, cost and expertise required in this discovery process
980;In its first full year as a listed company, Metro Bank has continued to grow strongly as it follows its unique business model. As such, the Audit Committee has focused on building and delivering an audit plan that works alongside the growth model and looks forwards as well as backwards to ensure it fulfills its assurance role and understands, assesses and monitors the risk facing the business.;What accounts for Metro Bank's ongoing strong growth in its first year of listing?;it follows its unique business model
981;3. M D Dwyer – appointed to the Board on 19th October 2015 so last year's salary was only for a partial year. In addition, he received a salary increase of 7% as of 1st January 2016, therefore 12 months at the increased salary this year;What caused 12 months at the increased salary this year?;he received a salary increase of 7% as of 1st January 2016
982;• Pan African Resources' share price decreased by 37.1% to ZAR2.36 from ZAR3.75, which resulted in a decrease in the group's cash-settled share option costs.;What does the decrease in the group's cash-settled share option costs owe to?;Pan African Resources' share price decreased by 37.1% to ZAR2.36 from ZAR3.75
983;There has also been a reduction in vehicle emissions: the 2017 figure was 1,059 tonnes of CO 2 (a reduction of 12% from 1,208 in 2016 ) and in natural gas emissions, the 2017 figure was 660 tonnes of CO 2 (a reduction of 5% from 693 in 2016). These reductions in emissions are being driven by a combination of technological change in the Group's manufacturing sites (reducing emissions), and a portfolio-level diversification away from manufacturing towards consultancy (driving revenues).;What factors drove the Group's decrease in vehicle emissions and natural gas emissions?;a combination of technological change in the Group's manufacturing sites (reducing emissions), and a portfolio-level diversification away from manufacturing towards consultancy (driving revenues)
984;During the year, the weakness of Sterling against the Euro and the US Dollar following the Brexit vote, has put pressure on food cost inflation. Where possible we have benefited from additional volume discounts due to our significant opening program.;What did their significant opening program lead to?;Where possible we have benefited from additional volume discounts
985;At the end of the performance period, the Committee will have absolute discretion to determine the extent to which the awards will vest, if at all, on account of underlying Company performance. If discretion is applied, the level and reasons for its application will be fully disclosed.;What will the underlying Company performance imply at the end of the performance period?;the Committee will have absolute discretion to determine the extent to which the awards will vest, if at all
986;As a consequence of managing the estate to reduce square footage, eliminate store catchment overlap and improve the quality of our store base on realistic rental deals, the operating lease liabilities have reduced significantly to £531.9m (2016: £599.3m).;What factors led to the significant reduction in operating lease liabilities to £531.9m in 2017 from £599.3m in 2016?;managing the estate to reduce square footage, eliminate store catchment overlap and improve the quality of our store base on realistic rental deals
987;Since the beginning of the implementation of the TRansforma | 360o Plan, at the beginning of the second semester of 2017 and until the end of 2018, 96 initiatives have been implemented that involved the obtaining of a €24.5m improvement in the base EBITDA, which involved the fulfilment of 54.5 percent of the target to improve the recurring EBITDA by 45m in 2020. Similarly, the company's working capital required to operate has been reduced by €12.2m in a recurrent manner.;What was the implication of obtaining a €24.5m improvement in the base EBITDA regarding the 96 initiatives in the TRansforma | 360o Plan?;the fulfilment of 54.5 percent of the target to improve the recurring EBITDA by 45m in 2020
988;Salaries were £39.0m (2016: £30.4m) as average headcount increased 11% from 215 to 238. This increase is directly related to investing in our capital market investments strategies, the ICG Enterprise Trust team and our operations infrastructure.;What led to average headcount increasing 11% from 215 to 238?;investing in our capital market investments strategies, the ICG Enterprise Trust team and our operations infrastructure
989;In the summer of 2018, 204 airports were designated Level 3 slot-coordinated facilities, meaning that they do not have the runway, ramp or gate capacity to handle all of the flights that carriers would like to operate. At the same time, despite the strong investments in airports, Eurocontrol estimates that by 2040, 160 million passengers will be unable to fly due to a lack of airport capacity, resulting in €88 billion of lost economic activity across Europe. As technology can facilitate more efficient use of these scarce resources, the industry will need to invest in IT systems.;What is the factor that will prevent approximately 160 million passengers from flying and cause a €88 billion loss?;a lack of airport capacity
990;In line with the Code's recommendations, Jonathan Muir will stand for election at the AGM in 2018, being the first AGM following his appointment to the Board. All of our Directors seek re-election every year and therefore all other Directors will stand for re-election at the Company's.;Why all other Directors will stand for re-election at the Company's?;All of our Directors seek re-election every year
991;"This decline can be put down to several unfavourable circumstances that simultaneously affected our North American rice subsidiary, including: rising prices of auxiliary raw materials (packaging) and agricultural raw materials (mainly jasmine rice from Thailand, although also basmati and American rice); the extraordinary hike in logistics costs in the USA owing to the shortage of hauliers and rising fuel prices; and the situation of full employment in the USA, with the resulting shortage of manpower throughout the country and an upturn in salary costs. Our Freeport plant in Texas suffered keenly the effects of the last factor, owing to the strong growth of the petrochemical industry in the region.";What was the consequence of the haulier shortage and rising fuel prices in the decline derived from several unfavourable circumstances that affected their North American rice subsidiary?;the extraordinary hike in logistics costs in the USA
992;The Committee reviewed the base salary levels for the Chief Executive, Mark Selway and Executive Director, Roy Twite in light of the 2017 business performance and concluded that an increase of 2.6% effective 1 January 2018, was appropriate and in line with the wider employee workforce.;What led the Committee to conclude that a 2.6% increase effective 1 January 2018 for the Chief Executive and Executive Director was appropriate?;the 2017 business performance
993;"The Company is intended to operate over the long-term; however due to the limitations and uncertainties inherent in predicting market conditions the Directors have determined that five years is the longest period for which it is reasonable to make this assessment.";What factor contributed to the directors determining that five years is the longest reasonable period for making this assessment?;the limitations and uncertainties inherent in predicting market conditions
994;Current assets increased by £133.4 million to £292.6 million (2016: £159.2 million), due to the growth in the closing cash balance. The cash balance of £265.1 million (2016: £130.6 million) includes £51.5 million (2016: £33.8 million) of cash payable to our Restaurant Partners shortly after the period end.;What caused current assets to increase by £133.4 million to £292.6 million in 2017 from £159.2 million in 2016?;the growth in the closing cash balance
995;Other expenses at €4.7 million were €3.2 million lower than in 2016 mainly due to the €4.3 million cost of cancelling the polysilicon purchase contract, where the Group forfeited a significant portion of its outstanding prepayment in 2016. Partly offsetting this were higher legal costs in 2017 due to pursuing the arbitration award.;What was the result of the €4.3 million cost of cancelling the polysilicon purchase contract?;Other expenses at €4.7 million were €3.2 million lower than in 2016
996;These results were attained due to greater rail activity than in previous years, underpinned by our continuous efforts to optimise the supply, manufacture, delivery and maintenance of vehicles in all our business lines with a view to increasing efficiency in terms of industrial costs and the related LCCs and progressively optimising inventories. This, along with the low collection risk in the projects arranged during the year, allowed us to close 2018 with a strong enough financial position to face potential instability in the bond markets, even after the acquisition of Solaris and the investment in Orbital, which is reflected in the Group's net financial debt of EUR 324 million – 1.6 times its EBITDA for the year.;What did the Group achieve by optimizing its supply chain, costs (LCC), and inventories, driven by increased rail activity?;to close 2018 with a strong enough financial position to face potential instability in the bond markets, even after the acquisition of Solaris and the investment in Orbital, which is reflected in the Group's net financial debt of EUR 324 million – 1.6 times its EBITDA for the year
997;"Internal Audit carries out risk-based audits, under the guidance of the Audit Committee. The Audit Committee therefore: • reviews and approves the Internal Audit Charter; • reviews the effectiveness of the Internal Audit function, and its capacity to carry out the annual audit plan; • reviews the activities and organisational structure of the internal audit function and ensures no unjustified restrictions or limitations exist; • provides independence of the Internal Audit function, through the reporting line; • ensures Internal Audit activities comply with the relevant rules and regulations; • reviews and approves the results of risk assessment and the Annual Audit Plan; • reviews and approves the Internal Audit reports to management and management's action plans to address risks and control deficiencies; • monitors the status of implementation of management action plans; and • may escalate to the Board of Directors the significant audit findings and control deficiencies which require the Board's attention and prioritisation.";What are the implications of the Audit Committee guiding the Internal Audit?;"reviews and approves the Internal Audit Charter; • reviews the effectiveness of the Internal Audit function, and its capacity to carry out the annual audit plan; • reviews the activities and organisational structure of the internal audit function and ensures no unjustified restrictions or limitations exist; • provides independence of the Internal Audit function, through the reporting line; • ensures Internal Audit activities comply with the relevant rules and regulations; • reviews and approves the results of risk assessment and the Annual Audit Plan; • reviews and approves the Internal Audit reports to management and management's action plans to address risks and control deficiencies; • monitors the status of implementation of management action plans; and • may escalate to the Board of Directors the significant audit findings and control deficiencies which require the Board's attention and prioritisation"
998;Production from the Premier-operated Solan field (100 per cent interest) averaged 5.9 kboepd, lower than originally expected, as a result of the first production well ('P1') being shut in for a period in February following the failure of the existing electric submersible pump ('ESP').;What were the factors that contributed to the production from the Premier-operated Solan field being lower than originally expected?;the first production well ('P1') being shut in for a period in February following the failure of the existing electric submersible pump ('ESP')
999;"Total water consumption per tonne of production decreased 4.5% in 2017, with most of the improvement due to a reduction in ""once through"" cooling requirements on two German sites and reduced losses due to a replacement reactor in the Middle East.";What was the main cause of the improvement that led to the 4.5% decrease in total water consumption per tonne of production?;"a reduction in ""once through"" cooling requirements on two German sites and reduced losses due to a replacement reactor in the Middle East"
1000;The Group has not implemented an internal audit function because the Directors believe the controls in place have been appropriate for the size and complexity of the Group's activities. The Board intends to keep this under review.;What motivated the Group not to implement an internal audit function?;the Directors believe the controls in place have been appropriate for the size and complexity of the Group's activities
1001;Operating cash outflows of £24.0 million, of which £15.0 million relates to the CLSA annual payment, have decreased from £42.4 million for the year to 31 December 2016 as a result of changes in net working capital requirements.;What were the effects of changes in net working capital requirements?;Operating cash outflows of £24.0 million, of which £15.0 million relates to the CLSA annual payment, have decreased from £42.4 million for the year to 31 December 2016
1002;Gross margins are likely to improve slightly as volumes grow. Overheads will rise less in 2018 than they did in 2017 as investment slows, based on constant currency rates.;What does the growth in volumes translate to?;Gross margins are likely to improve slightly
1003;For the year ending September 2017, the Group's underlying tax charge was £50.6m (19.5%) with a £5.3m deferred tax release following the remeasurement of deferred tax due to changes in the UK corporation tax rate.;What caused the the remeasurement of deferred tax?;changes in the UK corporation tax rate
1004;The EBITDA for the period reached 2,656.6 million euros (including 78.7 million euros as a result of the consolidation of Luton), which represents an increase of 5.5%. In 2018, the rise in the costs of services provided by third parties in the tenders launched since the end of 2016, which have come into force with higher associated costs, was made clear, reflecting the significant increase in traffic experienced by Aena airports in Spain during the last few years, the conditions agreed in the industry's collective agreements and the service requirements linked to compliance with DORA quality levels.;What prompted the rise in the costs of services provided by third parties in the tenders launched since the end of 2016, which have come into force with higher associated costs?;the significant increase in traffic experienced by Aena airports in Spain during the last few years, the conditions agreed in the industry's collective agreements and the service requirements linked to compliance with DORA quality levels
1005;In light of these considerations, the Audit Committee has recommended to the Board that a statement on the Company's longer-term prospects to continue its operations and meet its expenses and liabilities as they fall due, until the winding up vote at the seventh AGM (expected April 2020), may be made.;What did these considerations entail?;the Audit Committee has recommended to the Board that a statement on the Company's longer-term prospects to continue its operations and meet its expenses and liabilities as they fall due, until the winding up vote at the seventh AGM (expected April 2020), may be made
1006;• Liquidity risk – misjudgment in the level of liquidity resulting in inability to meet contractual/contingent financial obligations or the inability to fund the business when needed.;What is the consequence of misjudgment in the level of liquidity?;inability to meet contractual/contingent financial obligations or the inability to fund the business when needed
1007;This shift in behaviour, combined with our partnership with the Post Office, mobile branches and Community Bankers, means there are now more ways to bank than ever before.;What factors contributed to there being more ways to bank now than ever before?;This shift in behaviour, combined with our partnership with the Post Office, mobile branches and Community Bankers
1008;"Following a review of that ""long-list"" by the independent Non-Executive Directors and a meeting with Warren Partners, a ""short-list"" of eight candidates was identified. Warren Partners interviewed and provided feedback on all ""short-list"" candidates, resulting in a refined list of five candidates. The independent Non-Executive Directors interviewed all five candidates pursuant to which they identified a preferred candidate.";What motivated the refined list of five candidates?;"Warren Partners interviewed and provided feedback on all ""short-list"" candidates"
1009;As a good leaver he will, to the extent that they vest based on performance, receive his outstanding prorated LTIP awards at the normal vesting date. The Committee has exercised an available discretion for good leavers to disapply any holding period on vested LTIP awards.;What will be the implications of him being classified as a good leaver?;he will, to the extent that they vest based on performance, receive his outstanding prorated LTIP awards at the normal vesting date
1010;Mitigation: While research underlines consumers' continued desire for natural diamonds owing to their inherent value and rarity, De Beers has a comprehensive strategy to mitigate risk of both the entry of undisclosed synthetics into the pipeline and the potentially misleading marketing of disclosed synthetics.;What is the reason behind consumers' continued desire for natural diamonds?;their inherent value and rarity
1011;Destruction rates were slightly higher than the historic trend and we continued to see comparatively high levels of box removal, driven by an ongoing long-term exit of a major customer from an acquired business.;What motivates the ongoing comparatively high levels of box removal?;an ongoing long-term exit of a major customer from an acquired business
1012;All of the Group's capabilities and customer relationships ultimately derive from our people, and such success as we have enjoyed is a result of their efforts. We would like to take this opportunity to express our thanks to all employees of Cohort and its businesses.;To whom are all of the Group's capabilities and customer relationships ultimately attributed?;our people
1013;Risk margin: Solvency II rules require a significant 'risk margin' which is held on the Solvency II balance sheet as a liability, and this is considered to be materially above a realistic cost. We therefore reduce this margin for risk for EcV valuation purposes;Why do they reduce the margin for risk for EcV valuation purposes?;Solvency II rules require a significant 'risk margin' which is held on the Solvency II balance sheet as a liability, and this is considered to be materially above a realistic cost
1014;Those positive effects were partially offset by the increase in taxes as a result of the improvement in operations (net tax rate of 48% vs. 40% in 2017), the higher exploration expenses resulting from the depreciation and provisions recorded for wells and investments that are unlikely to be successful and the negative effect of the exchange rate due to the weakening of the dollar.;What factors drove the higher exploration expenses that offset the positive effects?;the depreciation and provisions recorded for wells and investments that are unlikely to be successful
1015;Net capital expenditure was £21.4 million (2016: £14.9 million), with the increase primarily due to investments in IT capabilities, cyber security and automation of our German back-office. We expect capital expenditure to be around £20 million for the year to June 2018.;What led to net capital expenditure increasing to £21.4 million in 2017 from £14.9 million in 2016?;investments in IT capabilities, cyber security and automation of our German back-office
1016;There are no annual bonus outcomes to report in the table as the Admiral DFSS bonus is not structured as a traditional annual bonus scheme and consequently a vesting outcome (as a percentage of max) is meaningless.;What is the reason a vesting outcome (as a percentage of the max) is considered meaningless?;There are no annual bonus outcomes to report in the table as the Admiral DFSS bonus is not structured as a traditional annual bonus scheme
1017;Our regretted institutional attrition rate has been relatively low during the period, and is a function of our client outcome-led approach to engaging, as I described earlier. As a result, our AUM/NUM growth has been strong. This, coupled with investment performance, has led AUM/NUM growth in the three years to be 21% per annum.;Why has their AUM/NUM growth been strong?;Our regretted institutional attrition rate has been relatively low during the period, and is a function of our client outcome-led approach to engaging, as I described earlier
1018;• Accounts receivable decreasing to ZAR233.1 million (2016: ZAR277.8 million) predominantly due to: – The exclusion of Uitkomst Colliery accounts receivables of ZAR63.4 million following the disposal on 30 June 2017. – The exclusion of Phoenix Platinum accounts receivable of ZAR27.2 million;What factor mainly contributes to accounts receivable decreasing to ZAR233.1 million?;The exclusion of Uitkomst Colliery accounts receivables of ZAR63.4 million following the disposal on 30 June 2017. – The exclusion of Phoenix Platinum accounts receivable of ZAR27.2 million
1019;Ophir's Board agreed a change in strategy in order to make its business sustainable in a 'lower for longer' oil price environment. As a result, a major restructure was completed that necessitated substantial headcount reductions both in our head office and overseas.;What was the outcome of Ophir's Board changing its strategy to seek sustainability in a 'lower for longer' oil price environment?;a major restructure was completed that necessitated substantial headcount reductions both in our head office and overseas
1020;In September 2017 the Board's scheduled meeting reviewed the Group's strategic objectives identified at the strategy session held in 2015 and the Chief Executive Officer provided an update on the progress achieved in implementing these objectives. This exposure to the members of senior management from across the businesses helps enhance the Board's understanding of the businesses, the implementation of strategy and the changing dynamics of the markets in which the businesses operate.;What does the exposure to the members of senior management from across the businesses enable?;the Board's understanding of the businesses, the implementation of strategy and the changing dynamics of the markets in which the businesses operate
1021;"The increase in operating income (€+1.181 million; +37%), owing to the strong performance of the Upstream segment, drove EBITDA upward by +12%.";"What reason was behind the increase in operating income (€+1.181 million; +37% driving EBITDA upward by +12%)?";the strong performance of the Upstream segment
1022;The strengthening of these processes and governance means that the Group is able to demonstrate technical and commercial feasibility of development activities and consequently is now required to capitalise development spend under IAS 38 'Intangible assets'.;What does the strengthening of these processes and governance imply?;the Group is able to demonstrate technical and commercial feasibility of development activities
1023;Evander Mines incurred cash outflows of ZAR345.2 million during the financial year, following the refurbishment of critical shaft infrastructure which resulted in lower gold production.;What led to the lower gold production?;Evander Mines incurred cash outflows of ZAR345.2 million during the financial year, following the refurbishment of critical shaft infrastructure
1024;We believe that our products offer a strong advantage over competing offerings, due to their inherent integration based on our leading object modelling technology, which reduces complexity and lowers the total cost of ownership for our customers.;What is the reason for their products offering a strong advantage over competing offerings?;their inherent integration based on our leading object modelling technology, which reduces complexity and lowers the total cost of ownership for our customers
1025;In light of the strong long-term track record of MUSCIT, the commitment of Montanaro, and following the comprehensive review shown above, the Board unanimously recommends that all Shareholders should vote in favour of Resolution 10 at the Annual General Meeting, as they intend to do themselves.;What factors led the Board to unanimously recommend that all Shareholders vote in favor of Resolution 10 at the Annual General Meeting?;the strong long-term track record of MUSCIT, the commitment of Montanaro, and following the comprehensive review shown above
1026;Organic growth is a key strategic objective for the business and the risk factors involved are considered to be consistent with the prior year in view of those territories that have been targeted.;What explains the risk factors involved being considered consistent with the prior year?;those territories that have been targeted
1027;Private healthcare benefits are provided through third party providers and therefore the cost to the Company and the value to the Director may vary from year to year. It is intended the maximum value of benefits offered will remain broadly in line with market practice.;Why may the cost to the Company and the value to the Director vary from year to year?;Private healthcare benefits are provided through third party providers
1028;In summary, what we are trying to achieve at Centrica is not easy. In fact, it is one of the most ambitious changes attempted by any company in one of the most competitive and challenging sectors of the economy. But we are not doing this out of ambition. We are doing this because it is absolutely necessary for the future of this business that we adapt to the changes in the energy landscape and that we find new ways to meet the changing needs of our customers.;What is the reason for Centrica attempting these ambitious changes?;it is absolutely necessary for the future of this business that we adapt to the changes in the energy landscape and that we find new ways to meet the changing needs of our customers
1029;Whilst the technical know-how underpinning the manufacture of our commercial portfolio is an important competitive differentiator, we are consequently restricted in our ability to validate alternative sources of supply due to the need to maintain control over that know-how.;What is driving the restriction on their ability to validate alternative sources of supply?;the need to maintain control over that know-how
1030;"No director has communicated during the year 2018 any situation that places him in a conflict of interest with the Group. However, in 2018, there were 60 occasions in which directors abstained from participating in discussions and voting on matters at the meetings of the board of directors or of its committees. The breakdown of the 60 cases is as follows: on 26 occasions the abstention was due to proposals to appoint, re-elect or remove directors, and their appointment as members of board committees or as members of other boards at Santander Group companies; on 30 occasions the matter under consideration related to remuneration or the granting of loans or credits; on 1 occasion the matter concerned the discussion of a risk transaction involving a party related to a director; and on 3 occasions the abstention concerned the annual verification of the status and the suitability of directors.";What provoked 26 of the 60 cases of abstentions?;proposals to appoint, re-elect or remove directors, and their appointment as members of board committees or as members of other boards at Santander Group companies
1031;In last year's annual report, we noted an area of ongoing non-compliance with the Governance Code due to the fact that Richard Baker, the Company's former Non-Executive Chair, was, for the purposes of the Governance Code, not considered to have been independent on his appointment as Chair in 2010 due to his role as an Operating Partner at Advent.;What was the reason for Richard Baker not being considered independent on his appointment as Chair in 2010 for the purposes of the Governance Code?;his role as an Operating Partner at Advent
1032;The Board includes both Executive and Non-Executive Directors with considerable acquisition experience. Given that the development of the Group in the fluid power market is likely to include multiple opportunities to acquire trading companies in both the UK and Europe, future appointments will also be made as required;What led to the decision that future appointments will be made as required?;the development of the Group in the fluid power market is likely to include multiple opportunities to acquire trading companies in both the UK and Europe
1033;We operate and own as sets in a large number of geographic regions and countries, some of which are categorised as developing, complex or having unstable political or social climates. As a result, we are exposed to a wide range of political, economic, regulatory, social and tax environments.;What is the exposure to a wide range of political, economic, regulatory, social, and tax environments owed to?;We operate and own as sets in a large number of geographic regions and countries, some of which are categorised as developing, complex or having unstable political or social climates
1034;However, our customer service metrics remain exceptional across all of the countries in which we operate because we make it our mission to care more and we continue to innovate to create the best customer experience for tomorrow.;What is the reason their customer service metrics remain exceptional across all of the countries?;we make it our mission to care more and we continue to innovate to create the best customer experience for tomorrow
1035;"In March 2018 the Committee opted to increase the frequency of its meetings with a greater focus on monitoring risk across the Group. As a result, the Committee changed its name to the ""Audit and Risk Committee"". We will provide more details on this change and the work we have";"What does the change of the Committee's name to the ""Audit and Risk Committee"" owe to?";In March 2018 the Committee opted to increase the frequency of its meetings with a greater focus on monitoring risk across the Group
1036;"The US$268.4 million increase was mainly due to: the larger asset base following the commissioning of San Julián; capitalised development works; construction of the Pyrites plant and the second DLP line; purchase of additional in-mine equipment; and the construction of leaching pads at Herradura and Noche Buena.";What factors mainly explain the US$268.4 million increase?;"the larger asset base following the commissioning of San Julián; capitalised development works; construction of the Pyrites plant and the second DLP line; purchase of additional in-mine equipment; and the construction of leaching pads at Herradura and Noche Buena"
1037;Despite the improvement in performance there will be no vesting from the January 2015 PSP award, which is based on performance to 31 March 2017, as the performance levels are below the respective earnings per share (EPS) and margin targets.;Why will there be no vesting from the January 2015 PSP award?;the performance levels are below the respective earnings per share (EPS) and margin targets
1038;Given that this was Jeremy's second term a particularly rigorous review of his independence was carried out focussing on his contributions to Board discussions, challenges of management, experience of finance and capital markets and the overall mix of experience of the Board. It was agreed that he continued to be independent. It was unanimously agreed that his term be renewed for a further three years, subject to annual reappointment at the AGM.;What were the consequences of this being Jeremy's second term?;a particularly rigorous review of his independence was carried out focussing on his contributions to Board discussions, challenges of management, experience of finance and capital markets and the overall mix of experience of the Board
1039;– A net impairment charge of £4.2m (2016: £68.1m) was made against the carrying value of specific restaurant assets due to recent changes in certain markets.;What was the consequence of recent changes in certain markets?;A net impairment charge of £4.2m (2016: £68.1m) was made against the carrying value of specific restaurant assets
1040;Performance against the corporate financial performance measures was subject to a qualitative review of the underlying performance achieved. As a result of this review, the Committee concluded the overall score should be reduced by 4.1%, reflecting the fact that some elements of reported revenue were outside of management's control.;Why did the Committee conclude that the overall score should be reduced by 4.1%?;Performance against the corporate financial performance measures was subject to a qualitative review of the underlying performance achieved
1041;There were a number of significant people-related actions carried out during the year, which led to major organisational developments across our business.;What was the reason for the major organisational developments across their business?;There were a number of significant people-related actions carried out during the year
1042;In light of the shareholder response to the 2016 remuneration report, contact was made with certain of the Company's major shareholders and shareholder reporting bodies with a view to discuss any concerns. The Remuneration Committee considered the feedback received at length during 2017.;What happened as a result of the shareholder response to the 2016 remuneration report?;contact was made with certain of the Company's major shareholders and shareholder reporting bodies with a view to discuss any concerns
1043;A copy of any advice received by the Director is to be made available to all other members of the Board. In accordance with best practice, the Chairman monitors the developmental needs of the Board as a whole, with a view to further developing its effectiveness as a team.;What are the implications of best practice?;the Chairman monitors the developmental needs of the Board as a whole, with a view to further developing its effectiveness as a team
1044;Within this, the Group aims to align the sources and uses of funding. As such, retail and corporate loans and advances are largely funded by customer deposits, with the surplus primarily funding the liquidity pool.;What is the consequence of the Group aiming to align the sources and uses of funding?;retail and corporate loans and advances are largely funded by customer deposits, with the surplus primarily funding the liquidity pool
1045;As a result of this review, the Committee did not identify any instances of overboarding and confirms that all individual Directors have sufficient time to commit to their appointment as a Director of Severn Trent Plc.;What happened due to this review?;the Committee did not identify any instances of overboarding and confirms that all individual Directors have sufficient time to commit to their appointment as a Director of Severn Trent Plc
1046;"The Board has considered the Group's risk appetite in light of the outcome of the UK's referendum on continued membership of the EU. Our strategy, which is based on long term trends, endures; we had already positioned the business for a range of outcomes with modest development exposure, high occupancy";What caused the Board to consider the Group's risk appetite?;the outcome of the UK's referendum on continued membership of the EU
1047;Due to the diversity of our ODS customer portfolio, the impacts of foreign currency were not as significant and, on a constant currency basis, ODS revenue growth was similar, at 140%. Revenue 2017 £'000s 2016 £'000s Movement % Software implementation 44,764 47,881 (7%) ODS 21,164 8,667 144% Maintenance 21,849 16,732;What has the diversity of their ODS customer portfolio led to?;the impacts of foreign currency were not as significant and, on a constant currency basis, ODS revenue growth was similar, at 140%
1048;In 2017, the Group's net debt position rose from £225m to £520m (excluding ITP Aero) largely reflecting the £273m free cash generation offset by shareholder payments of £214m and £286m covering payments due in 2017 for the financial penalties from agreements with investigating bodies. A further £378m of regulatory fines remain due to the SFO, with a payment schedule extending to 2021.;What was the reason for the persistence of an additional £378 million in regulatory fines?;the SFO, with a payment schedule extending to 2021
1049;The Company is subject to laws and regulations by virtue of its status as an investment trust and is required to comply with certain regulatory requirements that are applicable to listed closed-ended investment companies. The Company is subject to the continuing obligations imposed by the UK Listing Authority.;What makes the Company subject to laws and regulations and require it to comply with certain regulatory requirements?;its status as an investment trust
1050;However, the Group expects marketing spend will be circa £3 million higher in 2018 due to the costs of the South Korea affiliate, launch of Ellansé ® in Brazil, and incremental digital marketing spend.;Why does the Group expect that marketing spend will be circa £3 million higher in 2018?;the costs of the South Korea affiliate, launch of Ellansé ® in Brazil, and incremental digital marketing spend
1051;Net interest payable on net debt from core businesses was £90m (2016: £85m). The increase in 2017 was primarily due to a temporary increase in gross borrowings (matched by an increase in cash balances) following the issuance of a €500m Public Bond in November 2016;What led to the increase in net interest payable on net debt from core businesses to £90m in 2017 from £85m in 2016?;a temporary increase in gross borrowings
1052;• Kapan's TCC were US$871/GE oz, improved by 3% year-on year thanks to the operational and financial turnaround and the ongoing improvement measures to debottleneck the underground mine, while there were purchases of higher cost third-party material in order to utilise available capacity at the processing plant.;What led to the 3% year-on-year improvement in Kapan's TCC per GE oz?;the operational and financial turnaround and the ongoing improvement measures to debottleneck the underground mine
1053;The 2% underlying decline in Group adjusted operating profit was principally due to the increase in RMS(one) related amortisation costs, increased losses from dmg information's Xceligent business and reduced profits from Genscape, where the solar energy business had a particularly challenging year.;What factors led to the 2% underlying decline in Group adjusted operating?;the increase in RMS(one) related amortisation costs, increased losses from dmg information's Xceligent business and reduced profits from Genscape, where the solar energy business had a particularly challenging year
1054;However, in accordance with corporate governance best practice and as they have each served as Directors for more than nine years, Ian Cormack, Malcolm Graham-Wood and Steven Scott offer themselves for annual re-election.;What are the implications of corporate governance best practice and the fact that they have each served as Directors for more than nine years?;Ian Cormack, Malcolm Graham-Wood and Steven Scott offer themselves for annual re-election
1055;Also, as previously announced, due to work commitments, María Dolores Dancausa has decided to step down as a Non-Executive Director of the Company at the conclusion of the Annual General Meeting on 17 May 2018.;What were the implications of María Dolores's work commitments?;María Dolores Dancausa has decided to step down as a Non-Executive Director of the Company at the conclusion of the Annual General Meeting on 17 May 2018
1056;That said, the Committee is mindful of the current developments surrounding executive pay and alignment with the pay of the wider workforce. The new policy will therefore reduce the maximum pension allowance for new hires from 30% to 25% of base salary.;What explains the fact that the new policy will reduce the maximum pension allowance for new hires from 30% to 25% of base salary?;the Committee is mindful of the current developments surrounding executive pay and alignment with the pay of the wider workforce
1057;EMIS Group has made good progress in its patient-facing business during 2017, investing in key developments to provide a platform for growth in the medium-term. Patient.info, which enables the general public to self-care by searching for high-quality information relating to clinical conditions, has been upgraded to optimise its user experience for all mobile platforms.;What does the Patient.info platform facilitate?;the general public to self-care by searching for high-quality information relating to clinical conditions
1058;Underlying profit before tax was £11.0 million in the year to December 2017 (2016: £11.8 million). Reported profit before was £4.5 million in the year to December 2017 (2016: £6.6 million), due to lower underlying operating profit and an increase in highlighted items compared with 2016.;What caused the reported profit before tax to decrease to £4.5 million in the year to December 2017, down from £6.6 million in 2016?;lower underlying operating profit and an increase in highlighted items compared with 2016
1059;R&D expenses decreased by $6.3 million to $49.0 million for the year ended 31 December 2017 (2016: $55.3 million). Similarly to SG&A expenses, the decrease in R&D cost was largely due to savings from the restructuring and discontinued funding of subsidiaries during the year of $7.3 million.;What factor led to the decrease in R&D cost?;savings from the restructuring and discontinued funding of subsidiaries during the year of $7.3 million
1060;The Woodsmith Mine and associated infrastructure will enable us to produce and sell up to 20 million tonnes per annum of our primary product, POLY4.;What will the Wordsmith Mine and associated infrastructure facilitate?;to produce and sell up to 20 million tonnes per annum of our primary product, POLY4
1061;Gross profit was £19.5 million (2016: £29.6 million), however as explained above, two land sales were shown as gains on sale of subsidiary and joint venture where the profit was £13.0 million. The gross margin on housebuilding was 15.1% (2016: 21.9%). The reduction is due to an increase in unforeseen site wide costs on certain projects and additional remedial costs on certain historic projects.;What are the factors accounting for the reduction in gross margin on housebuilding?;an increase in unforeseen site wide costs on certain projects and additional remedial costs on certain historic projects
1062;Our associate company, Troy Homes Limited, is in its second operating year and, as expected, further losses were incurred during the start-up phase. The Group has therefore made a provision of £238,000 and the carrying value is now £1.1 million.;Why has the Group made a provision of £238,000 and the carrying value is now £1.1 million?;Our associate company, Troy Homes Limited, is in its second operating year and, as expected, further losses were incurred during the start-up phase
1063;Why we think this is important We operate across the globe and therefore have to work within a wide range of political and social conditions.;Why do they have to work within a wide range of political and social conditions?;We operate across the globe
1064;The Group sources most of its products from outside the UK. Consequently, the Group is subject to risks associated with international trade.;Why is the Group subject to risks associated with international trade?;The Group sources most of its products from outside the UK
1065;During the year ended 31 March 2017, the only non-audit services provided by KPMG was the interim review, therefore the ratio of audit and audit related services to non-audit related services is 79%.;What is the result of the interim review being the only non-audit service provided by KPMG for the year ended 31 March 2017?;the ratio of audit and audit related services to non-audit related services is 79%
1066;This was augmented by our continued 'up or out' strategy, to ensure that we focused on only retaining contracts that are delivering acceptable returns. We relinquished contracts amounting to 190 buses in 2017, and also exited our first transit contract for this reason as well in the year.;What is the outcome of focusing on only retaining contracts that are delivering acceptable returns?;We relinquished contracts amounting to 190 buses in 2017, and also exited our first transit contract
1067;We have a good volume of Client M&A transactions in progress. As a result, we anticipate our first half performance will be significantly ahead of last year's first half performance. We have assumed no material adverse impact from current events in Syria.;What is the consequence of having a good volume of Client M&A transactions in progress?;we anticipate our first half performance will be significantly ahead of last year's first half performance
1068;It adopts the UK Corporate Governance Code 2016 (the Code) to the extent that it is appropriate given the Society's legal form and mutual ownership structure. It was not, for instance, possible to comply with provisions relating to dialogue with 'major shareholders' due to the Society's mutual status and 'one member, one vote' principle.;What explains the inability to comply with provisions regarding dialogue with 'major shareholders'?;the Society's mutual status and 'one member, one vote' principle
1069;The ALKAMMONIA project has continued, with the bulk of work required for AFC Energy's delivery of a small-scale system completed (as announced during the course of 2016). Due to delays with the certification and delivery of the ammonia cracker, and in consultation with the FCH JU, the project has been extended to accommodate these delays and ensure successful completion.;What were the consequences of the delays with the certification and delivery of the ammonia cracker, in consultation with the FCH JU?;the project has been extended to accommodate these delays and ensure successful completion
1070;The Society's charity partnership is with Alzheimer's Society and Alzheimer Scotland and the society-wide drive to support our charity partners has resulted in many of our colleagues becoming 'dementia friends', attending sessions to improve their understanding of dementia and, as a result, they're better equipped to support people;What was the effect of many of our colleagues becoming 'dementia friends' and attending sessions to improve their understanding of dementia?;they're better equipped to support people
1071;The committee will consider separate disclosure of exceptional income or costs in light of the FRC recommendations of a balanced and consistent approach. The committee is mindful of the need to understand the underlying trends of each division within the business with the impact of large and unusual items separated;What is the reason the committee will consider separate disclosure of exceptional income or costs?;the FRC recommendations of a balanced and consistent approach
1072;Externally, the distribution market is experiencing opportunity and challenge as a result of changes on many fronts. These include changing consumer expectations, the growth of click & collect and home delivery alternatives, the need for more flexible and speedy solutions, a trend of SMEs supplying direct to consumers, etc.;What factors explain the opportunities and challenges experienced by distribution makers?;changes on many fronts. These include changing consumer expectations, the growth of click & collect and home delivery alternatives, the need for more flexible and speedy solutions, a trend of SMEs supplying direct to consumers, etc.
1073;• Administrative expenses and amortisations were 6% higher due to the ongoing commercial transformation and digitalisation process.;What was the result of the ongoing commercial transformation and digitalisation process?;Administrative expenses and amortisations were 6% higher
1074;The Group does not currently have an internal audit function due to the small size of the Group and limited resources available.;What accounts for the Group not currently having an internal audit function?;the small size of the Group and limited resources available
1075;The brick stocks acquired with Carlton were fair valued at £480,000 in excess of their book value and hence no profit arose on their disposal. This adjustment reflects valuing the brick stocks at cost and taking the profit when the bricks are sold during the period.;What explains the lack of profit from the disposal?;The brick stocks acquired with Carlton were fair valued at £480,000 in excess of their book value
1076;Net interest expense before exceptional items was £50 million, up £9 million from the prior year. The increase from the prior year was primarily due to the acquisitions completed during 2015/16 which were funded by increased borrowings.;What did the increase from the prior year mainly owe to?;the acquisitions completed during 2015/16 which were funded by increased borrowings
1077;The Directors believe that due to the size and nature of the Company it would be unnecessarily burdensome to establish a separate remuneration committee. Remuneration matters are therefore included in matters reserved for the Board.;What factors make the Directors believe it is unnecessary to establish a separate remuneration committee?;the size and nature of the Company
1078;Revenue of £0.5 million (2016: £0.4 million) came from sales of the Parsortix system for research use. Planned investment in studies to develop and validate the clinical application and commercial use of Parsortix increased, resulting in operating costs of £7.8 million (2016: £5.7 million).;What did the operating costs of £7.8 million owe to?;Planned investment in studies to develop and validate the clinical application and commercial use of Parsortix increased
1079;In reaching their opinion, the Directors considered the Group's internal control environment together with the results of plausible but conservative scenarios. In light of recent events, the Directors paid particular attention to the risk of a deterioration in economic outlook impacting property fundamentals.;What did recent events lead to?;the Directors paid particular attention to the risk of a deterioration in economic outlook impacting property fundamentals
1080;On the topic of training, in 2018 the bank responded to the needs generated by enhanced regulations, in particular as a result of the entry into force of the MiFID II European Directive, both in terms of certifications and continuous training.;What prompted the new needs that the bank adapted to?;enhanced regulations, in particular as a result of the entry into force of the MiFID II European Directive
1081;The Company has set TIR targets since 2014. This year, TIR rose by 11.2% compared to 2017 due to the two deaths, to 19.7% for incidents with day losses and a 1.9% reduction in hours worked, in spite of the 4.2% decrease in the number of incidents with no day losses. This has also had an impact on the 25.4% increase of the FR with respect to the previous year.;What drove the 11.2% increase in TIR compared to 2017;the two deaths, to 19.7% for incidents with day losses and a 1.9% reduction in hours worked, in spite of the 4.2% decrease in the number of incidents with no day losses
1082;This increase in gross rental income came as a result of the letting progress and asset management initiatives referred to above and in previous periods, offset by £0.95 million less income as a result of disposals last year.;What caused the increase in gross rental income?;letting progress and asset management initiatives referred to above and in previous periods
1083;The Group reorganised its share capital during the year in preparation for the IPO, as disclosed in note 31. As there were no changes in equity as a result of the reorganisation, earnings per share for all periods have been prepared on the basis of the new structure;What happened due to the reorganisation?;there were no changes in equity
1084;Following an extensive process, your Board reached agreement with the Board of Sibanye-Stillwater on the terms of the all-share offer for your Company which we announced on 14 December 2017. The full details of that offer are set out in that announcement and a Scheme Circular will be sent to each shareholder in due course. It is important that all shareholders read and consider the Scheme Circular in full. Your Board recommended the offer from Sibanye-Stillwater because we believe it to be in the best interests of Lonmin shareholders and all the other stakeholders in your Company.;What explains the Board recommending the offer from Sibanye-Stillwater?;we believe it to be in the best interests of Lonmin shareholders and all the other stakeholders in your Company
1085;Deloitte LLP is a member of the Remuneration Consultants' Group, and as such chooses to operate pursuant to a code of conduct that requires remuneration advice to be given objectively and independently.;Why does Deloitte LLP choose to operate under a code of conduct that requires remuneration advice to be given objectively and independently?;Deloitte LLP is a member of the Remuneration Consultants' Group
1086;Given that some risks are external and not fully within our control, the risk management processes are designed to manage risks which may have a material impact on our business, rather than to fully mitigate all risks.;What is the impact of some risks being external and not fully within their control?;the risk management processes are designed to manage risks which may have a material impact on our business, rather than to fully mitigate all risks
1087;Strong growth was observed in the Division turnover, mainly due to the price rises consequential to the higher raw material prices in late-2017 early-2018, in spite of the adverse effect of exchange rate variations, quantified at €25 million (average rate of 1.18 vs 1.13 in previous year).;What were the key drivers for the strong growth in the Division turnover?;the price rises consequential to the higher raw material prices in late-2017 early-2018, in spite of the adverse effect of exchange rate variations, quantified at €25 million (average rate of 1.18 vs 1.13 in previous year)
1088;The Company is an externally-managed investment trust, with no employees and three non-executive Directors. Therefore, the Company has no material, direct impact on the environment or the community and the Company itself has no environmental, human rights, social or community policies.;Why does the Company have no material impact on the environment or community, and no environmental, human rights, social, or community policies?;The Company is an externally-managed investment trust, with no employees and three non-executive Directors
1089;The Strategic Report contains certain forward-looking statements. These statements are made by the Directors in good faith based on the information available to them up to the date of this report and such statements should be treated with caution due to the inherent uncertainties, including both economic and business risk;Why should such statements be treated with caution?;the inherent uncertainties, including both economic and business risk
1090;CSF increased in the year from £3.9 million to £4.7 million. CSF remains low compared to historical levels, due to reduced customer demand in light of the current credit environment.;What does the current credit environment entail?;reduced customer demand
1091;The average balance of interest-earning assets was EUR 1,246,189 million in 2018, 3% higher year-on-year (EUR 1,204,847 million). The increase was largely due to domestic activities, benefiting from the acquisition of Banco Popular in June 2017, and mature markets, driven by the growth of Santander Consumer Finance and the US. On the other hand, developing markets decreased because of exchange rates.;What drove the increase of the average balance of interest-earning assets in 2018?;domestic activities, benefiting from the acquisition of Banco Popular in June 2017, and mature markets, driven by the growth of Santander Consumer Finance and the US
1092;As a result, revenue was transformed in 2017 rising to $68.9 million (2016: $2.4 million) derived from net liftings of 1,351,000 bbls (2016: 83,200), with 2016 having been severely impacted by the Forcados downtime experienced from February that year. Eland achieved a realised price of $50.98 (2016: $28.52) compared to the Brent average for the year at $54.25.;What does the $68.9 million increase in revenue in 2017, compared to 2016's $2.4 million, stem from?;net liftings of 1,351,000 bbls (2016: 83,200)
1093;The Singaporean New Vehicle market grew by 5%, ahead of our expectations for the year, with the increase in availability of Certificates of Entitlements (COEs) and therefore good growth for the higher margin commercial vehicle segment.;What caused good growth for the higher margin commercial vehicle segment?;the increase in availability of Certificates of Entitlements (COEs)
1094;Other costs decreased by £4.1 million (34%) to £7.9 million, with the main contributors being lower bad debt expenses due to more benign market conditions, lower irrecoverable sales tax and the effect of favourable balance sheet revaluation.;What factor explains the decrease in other costs by £4.1 million to £7.9 million?;lower bad debt expenses
1095;CSF increased in the year from £3.9 million to £4.7 million. CSF remains low compared to historical levels, due to reduced customer demand in light of the current credit environment.;What is the reason why CSF remains low compared to historical levels?;reduced customer demand
1096;Paul May missed one Board and one Audit Committee meeting (which were held on the same day) due to a previous commitment prior to joining the Board.;What did Paul May's prior commitment result in?;Paul May missed one Board and one Audit Committee meeting (which were held on the same day)
1097;Thus, Economic Sales in Tobacco and related products grew by 0.9% comparing to previous fiscal year due to the good performance of the distribution of convenience products, of the activity in Portugal and the increase of value added services.;What were the reasons behind the growth by 0.9% comparing to previous fiscal year regarding Economic Sales in Tobacco and related products?;the good performance of the distribution of convenience products, of the activity in Portugal and the increase of value added services
1098;Nathalie Rachou was unable to attend one Board meeting due to a pre-existing business commitment.;What did Nathalie Rachou's pre-existing business commitment lead to?;Nathalie Rachou was unable to attend one Board meeting
1099;FiltaGMG Revenues from FiltaGMG in the four months since the acquisition of Grease Management Limited were £0.4m. In 2016 we recognised that there was a developing demand, driven by both legislation and commercial efficiency benefits, for the provision of preventative drain maintenance to commercial kitchens.;What factors led to the developing demand in 2016 for the provision of preventative drain maintenance to commercial kitchens?;both legislation and commercial efficiency benefits
1100;Audioboom provides a platform for third party content. Some of the content may be unsuitable, illegal or defamatory and as such there is a risk that claims may be made against the Group.;Why is there a risk that claims may be made against the Group?;Some of the content may be unsuitable, illegal or defamatory
1101;Paul Murray was unable to attend the July Nominations Committee meeting due to a prior commitment. There was no requirement for the Security Committee to meet during the year.;What is the reason Paul Murray was unable to attend the July Nominations Committee meeting?;a prior commitment
1102;Total non-current liabilities decreased by €133 million, or 1.5%, from €8.4 billion at 31 December 2016 to €8.2 billion at 31 December 2017. This change was mainly driven by a reduction of €116 million in employee benefit liabilities primarily due to the actual return on underlying assets exceeding actuarial estimates, a reduction in non-current borrowings of €88 million reflecting early repayments on a term loan of €300 million, foreign exchange movements on our US denominated debt and issuance of €350 million floating-rate notes, offset by an increase in our derivative liabilities of €92 million, relating to US denominated debt.;What did the €116 million reduction in employee benefit liabilities result from?;the actual return on underlying assets exceeding actuarial estimates, a reduction in non-current borrowings of €88 million reflecting early repayments on a term loan of €300 million, foreign exchange movements on our US denominated debt and issuance of €350 million floating-rate notes
1103;As a company listed on the Alternative Investment Market ('AIM'), the Company is not required to comply with the Directors' Remuneration Report requirements set out in Schedule 8 of the Large and Medium- sized Companies and Groups as amended in August 2013 ('the Regulations').;What are the implications of the Company being listed on the Alternative Investment Market ('AIM')?;the Company is not required to comply with the Directors' Remuneration Report requirements set out in Schedule 8 of the Large and Medium- sized Companies and Groups as amended in August 2013 ('the Regulations')
1104;Our business serving the grocery sector benefited from several new accounts although the additional business won, combined with a competitive marketplace, has led to lower margins. We are continually working to increase our efficiencies, thereby contributing to a lower cost to serve.;What factors contributed to lower margins?;Our business serving the grocery sector benefited from several new accounts although the additional business won, combined with a competitive marketplace
1105;In light of the operational challenges faced by the Civil Aerospace business, the Board remained regularly informed on the management of these issues including: conflicting demands on resource the handling of impacted customers' interests and the management of the resultant programme risks.;What occurred as a result of the operational challenges faced by the Civil Aerospace business?;the Board remained regularly informed on the management of these issues including: conflicting demands on resource the handling of impacted customers' interests and the management of the resultant programme risks
1106;The positive gross margin in the year was €1.7 million whereas in 2016 there was a gross margin of €8.1 million. Two factors contributed to the positive margin in 2016: sales of excess polysilicon inventory at prices above the 2015 year-end valuation as a result of the rebound in polysilicon spot prices during H1 2016 and stronger wafer sales prices during that period.;What two events help to explain the €8.1 million positive gross margin in 2016?;sales of excess polysilicon inventory at prices above the 2015 year-end valuation as a result of the rebound in polysilicon spot prices during H1 2016 and stronger wafer sales prices during that period
1107;The Group's costs, finance income, tax charges, non-current liabilities, net assets and capital expenditure are only reviewed by the CEO at a consolidated level and therefore have not been allocated between segments in the analysis below.;What is the reason behind the Group's costs, finance income, tax charges, non-current liabilities, net assets, and capital expenditure not being allocated between segments in the analysis below?;The Group's costs, finance income, tax charges, non-current liabilities, net assets and capital expenditure are only reviewed by the CEO at a consolidated level
1108;Based on the achievement of the 2014 performance conditions set out below, the vesting of the 2014 LTIP was determined by the Committee on 7 June 2017 as follows: 1. Yorkshire Water SIM performance for 2016/17 is 83.4 points;What were the implications of achieving the 2014 performance conditions?;the vesting of the 2014 LTIP was determined by the Committee on 7 June 2017 as follows: 1. Yorkshire Water SIM performance for 2016/17 is 83.4 points
1109;UK cards: The annualised gross charge-off rate, which was higher in 2016 due to accelerated asset sales, normalised in 2017 to 5.0% (2016: 5.5%) in line with expectations. The recovery book proportion of outstanding balances increased, reflecting accelerated charge-off of non-compliant forbearance plans.;What caused the annualised gross charge-off rate to be higher in 2016?;accelerated asset sales, normalised in 2017 to 5.0% (2016: 5.5%) in line with expectations
1110;The working capital outflow, excluding provisions and pensions, was £62 million (2016: £12 million inflow). In 2018 we expect a small underlying outflow which will be offset by a positive inflow of around £70 million due to the timing of our payroll run in September.;What reason will cause the underlying outflow in 2018 to be offset by a positive inflow of around £70 million?;the timing of our payroll run in September
1111;The total of current and non-current provisions has decreased by £61.7m since 31 December 2016. The movement is due to a decrease in onerous contract provisions of £52.0m, an increase in employee-related provisions of £10.6m, a decrease in property provisions of £0.9m and a reduction in other provisions;What factors contributed to the decrease of £61.7m in the total of current and non-current provisions since 31 December 2016?;a decrease in onerous contract provisions of £52.0m, an increase in employee-related provisions of £10.6m, a decrease in property provisions of £0.9m and a reduction in other provisions
1112;We recognise that encouraging greater diversity and more inclusive practices brings benefits to our business, so we have developed a strategy to ensure that we recruit, develop and retain high quality staff irrespective of age, gender, race or sexual orientation. These initiatives are at an early stage, but include creating a diversity and inclusion forum, delivering educational and training programmes and establishing a health and wellbeing strategy.;What is the reason for developing a strategy to ensure the recruitment, development, and retention of high-quality staff?;We recognise that encouraging greater diversity and more inclusive practices brings benefits to our business
1113;The Strategic Plan also encompasses the projected cash flows and headroom against financial covenants under the Group's existing facility. The Strategic Plan makes certain assumptions about the normal level of capital recycling likely to occur and therefore considers whether additional financing will be required.;What factors lead the Strategic Plan to consider whether additional financing will be required?;The Strategic Plan makes certain assumptions about the normal level of capital recycling likely to occur
1114;Due to the changing nature of the business and the evolution of the Ignite strategy, this is an area which is likely to become increasingly important over time and as such was also a key consideration when planning the succession of Board members.;What factors contribute to this area likely becoming increasingly important over time?;the changing nature of the business and the evolution of the Ignite strategy
1115;The bank's interest rate risk was also monitored and managed, and it was maintained at acceptable levels. Indeed, the positioning of the fixed income ALCO portfolio and the balance sheet hedges mitigated the adverse effect of the Euribor interest rates, to which the majority of the bank's loans are referenced.;What contributed to offsetting the adverse effect of the Euribor interest rates?;the positioning of the fixed income ALCO portfolio and the balance sheet hedges
1116;There was strong growth in Sauces through barrier products as the conversion from glass and metal to plastic continues. On the other hand, the market for Spreads, in which RPC has a strong market position, showed some decline as butter has gained market share.;What does the strong increase in Sauces through barrier products arise from?;the conversion from glass and metal to plastic continues
1117;Specific details of the objectives used to measure performance are considered commercially sensitive and hence are not disclosed in detail, however, the corporate and personal objectives for 2016, used to determine bonus payments, included the following: - Cash position at year-end - Revenue for the year - Quarters of profitability;Why are the details not disclosed fully?;Specific details of the objectives used to measure performance are considered commercially sensitive
1118;As a result of our scoping, we concluded that two UK legal entities (CMC Markets plc and CMC Markets UK plc) were material components and therefore we have performed a full scope audit of these entities. In addition, the Group audit team in London performed certain substantive testing that covered;What explains the Group's decision to perform a full-scope audit of two UK legal entities?;As a result of our scoping, we concluded that two UK legal entities (CMC Markets plc and CMC Markets UK plc) were material components
1119;The evolution of the share quote has been marked by uncertainty due to the imposition of protectionist measures on exports to the United States under the section 232, which have been in place since the beginning of the year and that was confirmed by the entry into force of these on the 1st of June 2018, directly affecting about 50 percent of sales of TUBOS REUNIDOS and indirectly affecting the rest. Moreover, the drop in the oil price in the last quarter of the year and the doubts relating to investment decisions of the oil operators led to a large sell-off of investors in the industry that significantly affected TUBOS REUNIDOS.;What did the drop in the oil price in the last quarter of the year and the doubts relating to investment decisions of the oil operators lead to?;a large sell-off of investors in the industry that significantly affected TUBOS REUNIDOS
1120;This risk has increased due to a growing use of OTT voice apps, changing competitor business models and new entrants in some of our markets.;What factors account for the increase in this risk?;a growing use of OTT voice apps, changing competitor business models and new entrants in some of our markets
1121;Uncertainty over the outcome of negotiations with the EU and the transition leads to a lack of clarity over future regulation and legislation for the insurance and investment markets.;What are the results of the uncertainty over the outcome of negotiations with the EU and the transition?;a lack of clarity over future regulation and legislation for the insurance and investment markets
1122;Revenue from our recently opened hotels increased 45% on last year to USD 21.1m resulting in reduction of the Operating Loss by USD 2.6m as a result of the new hotels maturing and delivering improved returns.;What caused a reduction of the Operating Loss by USD 2.6m?;the new hotels maturing and delivering improved returns
1123;As noted in the 2017 Interim Statement, we took the decision to withdraw from a new venture fabricating commercial ducting, which simply did not establish an economic niche in its target market place. This exit is now complete and, during the second half of the year, we have disposed of all of the stock, assets and debts from this venture which has resulted in a net loss for the full year of £370,000. In South Korea, Titon's subsidiary company, Titon Korea (51% owned), manufactures natural window ventilation products and is the national market leader with an estimated market share in this core sub-sector in excess of 75%. In fiscal 2017, it also had a very good year with revenue increasing by 34% to £9.5 million, due to higher private sector demand, and its contribution to Group profit after tax was up by 34% to £821,000.;What does the net loss for the full year of £370,000 owe to?;during the second half of the year, we have disposed of all of the stock, assets and debts from this venture
1124;Stock reduction remains a key priority. Stock levels reduced in the year to £15.3m (2016: £17.4m) primarily due to movements in foreign exchange. In addition, the initiatives and incentives now in place are beginning to reduce slow moving stock across the Group and we anticipate making further progress in 2018.;What reason led to stock levels reducing to £15.3 million in 2017 from £17.4 million in 2016?;movements in foreign exchange
1125;Executive Directors are permitted to serve as Non-Executive Directors of other companies, on the grounds that this can help to broaden the skills and experience of the Director.;Why are Executive Directors allowed to work for other companies as Non-Executive Directors?;this can help to broaden the skills and experience of the Director
1126;The Group has made pleasing progress in the period on its transition to a cloud and managed services provider in the mid-market and enterprise space and, as a result, has entered 2018 well placed to capitalise.;Why has the Group entered 2018 well placed to capitalise?;The Group has made pleasing progress in the period on its transition to a cloud and managed services provider in the mid-market and enterprise space
1127;The Kerendan gas field started production in the first half of 2016 but took longer than forecast to ramp up due to offtake commissioning delays. Kerendan averaged 15.1;What caused the Kerendan gas field to take longer than forecast to ramp up production?;offtake commissioning delays
1128;In this sense, the concentration levels of the main substances generated as a result of the company's activity are measured, such as sulphur dioxide (SO2), nitrogen oxides (NOx) and particles in suspension (PM). It is therefore possible to continuously and automatically control the air quality in the area of influence of several airports.;What factor contributes to the concentration levels of the main substances being measured?;the company's activity
1129;The total remuneration package links corporate and individual performance with an appropriate balance between long and short-term elements, and fixed and variable components. The policy is designed to incentivise Executive Directors to meet the Company's key objectives and, consequently, a significant portion of total remuneration is performance related.;What does it imply that the policy is designed to incentivize Executive Directors to meet the Company's key objectives?;a significant portion of total remuneration is performance related
1130;The tax charge was low both in relative and absolute terms in 2016 and 2017 due to a combination of factors, including tax-free operations in Dubai, no corporation tax in the US due to deductions for fixed asset purchases, and high bank interest charges.;What factors explain why the tax charge was low both in relative and absolute terms in 2016 and 2017?;a combination of factors, including tax-free operations in Dubai, no corporation tax in the US due to deductions for fixed asset purchases, and high bank interest charges
1131;At the same time, the Group recorded a significant improvement in the cost-income ratio of 4.4 percentage points, resulting in record adjusted EBITDA of £114m (2016:£96m). This was all possible due to the foundations of strong organic growth, continuing to relentlessly refine credit and collections strategies, whilst leveraging the scalability of the business model to control costs.;What factor facilitated the Group's improvement in the cost-income ratio, which led to a record adjusted EBITDA of £114 million (2016:£96 million)?;the foundations of strong organic growth
1132;Because of the differences between accounting and taxable profits and losses reported in each period, temporary differences arise on the amount certain assets and liabilities are carried at for accounting purposes and their respective tax values. Deferred tax is the amount of tax payable or recoverable on these temporary differences.;What do the differences between accounting and taxable profits and losses reported in each period result in?;temporary differences arise on the amount certain assets and liabilities are carried at for accounting purposes and their respective tax values
1133;Our FY2017 performance-related bonus was subject to adjusted Group EBITDA targets alon gside a number of strategic objectives aligned with the KPIs of the business. The threshold level of EBITDA was not met and no bonus was therefore payable for this element.;Why was no bonus payable for this element?;The threshold level of EBITDA was not met
1134;Directors' and employees' employment contracts do not normally provide for compensation for loss of office or employment as a result of a change of control. However, the provisions of the Company's employee share schemes may cause awards granted to employees under such schemes to vest on a change of control.;What causes loss of office or employment not to be usually considered when providing for compensation under employment contracts?;change of control
1135;Like-for-like revenue 1 was down 3% in the year due to a reduction in customer visits. Improved cost discipline in the year led to a 2% fall in operating expenses;What caused a 2% fall in operating expenses?;Improved cost discipline in the year
1136;As a result of the flood, Standfast has experienced a period of significantly disrupted production and loss of stock, machinery and profits. To date we have received £16.9 million in insurance receipts, covering costs plus business interruption losses and interim cash flow requirements, with further business interruption reimbursements expected.;What effect did the flood have on the Company?;Standfast has experienced a period of significantly disrupted production and loss of stock, machinery and profits
1137;As previously announced it is the Board's intention to continue a progressive yet prudent dividend policy subject to the Group's earnings, cash flow and Balance Sheet position. As such the Board is recommending a final dividend of 4.8p (2016: 4.4p) per share;Why is the Board recommending a final dividend of 4.8p per share?;it is the Board's intention to continue a progressive yet prudent dividend policy subject to the Group's earnings, cash flow and Balance Sheet position
1138;As noted in our Remuneration Policy, 2018 LTIP awards will be made under the new LTIP Rules approved at our 2017 AGM and will therefore be subject to a four-year vesting period plus a one-year post-vesting holding period.;What is the reason for the 2018 LTIP being subject to a four-year vesting period plus a one-year post-vesting holding period?;2018 LTIP awards will be made under the new LTIP Rules approved at our 2017 AGM
1139;Vesuvius Chesterﬁeld in the UK gained national recognition for its efforts to improve the working environment by reducing the amount of airborne dust. The Pilot dust reduction and awareness training course was awarded a certificate of achievement by the Health and Safety Executive-endorsed awarding body at the annual Ceramic Industry H&S Pledge Awards.;What does Vesuvius Chesterfield's national recognition stem from?;its efforts to improve the working environment by reducing the amount of airborne dust
1140;We considered that as a result of prior years' actions we were well positioned to gain from the recovery as long as we kept a steady course.;What causes them to consider themselves well-positioned to gain from the recovery, as long as the course remains steady?;prior years' actions
1141;Due to the size of the Board, the Chairman of the Company is also the Chairman of the Audit Committee. The recommendation in the Code is that the Chairman of the Company can be a member of the Audit Committee.;What does the size of the Board translate to?;the Chairman of the Company is also the Chairman of the Audit Committee
1142;E-invoicing as a new concept for a business can be quite confusing at first. This is why a dedicated onboarding team and clear processes are key for a campaign success. It means we can keep Suppliers well informed and ensure they have a smooth e-invoicing journey, using the portal that;What is the reason for a dedicated onboarding team and clear processes being key for a campaign success?;E-invoicing as a new concept for a business can be quite confusing at first
1143;The Group provides a broader range of services than a conventional fund manager, and due to this significant difference, the peer company comparison is of limited use. In setting the policy, the Committee has therefore considered both the needs of the business and the objectives of its customers.;What are the consequences of the Group providing a broader range of services than a conventional fund manager, unlike others?;the peer company comparison is of limited use
1144;Like-for-like NRI growth includes extensions due to multiple tenant relocations from the existing schemes into the new phases. We estimate that the extensions have contributed approximately 1-2% to like-for-like NRI growth.;What caused like-for-like NRI growth to include extensions?;multiple tenant relocations from the existing schemes into the new phases
1145;The Co-brand portfolio has successfully integrated product offerings with its two new retailers, Amazon and TUI, which, alongside growth from existing retailers, resulted in 19% receivables growth.;What factors account for the 19% growth in receivables?;The Co-brand portfolio has successfully integrated product offerings with its two new retailers, Amazon and TUI, which, alongside growth from existing retailers
1146;Although Charles Stanley has not experienced any significant issues in relation to its own cyber security arrangements, the cyber security risk has increased due to the number of high profile attacks suffered by other firms in recent months.;Why has the cyber security risk increased?;the number of high profile attacks suffered by other firms in recent months
1147;The performance criteria were measured at the end of the three year period and both of the net asset value and IPD conditions were met in full. The TSR conditions were not met and consequently 66.7% of the awards are expected to vest in July 2017.;What is the consequence of the TSR conditions not being met?;66.7% of the awards are expected to vest in July 2017
1148;Dividends comprise the interim paid and final proposed dividend payable for the relevant financial year and have increased significantly due to the rights issue, placing and other shares issued during the year.;What does the significant increase in dividends, including the interim paid and final proposed dividend payable for the relevant financial year, arise from?;the rights issue, placing and other shares issued during the year
1149;Performance load factor has decreased by 3.0 ppts due to a capacity increase of 12.3% and tough competition within the market.;What was the consequence of a capacity increase of 12.3% and tough competition within the market?;Performance load factor has decreased by 3.0 ppts
1150;UK 2017 was another difficult year for our UK Construction business due to the ongoing period of challenging market conditions and continued pockets of underperformance in operational delivery in a number of contracts, which resulted in a net loss result for the division.;What caused 2017 to be another difficult year for their UK Construction business?;the ongoing period of challenging market conditions and continued pockets of underperformance in operational delivery in a number of contracts
1151;The Board has had a difficult year in which its leadership and effectiveness has been tested as a result of the operational issues in CCD's home credit business, regulatory issues in Vanquis Bank and Moneybarn and the loss of key Board members.;What factors are responsible for testing the Board's leadership and effectiveness?;the operational issues in CCD's home credit business, regulatory issues in Vanquis Bank and Moneybarn and the loss of key Board members
1152;Crest Nicholson is committed to ongoing, constructive dialogue with investors and, having considered all the feedback received, the Remuneration Committee reviewed and amended its target setting process, particularly in relation to how L TIP targets are approved. The lessons learnt from this include the need for even greater reflection and consideration of market consensus and shareholder expectations when setting the performance metrics, particularly in unsettled market conditions.;What did taking all the feedback into account result in?;the Remuneration Committee reviewed and amended its target setting process, particularly in relation to how L TIP targets are approved
1153;The Board attaches importance to matters set out in the Code and applies its principles. However, as a venture capital trust company, most of the Company's day-to-day responsibilities are delegated to third parties and the Directors are all non-executive. Thus, not all the provisions of the Code are directly applicable to the Company.;Why are not all the provisions of the Code directly applicable to the Company?;most of the Company's day-to-day responsibilities are delegated to third parties and the Directors are all non-executive
1154;Ebitda in 2018 decreases 0.5% amounting to Euros 884 million driven by the demand growth and good operating performance, lower Opex coming from efficiency improvements which were sufficient to compensate for the impact of lower meter rental revenues (Euros -40 million) and, to a lesser extent, lower LPG margins.;What were the reasons behind the 0.5% EBITDA decrease in 2018?;the demand growth and good operating performance, lower Opex coming from efficiency improvements which were sufficient to compensate for the impact of lower meter rental revenues (Euros -40 million) and, to a lesser extent, lower LPG margins
1155;Zinc International (negative US$24 million): Production was affected by the planned closure of the Lisheen mine in November 2015. Cairn India (negative US$51 million): Production was lower, primarily through volume loss due to natural decline, but this was partly offset by the successful Enhanced Oil Recovery (EOR) project at Mangala.;What caused a decrease in production, primarily through volume loss?;natural decline
1156;The 5.8% increase in vehicle sale proceeds was predominantly driven by a higher proportion of younger stock in the overall sales mix, a consequence of the increased number of customers losing their allowance through the PIP reassessment programme.;What was the outcome of the increased number of customers losing their allowances through the PIP reassessment programme?;a higher proportion of younger stock in the overall sales mix
1157;These testimonials and commendations are of direct value to our shareholders because they signal the continued and growing preference for our brand. Brand reputation and the expressed demand and encouragement from our clients in 2017 has led us to open new offices in Portishead, Birmingham and Dumfries.;What prompted them to open new offices in Portishead, Birmingham and Dumfries?;Brand reputation and the expressed demand and encouragement from our clients in 2017
1158;Net assets decreased by £84.1 million largely as a result of the recognition of the impairment charge against goodwill reflected in non-current assets.;What was the main factor that contributed to a decrease in net assets by £84.1 million?;the recognition of the impairment charge against goodwill reflected in non-current assets
1159;Key Metrics Risk-weighted assets (RWAs) RWAs reduced by £27 billion (12%), ending the year at £201 billion (from £228 billion in 2016). This reduction was driven by NatWest Markets, where RWAs fell by £16.8 billion due to the continued run-off of the legacy business and mitigation activities.;What was the reason for the £16.8 billion decrease in RWAs at NatWest Markets?;the continued run-off of the legacy business and mitigation activities
1160;The Group's own taxes shown in the accompanying table are included in the cash flow statement. These magnitudes usually differ from each other, given that the date of payment established by the regulations of each country on numerous occasions does not coincide with the date of generation of the income or of the operation taxed by the tax. Thus, the effective rate that results when comparing the data on income tax paid (EUR million 3,458 according to the attached table) with the Group's pre-tax profit is 24.4%.;What is the reason the effective rate that results when comparing the data on income tax paid (EUR million 3,458 according to the attached table) with the Group's pre-tax profit is 24.4%?;These magnitudes usually differ from each other, given that the date of payment established by the regulations of each country on numerous occasions does not coincide with the date of generation of the income or of the operation taxed by the tax
1161;People costs continue to be the largest component of operating expenses and have risen 31% year-on-year due to new store growth and the further expansion of our specialist support functions. Occupancy costs increased 19% to £30.9 million, as a result of the store openings.;What was the effect of the store openings?;Occupancy costs increased 19% to £30.9 million
1162;"EPC assessments had been completed for the majority of the Company's assets by the end of the year; a small number of exceptions were outstanding due to access restrictions (seven demises in total). With two de minimis exceptions, these remaining demises have been concluded in Q1 2018.";What factor contributed to a small number of exceptions being outstanding?;access restrictions (seven demises in total)
1163;He agreed to chair the Audit Committee which was held on 25 January 2017 due to a pre-existing commitment on the part of Teresa Robson-Capps and stepped down after that meeting.;What was the reason he agreed to chair the Audit Committee meeting held on 25 January 2017?;a pre-existing commitment on the part of Teresa Robson-Capps
1164;Included within the Group's administrative expenses are costs in respect of a small number of other portfolio companies. Typically, the Group owns a non-controlling interest in its portfolio companies however, in certain circumstances the Group will take a controlling stake and hence consolidate the results of a portfolio company into the Group's financial statements.;What is the effect of the Group taking a controlling stake?;consolidate the results of a portfolio company into the Group's financial statements
1165;The directors recommend the re-election of Mr P C Waller, Mr R M Pettigrew, and Mr R Last at this year's Annual General Meeting, because of their commitment, experience and continued contribution to the Company.;What is the reason the directors recommend the re-election of Mr. P.C. Waller, Mr. R.M. Pettigrew, and Mr. R. Last at this year's Annual General Meeting?;their commitment, experience and continued contribution to the Company
1166;The Group also performed reverse stress tests to help management understand the full continuum of adverse impact and therefore the level of stress at which the Group would breach its individual capital and liquidity guidance requirements as set by the PRA under the ICAAP and ILAAP processes.;What were the effects of the Group also performing reverse stress tests to help management understand the full range of potential adverse impacts?;the level of stress at which the Group would breach its individual capital and liquidity guidance requirements as set by the PRA under the ICAAP and ILAAP processes
1167;We also announced the departure of both Colin Smith and David Smith from the Board in 2017. In both cases outstanding PSP awards were pro-rated and will vest at the normal time against achievement of the relevant performance conditions. The 2015 PSP awards have lapsed as the targets were not met. Neither Colin nor David participated in any incentive plans in 2017. David Smith's contractual payments were mitigated due to his external appointment to QinetiQ.;What is the reason the 2015 PSP awards did not lapse?;the targets were not met
1168;Free cash flow 2 for the year of £71.1 million was £12.6 million higher than the previous year. This was largely due to expenditure on core capital (excluding development projects) being £11.3 million lower than 2016 as a number of projects were rephased from the latter half;What caused free cash flow for the year to be £71.1 million?;expenditure on core capital (excluding development projects) being £11.3 million lower than 2016
1169;Due to the nature of the services we provide, our technology and operational systems will be subject to threats from both internal and external breaches.;What will be the implications of the nature of the services provided?;our technology and operational systems will be subject to threats from both internal and external breaches
1170;As ridinilazole is prepared for entry into Phase 3 clinical trials, we are in parallel evaluating various options to support its future development and we seek to maximise the value of this exciting asset.;What does ridinilazole being prepared for entry into Phase 3 clinical trials imply?;we are in parallel evaluating various options to support its future development and we seek to maximise the value of this exciting asset
1171;Fees of £9,000 were charged by Deloitte LLP for the provision of independent advice to the Committee. Deloitte LLP is a member of the Remuneration Consultants Group and as such voluntarily operates under the Code of Conduct in relation to executive remuneration consulting in the UK.;What are the implications of Deloitte LLP being a member of the Remuneration Consultants Group?;voluntarily operates under the Code of Conduct in relation to executive remuneration consulting in the UK
1172;In view of its non-executive nature and the requirements of the Articles of Association, that all Directors are subject to retirement by rotation, the Board does not consider it appropriate for the Directors to be appointed for a specified term as recommended by provision B.2.3 of the UK Code.;What determines that the Board does not consider it appropriate for the Directors to be appointed for a specified term as recommended by provision B.2.3 of the UK Code?;its non-executive nature and the requirements of the Articles of Association, that all Directors are subject to retirement by rotation
1173;As a result of all this investment, combined with an additional effort to improve operational efficiency, the group expects to improve its results to between 3,700 and 3,900 million euros of net profit by 2022, a 30% increase over the 2018 results.;What is the outcome of the investments and the focus on operational efficiency?;the group expects to improve its results to between 3,700 and 3,900 million euros of net profit by 2022, a 30% increase over the 2018 results
1174;The Board has reviewed the need for an internal audit function and concluded that this is not currently necessary in view of the small size of the Group and the close supervision by senior management of its day‑to‑day operations.;What factors account for the Board's decision that an internal audit function is not currently necessary?;the small size of the Group and the close supervision by senior management of its day‑to‑day operations
1175;The Company invests in small, mainly UK based companies, both unquoted and quoted. Smaller companies often have limited product lines, markets or financial resources and may be dependent for their management on a smaller number of key individuals and hence tend to be riskier than larger businesses.;Why do smaller companies tend to be riskier than larger businesses?;Smaller companies often have limited product lines, markets or financial resources and may be dependent for their management on a smaller number of key individuals
1176;It adopts the UK Corporate Governance Code 2016 (the Code) to the extent that it is appropriate given the Society's legal form and mutual ownership structure. It was not, for instance, possible to comply with provisions relating to dialogue with 'major shareholders' due to the Society's mutual status and 'one member, one vote' principle.;What factors influence the decision of adopting the UK Corporate Governance Code 2016 to the appropriate extent?;the Society's legal form and mutual ownership structure
1177;With barriers to entry in the traditional broad wealth management industry (as opposed to robo-advice and challenger entrants with extremely clean, simple, focused business lines), we expect further consolidation as a result of the high level of regulatory requirements and technology development costs.;What explains the further consolidation expected?;the high level of regulatory requirements and technology development costs
1178;Sir David Howard, because of his previous role as Chief Executive and his shareholding in the Company, is not considered to be independent.;What explains the fact that Sir David Howard is not considered to be independent?;his previous role as Chief Executive and his shareholding in the Company
1179;Due to the nature of the Company, being an externally managed investment company with no employees, and in view of the Manager having an internal audit function the Company does not have its own internal audit function.;What is the effect of the Company being an externally managed investment entity with no employees, considering that the Manager has an internal audit function?;the Company does not have its own internal audit function
1180;Notwithstanding the provisions of the articles of association, the Board has decided to comply with the Code requirements that Directors of companies in the FTSE 250 Index submit themselves for re-election annually. Therefore, all Directors are seeking their reappointment at this year's AGM.;What motivates all Directors to seek reappointment at this year's AGM?;the Board has decided to comply with the Code requirements that Directors of companies in the FTSE 250 Index submit themselves for re-election annually
1181;Short-term changes in SEC reported oil and gas reserves do not affect the Group's perspective on underlying project valuations due to the long lives of the assets and future forecast prices.;What caused short-term changes in SEC reported oil and gas reserves to not affect the Group's perspective on underlying project valuations?;the long lives of the assets and future forecast prices
1182;The Group has sufficient financial resources which, together with internally generated cash flows, will continue to provide sufficient sources of liquidity to fund its current operations, including its contractual and commercial commitments and any proposed dividends. The Group is therefore well placed to manage its business risks.;Why is the Group well placed to manage its business risks?;The Group has sufficient financial resources which, together with internally generated cash flows, will continue to provide sufficient sources of liquidity to fund its current operations, including its contractual and commercial commitments and any proposed dividends
1183;"In defined benefit pension plans, the level of pension benefit is known. Therefore, the level of contributions required by HSBC will vary due to a number of risks, including: • investments delivering a return below that required to provide the projected plan benefits; HSBC Holdings plc Annual Report and Accounts";What is the consequence of the level of pension benefit being known in defined benefit pension plans?;the level of contributions required by HSBC will vary
1184;• No comparable peer group, certainly in the UK, for the purposes of benchmarking Director performance. As a result, our incentive plans have been based on absolute performance rather than performance relative to other companies.;What were the consequences of the absence of a comparable peer group in UK to benchmark Director performance?;our incentive plans have been based on absolute performance rather than performance relative to other companies
1185;The Group has continued to deliver further sustained improvements in working capital during the year which, together with the robust trading performance, has resulted in strong underlying cash generation. Net debt has increased by £3.1 million as a result of £9.2 million of net capital;What led to net debt increasing by £3.1 million?;£9.2 million of net capital
1186;The loyalty of the Group's customers is one of its main assets, since this gives rise to a sustainable competitive advantage. For the Group, customer satisfaction is key to their loyalty and therefore it strives continuously to offer, more than a service, an experience that links the customer with the brand and its corporate values.;What impact does the customer satisfaction being key to their loyalty have for the Group?;it strives continuously to offer, more than a service, an experience that links the customer with the brand and its corporate values
1187;The table on GHG emissions excludes the three months of GHG data relating the Lifestyle acquisition as the data was not available at the date of reporting.;What is the reason for excluding the three months of GHG data related to the Lifestyle acquisition from the table on GHG emissions?;the data was not available at the date of reporting
1188;The Board does not consider it appropriate to appoint a Senior Independent Director because the Board is deemed to be independent of the Company. The Company has no employees and therefore there is no requirement for a chief executive.;What are the implications of the Company having no employees?;there is no requirement for a chief executive
1189;This complete and timely view of risk is obtained as a result of the integration of several programs, such as risk and control assessment, scenarios, events and metrics with a common set of taxonomies, and methodological standards. The result of this integration is a more precise risk profile and a significant improvement in efficiency by avoiding redundant efforts and duplicities.;What allows a complete and timely view of risk and therefore a more precise risk profile and significant improvement in efficiency by avoiding redundant efforts and duplicities?;the integration of several programs, such as risk and control assessment, scenarios, events and metrics with a common set of taxonomies, and methodological standards
1190;• Non-current assets increased to £452.3 million mainly due to the acquisition of Apex (£28.7 million), a 33.0% share of Medical Ethics (£11.0 million) and acquired intangibles for Animal Ethics (£30.1 million).;What were the main reasons non-current assets increased to £452.3 million?;the acquisition of Apex (£28.7 million), a 33.0% share of Medical Ethics (£11.0 million) and acquired intangibles for Animal Ethics (£30.1 million)
1191;On the other hand, 2018 saw a marked decrease in the risks arising from economic and fiscal conditions in the euro area, mainly as a result of favourable cyclical forces.;What was the implication of favourable cyclical forces in 2018?;a marked decrease in the risks arising from economic and fiscal conditions in the euro area
1192;To assist in monitoring the risk management framework, the Assets and Liabilities, Retail Credit, Conduct & Regulatory Risk, Operational Risk, Information and Project & Change Committees report into the Board Risk Committee. As a result of continued enhancement to the governance structure, these committees are transitioning to report into the Executive Committee, who will then report into the Board Risk Committee. The Committee meets at least quarterly.;What were the implications of the continued enhancements to the governance structure?;these committees are transitioning to report into the Executive Committee, who will then report into the Board Risk Committee
1193;Gold reserves increased as a result of the ongoing effort to upgrade the increased resources reported in 2016 into reserves. However, gold resources decreased as result of an estimated higher life of mine all-in sustaining cost and stricter geotechnical parameters required for the expanded open pit.;What drove the increase in gold reserves?;the ongoing effort to upgrade the increased resources reported in 2016 into reserves
1194;Communication is key to innovation in our business. Breaking down silos and sharing best practice allows us to leverage the expertise in our business and provide the best service to our customers. Because of this, DS Smith invested in enhancing our communication and collaboration platforms;What factor led DS Smith to invest in enhancing their communication and collaboration platforms?;Communication is key to innovation in our business. Breaking down silos and sharing best practice allows us to leverage the expertise in our business and provide the best service to our customers
1195;The financial results for the year reflect a period of transition for Circassia. Gross profit Gross margin increased from 65% to 78%. This was mainly due to the contribution of revenues from the AstraZeneca collaboration for the full year, which due to the agreement structure have a 100% gross margin.;What factor caused the gross margin to increase from 65% to 78%?;the contribution of revenues from the AstraZeneca collaboration for the full year
1196;The Group has invested in its development processes and governance during the year. The Group now operates the SAFe methodology across its development streams and, as a consequence, development work is now carried out on an agile basis.;What explains development work being now carried out on an agile basis?;The Group now operates the SAFe methodology across its development streams
1197;The Company became a member of the AIC with effect from 27 March 2013 and has therefore put in place arrangements to comply with the AIC Code and, in accordance with the AIC Code, complies with the UK Code.;What have been the implications of the Company becoming a member of the AIC with effect from 27 March 2013?;put in place arrangements to comply with the AIC Code and, in accordance with the AIC Code, complies with the UK Code
1198;In 2017 we determined that we would exit three minor operations in Latin America and the results of these businesses are therefore reported in portfolio businesses in 2017 accordingly.;What accounts for reporting their results in portfolio businesses in 2017?;In 2017 we determined that we would exit three minor operations in Latin America
1199;"Whilst the 2016/17 Adjusted PBT outcome of £332m (at 2015/16 exchange rates; £462m at reported rates) is above threshold, Christopher Bailey decided that he did not wish to be considered for any bonus in respect of 2016/17 in light of the underlying financial performance of the business for the year. The Committee considered his decision and deemed it to be appropriate. His bonus payment for 2016/17 will therefore be nil.";Why will Christopher Bailey's bonus payment be nil?;Christopher Bailey decided that he did not wish to be considered for any bonus in respect of 2016/17 in light of the underlying financial performance of the business for the year. The Committee considered his decision and deemed it to be appropriate
1200;Risk Profile Mitigation, monitoring and assurance Strategic Delivery of integration: Failure to ensure business continuity while successfully integrating the business through delivering organisational change and integration projects and delivering cost synergy targets. This is a new risk in 2017 due to the AFW acquisition.;What caused this to be a new risk in 2017?;the AFW acquisition
1201;In September 2018 Construcciones y Auxiliar de Ferrocarriles, S.A. acquired all the share capital of the Polish bus manufacturer Solaris. The acquisition cost of the share capital was financed primarily with additional long-term debt of the Group’s Parent. This acquisition had a significant impact on the Group's gross borrowings, both due to the increase in the Parent’s borrowings used to purchase the shares and Solaris’s inclusion in the scope of consolidation.;Which reasons prompted the acquisition of all the share capital of the Polish bus manufacturer Solaris by Construcciones y Auxiliar de Ferrocarriles, S.A. having a significant impact on the Group's gross borrowings?;the increase in the Parent’s borrowings used to purchase the shares and Solaris’s inclusion in the scope of consolidation
1202;The ratio of net debt to Adjusted EBITDA is used by investors, analysts and credit rating agencies to analyse our operating performance in the context of targeted financial leverage, and as such, we provide a reconciliation of this measure.;What motivates them to provide a reconciliation of the ratio of net debt to Adjusted EBITDA?;The ratio of net debt to Adjusted EBITDA is used by investors, analysts and credit rating agencies to analyse our operating performance in the context of targeted financial leverage
1203;It should be noted, that, as a FTSE 250 company, all Directors are subject to annual re-election and therefore it is considered that the Company's terms are appropriate.;What does the status of a FTSE 250 company imply?;all Directors are subject to annual re-election
1204;EBITDA was £25,00 0 for the year (2016: £257,000) mainly as a result of a slowdown in the UK market and continued investment into the USA, a market entered into for the first time last year.;What did the slowdown in the UK market and the continued investment into the USA translate to?;EBITDA was £25,00 0 for the year (2016: £257,000)
1205;The acquisition of TravelClick will significantly expand Amadeus’ footprint in the hospitality industry, as well as accelerate Amadeus’ time to market, thanks to a well-built commercial organization that has been scaled globally.;What will the absorption of TravelClick and a well-built worldwide commercial structure entail?;expand Amadeus’ footprint in the hospitality industry, as well as accelerate Amadeus’ time to market
1206;Investments in unlisted equity securities, by their nature, involve a higher degree of valuation and performance uncertainties and liquidity risks than investments in listed securities and therefore may be more difficult to realise.;Why might investments in unlisted equity securities be more difficult to realize?;Investments in unlisted equity securities, by their nature, involve a higher degree of valuation and performance uncertainties and liquidity risks than investments in listed securities
1207;We maximise the potential returns accrued from this infrastructure through multiple further factors, including: • Our capital-light business model, which enables us to respond and adapt rapidly to the changing needs of our customers and markets • Our disciplined approach to capital allocation, which enables us to support organic growth through creating new services, developing client relationships in high-margin areas and investing in the most attractive growth opportunities.;What does their capital-light business model make possible?;to respond and adapt rapidly to the changing needs of our customers and markets
1208;The team has continued to improve customer experience both online and offline, with the addition of field application engineers to offer onsite technical support. As a result, we have taken market share in North America, particularly in the Automation and Control market, which remains Allied's key strength.;What factors contributed to taking market share in North America, mainly in the Automation and Control market?;The team has continued to improve customer experience both online and offline, with the addition of field application engineers to offer onsite technical support
1209;As a Jersey-registered company, the Company is not subject to UK legislation. However, in light of the Company's listing on the London Stock Exchange, the Remuneration Committee reviewed its remuneration practices and reporting to reflect the UK Government's remuneration reporting reforms contained in the Enterprise and Regulatory Reform Act.;What is the implication of the Company being registered in Jersey?;the Company is not subject to UK legislation
1210;Textile Printing using digital inkjet technology is growing fast due to rapid shifts in consumer expectations such as fast changing fashion seasons, and the requirement to reduce waste and pollution. This drives the need for new, digital printing processes which are capable of delivering short print runs quickly, economically and in a more environmentally friendly way.;What triggers the need for new digital printing processes that can quickly, economically, and environmentally deliver short print runs?;Textile Printing using digital inkjet technology is growing fast due to rapid shifts in consumer expectations such as fast changing fashion seasons, and the requirement to reduce waste and pollution
1211;We are also considering how development through apprenticeships can support the ongoing development of our existing workforce. We are therefore piloting a Level 4 management apprenticeship with existing staff this year.;Why are they piloting a Level 4 management apprenticeship with existing staff this year?;We are also considering how development through apprenticeships can support the ongoing development of our existing workforce
1212;Going concern basis The Directors are satisfied that the Group has sufficient financial resources to continue operating for a period of at least twelve months from the date of approval of the financial statements and, therefore, have adopted the going concern basis in preparing the Group's 2017 financial statements.;What caused the Directors to adopt the going concern basis in preparing the Group's 2017 financial statements?;The Directors are satisfied that the Group has sufficient financial resources to continue operating for a period of at least twelve months from the date of approval of the financial statements
1213;During 2017, we sold residual certificates in one of our securitisation vehicles, PMF 2017-1B, to a third party in a transaction which resulted in the full derecognition of the underlying mortgage assets from the Group and delivered a net gain on sale of loans of £17.7 million (2016: £nil). Our total income for 2017 increased by 82.5% year-on-year to £170.2 million (2016: £93.3 million).;What was the outcome of the sale of residual certificates in a securitisation vehicle, PMF 2017-1B, to a third party in 2017?;the full derecognition of the underlying mortgage assets from the Group and delivered a net gain on sale of loans of £17.7 million (2016: £nil)
1214;Leasehold store impairment testing during the year has identified a number of stores where the anticipated future performance does not support the carrying value of the assets. As a result, a charge of £0.4m has been incurred in respect of the impairment of assets associated with these stores.;What motivated the £0.4m charge for the impairment of assets associated with these stores?;Leasehold store impairment testing during the year has identified a number of stores where the anticipated future performance does not support the carrying value of the assets
1215;Current underwriting profit was £237m (2016: £271m). There were good improvements in the attritional loss ratio in Scandinavia (1.6 points better) and Canada (1 point better), offset by a higher ratio in UK & International due to the UK Household segment.;What contributed to the good improvements being offset by a higher ratio in UK & International?;the UK Household segment
1216;Following the recommendation of the audit committee, we were appointed by the members prior to 1955 which is as far back as records have been located, and therefore the length of uninterrupted engagement is at least 62 years.;What explains the length of uninterrupted engagement being at least 62 years?;we were appointed by the members prior to 1955 which is as far back as records have been located
1217;The Group has carried out an initial review of the US Tax and Jobs Act which came into force on 1 January 2018 and as a result has recorded a one-off non-cash credit of $8.5m to the income statement in 2017 as a result of the revaluation of net deferred tax liabilities.;What did the one-off non-cash credit of $8.5 million to the income statement in 2017 stem from?;the revaluation of net deferred tax liabilities
1218;Accordingly, the Directors believe that the Group and Company are a going concern and have therefore prepared the Financial statements on a going concern basis.;What was the reason for the Directors preparing the Financial Statements on a going concern basis?;the Directors believe that the Group and Company are a going concern
1219;LTL's relative underperformance in year to January 2017 resulted to a large extent from the Manager's unwillingness to own commodity extractors/processors, industrial and leveraged financial companies. Because of the concentrated nature and focus of their portfolios LTL expect to suffer periods like this every so often.;What caused LTL's relative underperformance in the year leading up to January 2017?;the Manager's unwillingness to own commodity extractors/processors, industrial and leveraged financial companies
1220;There is no concern that the independence of the Directors has been compromised by length of service particularly in light of the fact that the Board as a whole has two new members who were appointed in the current year.;What is the main reason for there being no concern that the independence of the Directors has been compromised by length of service?;the fact that the Board as a whole has two new members who were appointed in the current year
1221;As a result of the mitigations in place, the exposure to this risk has decreased sufficiently for the Board to consider that it is not currently a principal risk. Risks and uncertainties where the net impact has increased since prior year, and which are now considered principal risks and uncertainties.;What did the mitigations in place lead to?;the exposure to this risk has decreased sufficiently for the Board to consider that it is not currently a principal risk
1222;Upon Alastair accepting the role and the Board taking up references, the appointment was announced to the market on 19 December 2017.;What were the implications of Alastair accepting the role and the Board taking up references?;the appointment was announced to the market on 19 December 2017
1223;We monitored Pension Risk appetite metrics closely, in part due to the increase in the absolute size of the pension fund due to market movements.;What was the partial reason for monitoring Pension Risk appetite metrics closely?;the increase in the absolute size of the pension fund
1224;The Narrabri royalty is classified as a royalty intangible asset on the balance sheet. As such, this asset is carried at cost less amortisation and impairments and does not benefit from any valuation uplift.;What does the Narrabri royalty being classified as a royalty intangible asset on the balance sheet imply?;this asset is carried at cost less amortisation and impairments and does not benefit from any valuation uplift
1225;After making enquiries, the directors have formed the judgment at the time of approving the financial statements, that there is a reasonable expectation that the Group has adequate resources to continue in operational existence for the foreseeable future. For this reason, they continue to adopt the going concern basis of accounting in preparing the Consolidated Financial Statements.;What accounts for the decision to continue to adopt the going concern basis of accounting in preparing the Consolidated Financial Statements?;After making enquiries, the directors have formed the judgment at the time of approving the financial statements, that there is a reasonable expectation that the Group has adequate resources to continue in operational existence for the foreseeable future
1226;The purchase process at Bankinter has been transformed in recent years as a result of the guidelines and requirements of European regulation and supervision organisations, in particular, the European Central Bank, the European Banking Authority (EBA) and the Single Resolution Board.;What impact did the new directives and mandates of European regulatory and supervisory bodies have?;The purchase process at Bankinter has been transformed in recent years
1227;The valuer proposed changes to the values of our properties and developments during the year, which were discussed by the Committee in detail and accepted. Based on the degree of oversight and challenge applied to the valuation process, the Committee concluded that the valuations had each been conducted appropriately, independently;What were the implications of the degree of oversight and challenge applied to the valuation process?;the Committee concluded that the valuations had each been conducted appropriately, independently
1228;The indicators and information to report externally about our non-financial performance has been defined as a result of this materiality analysis. Neither water consumption (water is exclusively used for cleaning tasks) nor the impact of our activities on biodiversity (since our facilities and activities are located or performed on urban land) nor light or noise pollution (logistics centres are not located in residential area) are considered to be material issues and additional figures are therefore not reported.;What impact did the materiality analysis have?;The indicators and information to report externally about our non-financial performance has been defined
1229;This decrease was generated by a £4.1 million reduction in EBITDA and a £3.6 million reduction in working capital cash flow. The reduction in working capital cash flow was driven by a £2.5 million working capital cash outflow in the period compared to a £1.1 million working capital cash inflow in the prior period.;What factors are owed to this decrease?;a £4.1 million reduction in EBITDA and a £3.6 million reduction in working capital cash flow
1230;The businesses operate primarily in the British expatriate market which is serviced by a limited number of intermediaries and product providers thus creating a competitive environment.;What caused a competitive environment?;The businesses operate primarily in the British expatriate market which is serviced by a limited number of intermediaries and product providers
1231;Gross profit margin improved by 1.1% to 32.5% due to a focus on operational efficiencies and targeted capital expenditure to reduce the need to hire in equipment for certain projects.;What made it possible to improve the gross profit margin by 1.1% to 32.5%?;a focus on operational efficiencies
1232;HEDGING Eland was unhedged throughout 2017 and thus benefited from the strong rise in the oil price in the latter half of 2017 and into 2018. The Company will continue to regularly review its approach to managing commodity prices, interest rate and currency fluctuations;Why did Eland benefited from the strong rise in the oil price in the latter half of 2017 and in 2018?;Eland was unhedged throughout 2017
1233;The lower cash outflow in tax, dividends, etc. was due to lower investment in Cohort's own shares by the EBT on a net inflow of £0.5m (2016: outflow of £3.2m). Looking forward, we retain the flexibility to use newly issued shares as well as EBT shares.;What caused the lower cash outflow in tax, dividends, etc.?;lower investment in Cohort's own shares by the EBT on a net inflow of £0.5m (2016: outflow of £3.2m)
1234;All of the Group's capabilities and customer relationships ultimately derive from our people, and such success as we have enjoyed is a result of their efforts. We would like to take this opportunity to express our thanks to all employees of Cohort and its businesses.;What is the reason behind the success they have enjoyed?;their efforts
1235;The gross margin of Accessories & Other fell 4.8 percentage points to 29.4%. This decline was due to the first-time contribution of virtual reality device sales launched in the period, which attract a lower margin than the category average as well as year-on-year decline in the gross margin achieved;What caused the gross margin of Accessories & Other to fall by 4.8 percentage points to 29.4%?;the first-time contribution of virtual reality device sales launched in the period, which attract a lower margin than the category average as well as year-on-year decline in the gross margin achieved
1236;The financial results for the year reflect a period of transition for Circassia. Gross profit Gross margin increased from 65% to 78%. This was mainly due to the contribution of revenues from the AstraZeneca collaboration for the full year, which due to the agreement structure have a 100% gross margin.;Why did the contribution of revenues from the AstraZeneca collaboration for the full year have a 100% gross margin?;the agreement structure
1237;The Board has established financial controls and reporting procedures which are considered appropriate given the size and structure of the Group. It is the intention of the Board that these controls will be reviewed regularly in light of the future growth and development of the Group and adjusted accordingly.;What explains why the financial controls and reporting procedures established by the Board are considered appropriate?;the size and structure of the Group
1238;Management believes focusing on Underlying EBITDA more closely reflects the operating cash generative capacity and hence the underlying performance of the Group's business. Management also uses this measure because financing structures and tax regimes differ across the Group's assets and substantial components of the Group's tax and interest charges are levied at a Group level rather than an operational level.;What factors account for the Group's use of Underlying EBITDA?;financing structures and tax regimes differ across the Group's assets and substantial components of the Group's tax and interest charges are levied at a Group level rather than an operational level
1239;In accordance with IAS 36, the higher valuation, being the fair value less cost to sell basis, was used to value the Brush business at £300 million, resulting in an impairment to goodwill of £95.4 million.;What was the effect of valuing the Brush business at £300 million using the fair value less cost to sell basis?;an impairment to goodwill of £95.4 million
1240;As a consequence of the continuing improved trading performance and our confidence in the future, we propose an increase in dividends, subject to shareholder approval at the forthcoming annual general meeting to be held at the offices of Instinctif Partners, 65 Gresham Street, London EC2V 7NQ at 12 noon on Wednesday 21 March 2018.;What is the result of the continuing improved trading performance and their confidence in the future?;we propose an increase in dividends
1241;We monitored Pension Risk appetite metrics closely, in part due to the increase in the absolute size of the pension fund due to market movements.;What does the increase in the absolute size of the pension fund stem from?;market movements
1242;The projected and actual rates differ in part due to reported performance in different tax jurisdictions varying against expectations at the time of the Interim Results.;What caused the projected and actual rates to differ?;reported performance in different tax jurisdictions varying against expectations at the time of the Interim Results
1243;As a consequence of the DLC structure, Non-executive Directors are required to prepare personal tax returns in both Australia and the UK, regardless of whether they reside in one or neither of those countries.;What is the effect of the DLC structure?;Non-executive Directors are required to prepare personal tax returns in both Australia and the UK, regardless of whether they reside in one or neither of those countries
1244;The Board has considered whether it is appropriate to appoint a Senior Independent Director and has concluded that, due to the size of the Board and the fact that all Directors are non-executive, it is not necessary for the time being.;What factor led the Board to conclude that it is not necessary to appoint a Senior Independent Director at this time?;the size of the Board and the fact that all Directors are non-executive
1245;• The business model for lighting was overhauled in 2016 and the business is enjoying a wider customer base as a result. The key partnerships established with leading European manufacturers have reduced freight costs and supplier lead times, enabling a reduction in inventory levels.;Why is the business is enjoying a wider customer base?;The business model for lighting was overhauled in 2016
1246;Group adjusted operating margin increased from 14.7% to 15.4%, due to growth in our high margin Personal Care sector and pricing actions taken in the period.;What factors account for the increase in group adjusted operating margin from 14.7% to 15.4%?;growth in our high margin Personal Care sector and pricing actions taken in the period
1247;Due to the increased level of opportunities for independent television producers, in particular in light of the anticipated change in policy by the BBC in relation to commissioning quotas, this operation will result in an increased number of competitors entering the market.;What factors are expected to lead to an increased number of competitors entering the market as a result of this operation?;the increased level of opportunities for independent television producers, in particular in light of the anticipated change in policy by the BBC in relation to commissioning quotas
1248;With the commencement of operations from Birmingham and London Stansted Airports and the addition of two new destinations, Costa de Almeria in Spain and Halkidiki in Greece, the aircraft fleet has increased to 75 for summer 2017, with a commensurate increase in pilots, engineers and cabin crew.;What factors account for the increase in aircraft feet to 75 for summer 2017?;the commencement of operations from Birmingham and London Stansted Airports and the addition of two new destinations, Costa de Almeria in Spain and Halkidiki in Greece
1249;The Group has certain contracts priced in foreign currencies and also has employees based overseas paid in foreign currencies. It is therefore exposed to the risk that adverse exchange rate movements could cause its costs to increase relative to its reporting currency resulting in reduced profitability.;What is the reason for the exposure to possible adverse exchange rate movements leading to increase costs and reduce profitability?;The Group has certain contracts priced in foreign currencies and also has employees based overseas paid in foreign currencies
1250;We see significant and growing opportunities for our software to enhance the performance of businesses in construction and other sectors, by improving the timeliness, cost-efficiency and risk profiles of customers' projects. Thanks to the dedication and skills of our talented colleagues, Elecosoft is increasingly seen as a market-leading provider of construction software and training, across all phases of a construction project and beyond, in the on-going lifecycle of buildings with an excellent reputation for developing and delivering market leading software to our customers.;What is the impact of the dedication and skills of the colleagues?;Elecosoft is increasingly seen as a market-leading provider of construction software and training, across all phases of a construction project and beyond, in the on-going lifecycle of buildings with an excellent reputation for developing and delivering market leading software to our customers
1251;The reduction in Mr. Reeve's base salary in 2017 was a consequence of the effect of a different USD/GBP exchange rate being used to convert his US salary to GBP, than that which actually occurred.;What did the reduction in Mr. Reeve's base salary in 2017 owe to?;the effect of a different USD/GBP exchange rate being used to convert his US salary to GBP, than that which actually occurred
1252;The FRC noted one matter in relation to pension disclosures where they believed that users of the accounts would benefit from improvements to existing disclosures. As a result, we have taken the opportunity to improve our disclosures.;What drove them to take the opportunity to improve their disclosures?;The FRC noted one matter in relation to pension disclosures where they believed that users of the accounts would benefit from improvements to existing disclosures
1253;The audit committee is satisfied with the performance of BDO LLP and recommends the services of BDO LLP to the shareholders in view both of that performance and the firm's extensive experience in auditing Venture Capital Trusts. As the Board is small and consists wholly of non-executive directors and in view of the nature of a Venture Capital Trust it has been decided that a nomination committee does not need to be formed. The remuneration of the directors is reviewed by the whole B oard although no director is involved in setting his own remuneration.;What are the implications of the Board being small and consisting entirely of non-executive directors, considering the nature of a Venture Capital Trust?;it has been decided that a nomination committee does not need to be formed
1254;Revenues from walk-in clients also rose 29% year-on-year, helped by improving patient volumes. The Group served 2% more walk-in patients in 2017 compared with a 4% decline in 2016. Consequently, the Company was able to achieve a 26% increase in revenue-per-patient and on 4% more tests per patient.;What was the reason the Company was able to achieve a 26% increase in revenue per patient and a 4% increase in tests per patient?;The Group served 2% more walk-in patients in 2017 compared with a 4% decline in 2016
1255;The proportion of the Group's profits made in the US is increasing which increases the level of risk when exchange rates fluctuate. Exchange rates have also continued to prove volatile, particularly in light of the ongoing uncertainty over Brexit.;What reason has particularly affected the continued volatility of exchange rates?;the ongoing uncertainty over Brexit
1256;Taxable benefits paid to Ben Magara include costs of £58,880 incurred as a result of the provision of security resulting in a year on year increase of 208% in taxable benefits. Excluding the security related costs shows a decrease of 5.7% in the taxable benefits.;What is the reason for the taxable benefits paid to Ben Magara, including costs of £58,880 incurred?;the provision of security
1257;Having built a highly competitive digital offering in the UK, one of the most advanced and innovative markets globally, we can compete strongly in international markets and thereby diversify our business.;What does it entail for the company to have developed a highly competitive digital offering in the UK?;we can compete strongly in international markets and thereby diversify our business
1258;"In light of our commitment to achieving and maintaining the highest standards of occupational health and safety, and to ensure that HSE remains at the forefront of our thinking – as led by our Chief Executive, Paul Forman – during the year we launched an Essentra-wide Assurance Programme (""EAP"")";What were the consequences of their commitment to achieving and maintaining the highest standards of occupational health and safety?;"during the year we launched an Essentra-wide Assurance Programme (""EAP"")"
1259;Revenues grew in the period, due to increased net positive revaluations of Group Businesses of £5.5m (2016: £1.4 m). Fund management fee income in ALS of £1.7m also showed an increase (2016: £0.6m) and reflects a full year of ALS trading as it was acquired part way through 2016.;What was the cause of the growth in comprehensive income revenues during the period?;increased net positive revaluations of Group Businesses of £5.5m (2016: £1.4 m)
1260;Financial performance has significantly improved, with EBITDA of £29 million in line with our guidance (2016: £4 million negative). This was principally due to the acquisition of Opus Energy, which added 10 months of EBITDA, but also improved financial performance from Haven Power, which was ahead of plan.;What contributed to an EBITDA of £29 million?;the acquisition of Opus Energy, which added 10 months of EBITDA, but also improved financial performance from Haven Power, which was ahead of plan
1261;Within the income from the commercial activity, there was good performance in catering, shops and parking. Food and beverage establishments and shops also increased their income (£BP) by 2.3%, due to the opening of new shops under the terminal extension project, a more varied selection on offer and the shift in passenger flows. Income from car parks also continued to evolve very positively (+16.2%) reflecting the management strategies and prices implemented, along with the successful use of additional parking capacity for vehicles and the compensation on the part of Luton Borough Council for the works on the Direct Air-Rail Transit (light rail link between Luton suburban train station and the airport terminal building). Accordingly, the construction of the new high-rise parking building has started this year.;What accounts for the income from car parks continuing to evolve very positively (+16.2%)?;the management strategies and prices implemented, along with the successful use of additional parking capacity for vehicles and the compensation on the part of Luton Borough Council for the works on the Direct Air-Rail Transit (light rail link between Luton suburban train station and the airport terminal building)
1262;Payments Process Risk: The risk of payments being processed inaccurately, with delays, without appropriate authentication and authorisation. People Risk: The risk that Barclays is exposed to by virtue of being an employer (excluding Health and Safety related risk).;What causes Barclays to be exposed to risk?;being an employer (excluding Health and Safety related risk)
1263;The risk of financial failure, reputational loss, loss of earnings and/or capital as a result of investment activity, lack of liquidity, funding or capital, and/or the inappropriate recording, reporting and disclosure of financial results, taxation or regulatory information.;What factors contribute to the risk of financial failure, reputational loss, and loss of earnings and/or capital?;investment activity, lack of liquidity, funding or capital, and/or the inappropriate recording, reporting and disclosure of financial results, taxation or regulatory information
1264;Our success as a Company is made possible by talented employees working together for our shared mission: to support healthcare professionals in their efforts to improve patients' lives. This is why being a great place to work is important to us, and why every two years;Why is being a great place to work important to the company?;Our success as a Company is made possible by talented employees working together for our shared mission: to support healthcare professionals in their efforts to improve patients' lives
1265;Adjusted EBITDA grew by 21.9% to £2.1m (2016: £1.7m). EBITDA as a percentage of sales fell slightly from 34.2% to 32.8%, primarily due to a small increase in manpower costs as the structure required to run the enlarged division was established.;What caused the small increase in manpower costs?;the structure required to run the enlarged division was established
1266;The Consumer division, which consists of Adult and Children's trade publishing, has had an exceptional year, significantly due to an excellent Children's performance. Revenue for the division increased by 28% to £85.4 million (2016: £66.4 million).;What is the reason the Consumer division, consisting of Adult and Children's trade publishing, had an exceptional year?;an excellent Children's performance
1267;UK store impairment testing during the year has identified a number of stores where the current and anticipated future performance does not support the carrying value of the stores. As a result, a charge of £39.4m has been incurred in respect of the impairment of assets;What caused the £39.4 million charge incurred for the impairment of assets?;UK store impairment testing during the year has identified a number of stores where the current and anticipated future performance does not support the carrying value of the stores
1268;Mr P Grosch is not considered independent because of his links with the Group's Private Equity business including his position as chairman of Euro-Diesel, a company in which the Group is invested.;What explains why Mr. P Grosch was not considered independent?;his links with the Group's Private Equity business including his position as chairman of Euro-Diesel, a company in which the Group is invested
1269;In light of these considerations the Audit Committee has recommended to the Board that a statement may be made on the Company's longer-term prospects to continue its operations and meet its expenses and liabilities as they fall due until the winding up vote at the first AGM;What were the implications of the considerations?;the Audit Committee has recommended to the Board that a statement may be made on the Company's longer-term prospects to continue its operations and meet its expenses and liabilities as they fall due until the winding up vote at the first AGM
1270;In light of recent events the Audit and Risk Committee will be focussed on the Company's IT security in the coming year and will be working closely with the executive to ensure that appropriate safeguards are in place.;What will recent events imply?;the Audit and Risk Committee will be focussed on the Company's IT security in the coming year and will be working closely with the executive to ensure that appropriate safeguards are in place
1271;However, problems deriving from saturation, brought about by the growing demand and the need to meet orders from the United States, had a negative impact on margins.;What factors drove the saturation which caused the problems that had a negative impact on margins?;the growing demand and the need to meet orders from the United States
1272;As a result of the Group's German and Italian Euro-denominated operations, foreign currency translation sensitivity for the Euro is such that a Eur 1c strengthening in the Euro:GBP exchange rate increases revenue by £0.8m and EBIT by £0.1m.;What is the effect of the Group's Euro-denominated operations in Germany and Italy?;foreign currency translation sensitivity for the Euro is such that a Eur 1c strengthening in the Euro:GBP exchange rate increases revenue by £0.8m and EBIT by £0.1m
1273;The main source of the company’s direct emissions contributing to greenhouse gas (GHG) are emissions of CO2 from energy use. Also, the studies of the development of the most efficient and eco-friendly means of transport show that the greatest impact on the life cycle of CAF’s products is centred on the usage phase, in particular the consumption of energy. Therefore, the Group concentrates its efforts on gradually reducing the intensity of its GHG emissions, in two ways: Improving energy efficiency in the production activities and facilities and the research and development of sustainable transport solutions.;Why does the Group concentrate its efforts on gradually reducing the intensity of its GHG emissions by improving energy efficiency in the production activities and facilities and by researching and developing sustainable transport solutions?;The main source of the company’s direct emissions contributing to greenhouse gas (GHG) are emissions of CO2 from energy use. Also, the studies of the development of the most efficient and eco-friendly means of transport show that the greatest impact on the life cycle of CAF’s products is centred on the usage phase, in particular the consumption of energy
1274;The development of the Group's own voice assistant commenced in 2018. This will enhance apps thanks to the incorporation of vocal interface and will also entail the creation of new products that will change how customers interact with services, such as TV.;What event will enable the enhancement of apps using vocal interface and the creation of new products bound to change customer interaction?;The development of the Group's own voice assistant commenced in 2018
1275;Deloitte is a member of the Remuneration Consultants' Group and, as such, voluntarily operates under the Group's Code of Conduct when providing advice on executive remuneration in the UK.;What are the implications of Deloitte being a member of the Remuneration Consultants' Group?;voluntarily operates under the Group's Code of Conduct when providing advice on executive remuneration in the UK
1276;We have clear plans for our recently acquired business, Parkside Ceramics, and as a result some structural changes have been made to ensure that our diversification into the commercial tile market does not detract from the core business strategy.;What is the effect of the clear plans for the recently acquired Parkside Ceramics?;some structural changes have been made to ensure that our diversification into the commercial tile market does not detract from the core business strategy
1277;"A total of 119 working days were lost due to accidents in 2017 (2016: 78 days; 2015: 122 days).";What factor caused the loss of a total of 119 working days?;"accidents in 2017 (2016: 78 days; 2015: 122 days)"
1278;Continued strong operational delivery and a focus on customer experience and better procurement has driven the increase in operating profit, up 42% to £39.1m (2016: £27.5m) and an operating margin of 5.3% (2016: 4.3%). Performance in the second half of the year was particularly strong, with an operating margin of 6.2%, compared to a first half margin of 4.3%, due to the blend of higher margin contracts and the operational leverage benefit from increased activity in the second half.;What did the blend of higher margin contracts and the operational leverage benefit lead to?;Performance in the second half of the year was particularly strong, with an operating margin of 6.2%, compared to a first half margin of 4.3%
1279;No separate remuneration committee has been constituted in view of the level of work delegated to the Manager and Secretary.;What is the reason for the absence of a separate remuneration committee?;the level of work delegated to the Manager and Secretary
1280;The Group will seek and effect appropriate acquisitions across various geographic regions, consequently exposing the Company to inherent risks and uncertainties associated with such acquisitions.;What are the implications of the Group's intention to seek and effect appropriate acquisitions across various geographic regions?;exposing the Company to inherent risks and uncertainties associated with such acquisitions
1281;As a result of our strong cash flow generation and proceeds from the further simplification of our portfolio, we launched a £300m share buyback during 2017, which was completed on 16 February 2018, repurchasing a total of 42.8m shares at an average price of 700p.;What was the consequence of their strong cash flow generation and the proceeds from the simplification of their portfolio?;we launched a £300m share buyback during 2017, which was completed on 16 February 2018, repurchasing a total of 42.8m shares at an average price of 700p
1282;General and administrative (G&A) expenses G&A expenses decreased by £0.9 million, or 7.8%, from £11.6 million in 2016 to £10.7 million in 2017. This decrease was due to a decrease in share-based payment expenses of £2.8 million, reflecting the lower level of share option awards in 2017;What led to G&A expenses decreasing by £0.9 million, or 7.8%?;a decrease in share-based payment expenses of £2.8 million, reflecting the lower level of share option awards in 2017
1283;"Long Term incentive plan (""LTIP"") Rewards the achievement of sustained long-term financial and operational performance and is therefore aligned with the delivery of value to shareholders.";What does it entail that the LTIP rewards the achievement of sustained long-term financial and operational performance?;is therefore aligned with the delivery of value to shareholders
1284;This risk increased over FY 2017 due to the increasing number of transactions, particularly divestments, in the portfolio in the year including the reduction in Euromoney holding. The Group performance could be adversely impacted by factors beyond our control such as the economic conditions.;What drove the increase in risk over FY 2017?;the increasing number of transactions, particularly divestments, in the portfolio in the year including the reduction in Euromoney holding
1285;In light of the growing focus on non-audit fees the Committee has enhanced its scrutiny to ensure that it is comfortable, on an ongoing basis that the nature of the non-audit work commissioned does not impinge on audit independence.;What have been the implications of the growing focus on non-audit fees?;the Committee has enhanced its scrutiny to ensure that it is comfortable, on an ongoing basis that the nature of the non-audit work commissioned does not impinge on audit independence
1286;Copper sales volumes reflected within revenue increased from 634,100 tonnes in 2016 to 657,700 tonnes in 2017 increasing revenue by $122.0 million. This increase was mainly due to Antucoya which achieved commercial production on 1 April 2016, and which recorded sales volumes of 54,900 tonnes reflected within revenue from that point onwards.;What were the factors contributing to this increase?;Antucoya which achieved commercial production on 1 April 2016, and which recorded sales volumes of 54,900 tonnes reflected within revenue from that point onwards
1287;Absolute emissions have increased due to acquisitions in the period and the inclusion of the full year impact of previous acquisitions. The intensity ratio has decreased as a result of increased focus on electricity and fuel usage coupled with the Group' s increased revenue.;What caused absolute emissions to increase?;acquisitions in the period and the inclusion of the full year impact of previous acquisitions
1288;• Gold production exceeded guidance principally as a result of the full year of operations at San Julián phase I, although it reduced by 2.6% year-on- year due to the expected reduction of gold inventories at Herradura.;What was the principal cause of the gold production exceeding guidance?;the full year of operations at San Julián phase I
1289;2. Nick Horler was unable to attend one scheduled remuneration committee meeting on 7 June 2017 due to a long standing prior commitment.;What reason led to Nick Horler being unable to attend the scheduled remuneration committee meeting on 7 June 2017?;a long standing prior commitment
1290;The nature of the Group's operations creates an ongoing demand for fuel and therefore the Group is exposed to movements in market fuel prices. The Group enters into commodity derivative instruments to hedge such exposure where it makes commercial and economic sense to do so.;What explains why the Group is exposed to movements in market fuel prices?;The nature of the Group's operations creates an ongoing demand for fuel
1291;Following its annual review, the Committee recommended to the Board not to establish an internal audit function, due to the existence of current controls and review systems, and as the Company was neither of sufficient size nor complexity to warrant it.;Following its annual review, why did the Committee recommend to the Board not to establish an internal audit function?;the existence of current controls and review systems, and as the Company was neither of sufficient size nor complexity to warrant it
1292;This important priority of gender equality is reflected in the Group's reward structure as a result of the diversity measure attached to PLTIP awards granted from 2017 onwards.;What does the priority of gender equality reflected in the Group's reward structure stem from?;the diversity measure attached to PLTIP awards granted from 2017 onwards
1293;At 31 December 2018, the Group was involved in litigation with a customer as a result of a project in which mutually submitted claims were made due to delays in achieving the contractual milestones signed by the consortium to which CAF belongs.;What was the reason the Group was involved in litigation with a customer?;a project in which mutually submitted claims were made due to delays in achieving the contractual milestones signed by the consortium to which CAF belongs
1294;2 Sir Frank Chapman was unable to attend the Safety & Ethics Committee in April due to unforeseen circumstances and the May meetings of the Board and committees due to medical reasons.;What caused Sir Frank Chapman to be unable to attend the Safety & Ethics Committee meeting in April?;unforeseen circumstances
1295;The valuation of the Company's investments, given that they represent the majority of net assets of the Company is considered to be a significant area of focus.;What makes the valuation of the Company's investments a significant area of focus?;they represent the majority of net assets of the Company
1296;As has been announced previously, the acquisition of Colt has not met the Board's expectations. The goodwill and associated intangible assets of £6.1m has therefore been impaired to £nil and a further impairment of 0.2m against Property Plant and Equipment has been recognised.;What was the effect of the acquisition of Colt not meeting the Board's expectations?;The goodwill and associated intangible assets of £6.1m has therefore been impaired to £nil and a further impairment of 0.2m against Property Plant and Equipment has been recognised
1297;We live for the joy side of life. The right food for every moment. We cherish the love our Restaurant Partners put into their cooking. We are all about the enjoyment our Customers get from eating. It is the smiles that make it worthwhile. What drives us is building more excitement, quality, fun and laughs into everyday food occasions, because food makes people happy.;What is the reason for continuing to build more excitement, quality, fun, and laughs into everyday food occasions?;food makes people happy
1298;The business risk, and accordingly development risk level, for Alexander is assessed as unchanged since last year. This is mainly because of current interest and activity in the Company's technology, and the prevailing conditions and outlook for the mining and metals sector.;What are the reasons the business and development risk level for Alexander has been assessed as unchanged since last year?;current interest and activity in the Company's technology, and the prevailing conditions and outlook for the mining and metals sector
1299;The business, however, operates in a challenging and highly competitive market place that is constantly changing not just in regulation and legislation but also for new technology and process innovation. It is therefore part of day to day planning to make certain financial and operational investments in pursuit of growth objectives. Its acceptance of risk is subject to ensuring that potential benefits and risks are fully understood and sensible measures to mitigate risk are established.;What is the reason for certain financial and operational investments related to growth objectives being planned on a daily basis?;The business, however, operates in a challenging and highly competitive market place that is constantly changing not just in regulation and legislation but also for new technology and process innovation
1300;Paul Daccus has an interest in the shares held by Sun Capital Partners Management V, LLC, which holds 41.5% of the ordinary share capital and voting rights in the Company as a result of his partnership in Sun European Partners LLP.;What does Paul Daccus's partnership in Sun European LLP lead to?;Paul Daccus has an interest in the shares held by Sun Capital Partners Management V, LLC, which holds 41.5% of the ordinary share capital and voting rights in the Company
1301;Dave brings with him strong oil and gas experience and technical expertise and Mike's appointment strengthens the Board's corporate financing expertise, thus ensuring that the Board is well placed to deliver both its immediate and longer-term strategy.;Why is the Board well placed to deliver its immediate and longer-term strategy?;Dave brings with him strong oil and gas experience and technical expertise and Mike's appointment strengthens the Board's corporate financing expertise
1302;The effective rate is higher than the standard rate due to the impact of the 8% surcharge on bank profits introduced by the Finance (No.2) Act 2015 which is charged on the Society's taxable profits above £25m.;What is the reason behind the effective rate being higher than the standard rate?;the impact of the 8% surcharge on bank profits introduced by the Finance (No.2) Act 2015 which is charged on the Society's taxable profits above £25m
1303;Total assets have grown by £12.7 billion to £222 billion as at 4 April 2017, largely due to a £9.1 billion increase in residential mortgages.;What led to the total assets growing by £12.7 billion to £222 billion as at 4 April 2017?;a £9.1 billion increase in residential mortgages
1304;The Committee also reviewed the impact of the reduction in US federal tax rates as a result of tax reform in the US, which resulted in a reduction of deferred tax balances of $617 million.;What was the cause of the $617 million reduction of deferred tax balances?;The Committee also reviewed the impact of the reduction in US federal tax rates as a result of tax reform in the US
1305;A proportion of this award may also be dependent on the group's ROE and therefore allocated from the enterprise bonus pool. A proportion of this bonus may be paid in deferred shares, which vest after three years subject to continued employment.;Why may a proportion of this award be allocated from the enterprise bonus pool?;A proportion of this award may also be dependent on the group's ROE
1306;Dividends are the interim and final dividends paid in respect of the financial year ended 31 December 2016 and the interim dividend paid and the final dividend recommended in respect of the financial year ended 31 December 2017. The total employee pay expenditure increase is due to the year on year exchange rate movement as well as higher bonus payments, due to bonus targets being achieved in some parts of the business.;What prompted the increase in total employee pay expenditure?;the year on year exchange rate movement as well as higher bonus payments
1307;"• The largest increases were in Spain due to the acquisition of Banco Popular; SCF, because of higher releases and portfolio sales in 2017, although its cost of credit remained below the standards for this business; and Argentina due to higher provisions for individual customers and the impact of the peso's depreciation on dollar balances.";What caused the increases in Argentina?;higher provisions for individual customers and the impact of the peso's depreciation on dollar balances
1308;Key Metrics Risk-weighted assets (RWAs) RWAs reduced by £27 billion (12%), ending the year at £201 billion (from £228 billion in 2016). This reduction was driven by NatWest Markets, where RWAs fell by £16.8 billion due to the continued run-off of the legacy business and mitigation activities.;What did the reduction in RWAs by £27 billion (12%) lead to?;ending the year at £201 billion (from £228 billion in 2016)
1309;At 31 December 2017 the Group had commenced a process to dispose of Centinela Transmission, the electricity transmission line supplying Centinela and other external parties. As a result of this, its net results are shown as a discontinued operation in the income statement.;What caused the net results to be shown as a discontinued operation in the income statement?;At 31 December 2017 the Group had commenced a process to dispose of Centinela Transmission, the electricity transmission line supplying Centinela and other external parties
1310;Driving a reduction in written complaints is important as it ensures we are resolving issues earlier for customers and ultimately building strong customer focus into all our processes to minimise complaints at any stage.;What are the consequences of placing importance on reducing written complaints?;it ensures we are resolving issues earlier for customers and ultimately building strong customer focus into all our processes to minimise complaints at any stage
1311;The net decrease in current assets of $153.2m is due to a decrease in short-term deposits which have been used to fund additional capital investment in the business. The increase in current liabilities of $115.6m to $864.5m (2016: $748.9m) largely relates to an increase in trade and other payables;What factor led to the net decrease in current assets of $153.2m?;a decrease in short-term deposits which have been used to fund additional capital investment in the business
1312;Fiscal pressures on Government as a result of reduced revenues due to lower oil prices is evident in the increasing number of audits been undertaken to identify areas of non-compliance. The Group remains committed to maintaining the highest levels of compliance and works closely with local regulatory authorities.;What was the cause of fiscal pressures on Government?;reduced revenues
1313;Thanks to our technology and people, we feel well equipped to support and achieve our vision and fuel our online customers’ growth.;What is the impact of their techonology and capable team?;we feel well equipped to support and achieve our vision and fuel our online customers’ growth
1314;In view of the extensive design process last year and the fact we have incorporated a number of best practice features in the existing design, we are proposing few changes to the Directors' remuneration structure this year.;What prompted the proposal to change the Directors' remuneration structure this year?;the extensive design process last year and the fact we have incorporated a number of best practice features in the existing design
1315;The vesting of the awards is also subject to a discretionary performance underpin, which takes into consideration a number of factors including Company TSR and cash flow performance over the period. The Committee considered these factors along with the underlying performance of the business, and determined that the formulaic level of vesting was appropriate. Awards will therefore vest in December 2017, subject to continued employment on the vesting date.;What are the implications of the Committee finding the formulaic vesting level appropriate after reviewing these factors and the business performance?;Awards will therefore vest in December 2017, subject to continued employment on the vesting date
1316;Textile Printing using digital inkjet technology is growing fast due to rapid shifts in consumer expectations such as fast changing fashion seasons, and the requirement to reduce waste and pollution. This drives the need for new, digital printing processes which are capable of delivering short print runs quickly, economically and in a more environmentally friendly way.;What factors drive the fast growth in textile printing using digital inkjet technology?;rapid shifts in consumer expectations such as fast changing fashion seasons, and the requirement to reduce waste and pollution
1317;Thanks to the continuous effort, between 2017 and 2018, accidents resulting in sick leave have fallen by 7% and their level of seriousness has fallen by 18%.;Between 2017 and 2018, what did the continuous efforts entail?;accidents resulting in sick leave have fallen by 7% and their level of seriousness has fallen by 18%
1318;Bespak has also recently achieved IMechE accreditation for the Engineering Apprenticeships they provide, including my pathway, which is really beneficial to me for the future because it means that I have external recognition of the standard of my apprenticeship programme.;Why is my pathway, a Bespak Engineering Apprenticeship with IMechE accreditation, beneficial for him?;it means that I have external recognition of the standard of my apprenticeship programme
1319;Regulated clients de-risking due to the impact of regulatory capital changes, where clients reallocate investments to capabilities that are not currently offered by the Group or at a lower margin.;What is the reason for regulated clients de-risking?;the impact of regulatory capital changes, where clients reallocate investments to capabilities that are not currently offered by the Group or at a lower margin
1320;The Group's total capital resources increased due to the rise in retained earnings relating to audited 2017 profits and lower intangible assets on the balance sheet. At 31 March 2017 the Group had a total capital ratio of 30.2% (31 March 2016 31.2%).;What drove the increase in the Group's total capital resources?;the rise in retained earnings relating to audited 2017 profits and lower intangible assets on the balance sheet
1321;A further issue stemming from the platform engineering concept relates directly to the manufacturing process itself. Our manufacturing partner operates in a small batch-size environment, resulting in a more job-shop approach rather than a large scale manufacturing process and as a consequence has lost productivity due to frequent changeovers.;What is the reason for the loss of productivity?;frequent changeovers
1322;I would like to thank Adrian for his extraordinary contribution as Chairman and to add my thanks to Ken Hydon and Judy Sprieser for their wise counsel during their time on the Board. RB is an outstanding company and it is an honour to follow Adrian as Chairman.;What is the reason behind the recognition and thanks Adrian receives?;his extraordinary contribution as Chairman
1323;During the year under review, the composition of the Board varied as a result of appointments and retirements but at all times the Board comprised a Chairman, at least two Executive Directors and at least three Non-Executive Directors.;What factors drove the variation in the composition of the Board?;appointments and retirements
1324;The points of sale also have the most extensive range of possibilities to interact with Logista, placing orders and accessing its portfolio of products and services thanks to this network of POS Terminals, the e-commerce platform, the call centre and the service points or cash & carries in every country where the Group operates.;What accounts for the points of sale also having the most extensive range of possibilities to interact with Logista, placing orders and accessing its portfolio of products and services?;this network of POS Terminals, the e-commerce platform, the call centre and the service points or cash & carries in every country where the Group operates
1325;When the Company listed on the London Stock Exchange in 2015, it was not fully compliant with the Code due to the composition of the Remuneration Committee. This non-compliance was as a result of the requirement of the major shareholders at the time of the IPO;What was the origin of the non-compliance?;the requirement of the major shareholders at the time of the IPO
1326;Ore recovered from development mining is unavoidably more diluted and is therefore generally lower grade.;Why is ore recovered from development mining generally of lower grade?;Ore recovered from development mining is unavoidably more diluted
1327;Because the Manager aims to invest in companies that can compound shareholders' capital, but also aims to invest at a discount to intrinsic value, the portfolio tends to have both growth and value characteristics.;What reason explains why the portfolio usually has growth and value characteristics?;the Manager aims to invest in companies that can compound shareholders' capital, but also aims to invest at a discount to intrinsic value
1328;The results of the employee survey have been absorbed and, as appropriate, working parties or local forums and listening groups set up to address the significant issues raised. The employee survey is run every two years and therefore data is available for 2016 only.;What explains the data being available for 2016 only?;The employee survey is run every two years
1329;The non-standard nature of the properties within the commercial mortgage portfolio means that there are also a number of loans that are not past due or are past due by less than three months at the reporting date, but where objective evidence indicates that losses are likely. A total individual impairment provision of £7.7m (2016: £8.4m), as shown in note 16 to the Accounts, is held against these accounts and the individually impaired loans in the above tables.;What are the implications of the non-standard nature of the properties within the commercial mortgage portfolio?;there are also a number of loans that are not past due or are past due by less than three months at the reporting date, but where objective evidence indicates that losses are likely
1330;Our tax strategy is aligned with our objective of paying the correct amount of tax at the right time. Commercial transactions are therefore structured in the most tax-efficient way but without resorting to artificial arrangements which we regard as abusive.;What accounts for the commercial transactions being structured in the most tax-efficient way, while avoiding artificial arrangements considered abusive?;Our tax strategy is aligned with our objective of paying the correct amount of tax at the right time
1331;The savings generated under the FutureFit programme enable the growth in revenue to be delivered with only a modest increase in the cost base. Other operating expenses before exceptional items were £120.1m, up 2.9% from £116.7m in the prior year. The increase is principally due to higher rewards and bonuses for employees.;What does the increase mainly owe to?;higher rewards and bonuses for employees
1332;However, as a consequence of the Supreme Court's decision to overturn the grant of a third-party mining company's Mine Permit in the south of Sweden (Norra Karr Mine Permit – rare earth element project, owned by Leading Edge Minerals) the government returned the Storuman Mine Permit case;What led to the government returning the Storuman Mine Permit case?;the Supreme Court's decision to overturn the grant of a third-party mining company's Mine Permit in the south of Sweden
1333;External servicing fees decreased to £1.5m in 2017 (2016: £2.6m) due to the transfer of servicing for acquired first charge residential loan book to the Bank's operation in India during the year and the further run-off of the personal loans portfolio.;What caused the decrease in external servicing fees to £1.5m in 2017 from £2.6m in 2016?;the transfer of servicing for acquired first charge residential loan book to the Bank's operation in India during the year and the further run-off of the personal loans portfolio
1334;Additionally, during the year the Group commenced work, under its EPCC contract with CGE, on four biogas-based power generation plants. As previously stated, due to financial constraints, progress was slower than initially expected and work has been temporarily suspended, awaiting the Company finalising an arrangement with CGE.;What did financial constraints bring about?;progress was slower than initially expected and work has been temporarily suspended, awaiting the Company finalising an arrangement with CGE
1335;The interpretation, conducted by Southern Geoscience in Australia, resulted in over 140 targets to be followed up with systematic exploration. A further, more detailed review of the interpreted anomalies and historic Hummingbird data has enabled us to define a plan for future exploration programmes;What factor has contributed to define a plan for future exploration programmes?;A further, more detailed review of the interpreted anomalies and historic Hummingbird data
1336;Underlying operating profit was £108.7m, an increase of 14% on the £95.3m generated in 2016. On a constant currency basis underlying operating profit was up 10%. The group underlying operating margin decreased from 5.4% to 5.2 %, mainly due to lower margins in North America;What was the main factor that contributed to the decrease in the group's underlying operating margin from 5.4% to 5.2%?;lower margins in North America
1337;Revenue for Gleeson Strategic Land increased by £1.5m to £29.9m, due to the increased sales activity during the year and mix of sites sold. Highlights • Revenue increased by 12.9% to £160.4m • Gross margin on Gleeson Homes unit sales increased to 33.0% from 31.1%.;What did the increased sales activity during the year and mix of sites sold bring about?;Revenue for Gleeson Strategic Land increased by £1.5m to £29.9m
1338;The tax currently payable is based on taxable profit for the year. Taxable profit differs from net profit as reported in the Income Statement because it excludes items of income or expense that are taxable or deductible in other years and it further excludes items that are never taxable or deductible. The Group's liability for current tax is calculated using tax rates in the respective jurisdictions that have been enacted or substantively enacted by the Statement of Financial Position date.;What is the reason for taxable profit differing from net profit, as reported in the Income Statement?;it excludes items of income or expense that are taxable or deductible in other years and it further excludes items that are never taxable or deductible
1339;However, certain other factors contributed to increasing the ETR, primarily impairment of the 6 PM acquisition and costs associated with this acquisition, both of which are non-deductible expenses for tax purposes. Another factor which increased ETR was the non-recognition of losses incurred in Malta, owing to uncertainty over their future;What impact did the uncertainty over their future have?;non-recognition of losses incurred in Malta
1340;The Society is proud that over 60% of its workforce is female. However, there are more men than women in our more senior and, therefore, more highly paid roles, meaning there is a gender pay gap.;What is the effect of there being more men than women in their more senior?;more highly paid roles, meaning there is a gender pay gap
1341;• Rolling-out our Line of Fire campaign – our analysis revealed that a large proportion of safety incidents resulted from individuals unintentionally placing themselves in harm's way. We therefore rolled out our new Line of Fire safety campaign to remind all personnel to be aware.;What prompted the rollout of the new Line of Fire safety campaign to remind all personnel to be aware?;our analysis revealed that a large proportion of safety incidents resulted from individuals unintentionally placing themselves in harm's way
1342;On 7 December 2016, the Lord Chancellor announced a review into the discount rate for personal injury damages awards (the 'Ogden rate'), which is used by UK courts in the calculation of personal injury lump sum settlements. On 27 February 2017, it was announced that there will be a reduction in the Ogden rate from 2.5% to minus 0.75% with effect from 20 March 2017. The Group has therefore adopted a discount rate of minus 0.75% in estimating claims liabilities in existence at 31 January 2017, which has increased both gross insurance technical provisions and the reinsurance claims outstanding by c. £3m.;What motivated the Group's discount rate of minus 0.75% in estimating claims liabilities existing at 31 January 2017?;On 27 February 2017, it was announced that there will be a reduction in the Ogden rate from 2.5% to minus 0.75% with effect from 20 March 2017
1343;Net cash provided by operating activities increased 60% to $4,256.7 million (2016: $2,658.9 million), primarily due to the inclusion of a full year of legacy Baxalta operating cash flows and strong cash receipts from higher legacy Shire sales and operating profitability;What were the reasons for the 60% increase in net cash provided by operating activities, rising to $4,256.7 million from $2,658.9 million in 2016?;the inclusion of a full year of legacy Baxalta operating cash flows and strong cash receipts from higher legacy Shire sales and operating profitability
1344;"The mark-to-market gain on the Group's hedge book of £2,648m (2016: loss of £4,420m). These reflect: the large hedge book held by the Group (circa USD $38.5bn); and the strengthening of sterling, particularly against the US dollar offset by the weakening of sterling against the euro, as noted above. At each year end, our foreign exchange hedge book is included in the balance sheet at fair value (mark-to-market) and the movement in the year included in reported financing costs. Appropriate tax rates are applied to these additional items included in the reported results, leading to an additional tax charge of £361m (2016: credit £865m), largely as a result of the mark-to-market adjustments £(463)m and £792m in 2017 and 2016 respectively. In addition, £163m of advance corporation tax credits has been recognised as a result of changes to UK tax laws in 2017.";What has driven the recognition of £163m of advance corporation tax credits?;changes to UK tax laws in 2017
1345;We maximise the potential returns accrued from this infrastructure through multiple further factors, including: • Our capital-light business model, which enables us to respond and adapt rapidly to the changing needs of our customers and markets • Our disciplined approach to capital allocation, which enables us to support organic growth through creating new services, developing client relationships in high-margin areas and investing in the most attractive growth opportunities.;What does their disciplined approach to capital allocation allow?;to support organic growth through creating new services, developing client relationships in high-margin areas and investing in the most attractive growth opportunities
1346;• As external threats become more sophisticated, and the potential impact of service disruption increases, we continue to invest in cyber security. Recognising that this risk cannot be eliminated, we have implemented significant protective measures which will need to be continuously enhanced.;What factors account for the ongoing investment in cyber security?;external threats become more sophisticated, and the potential impact of service disruption increases
1347;2018 marks my third year as Chairman of the Audit Committee, having been appointed to that role owing to my relevant financial experience as required by the Code.;What is the reason behind their appointment as Chairman of the Audit Committee?;my relevant financial experience as required by the Code
1348;Reported profit before tax decreased to £3.5m (2016: £13.0m) as a result of higher amortisation and finance costs following the acquisition of 6PM plus an impairment charge related to 6PM. The impairment arose from a reassessment of the forecasts prompted by the emergence of inherited issues as described above.;What factors led to the decrease in reported profit before tax to £3.5 million in 2017?;higher amortisation and finance costs following the acquisition of 6PM plus an impairment charge related to 6PM
1349;"In light of the operational challenges faced by the Civil Aerospace business, the Board remained regularly informed on the management of these issues including: conflicting demands on resource; the handling of impacted customers' interests and the management of the resultant programme risks.";What were the implications of the operational challenges faced by the Civil Aerospace business?;"the Board remained regularly informed on the management of these issues including: conflicting demands on resource; the handling of impacted customers' interests and the management of the resultant programme risks"
1350;S Dolton resigned as a Director on 1 January 2018 and his awards have therefore lapsed in accordance with the rules of the LTIP.;Why have S Dolton's rewards lapsed in accordance with the rules of the LTIP?;S Dolton resigned as a Director on 1 January 2018
1351;However, certain other factors contributed to increasing the ETR, primarily impairment of the 6 PM acquisition and costs associated with this acquisition, both of which are non-deductible expenses for tax purposes. Another factor which increased ETR was the non-recognition of losses incurred in Malta, owing to uncertainty over their future;What caused the increase of the ETR?;impairment of the 6 PM acquisition and costs associated with this acquisition, both of which are non-deductible expenses for tax purposes. Another factor which increased ETR was the non-recognition of losses incurred in Malta
1352;Life on land Keller has improved its processes for the capture and recording of environmental incidents and, as a consequence, we have seen a slight increase in the number of reported environmental incidents in 2017 (12% year on year).;What caused the slight increase in the number of reported environmental incidents in 2017?;Life on land Keller has improved its processes for the capture and recording of environmental incidents
1353;In addition to the larger, higher profile contract wins, improvements in our operational performance has also had a positive impact elsewhere in the business. Across our smaller UK accounts we have seen an 18% increase in revenues, which is in large part due to the improvement in operations;What impact did the improvement in operations have?;Across our smaller UK accounts we have seen an 18% increase in revenues
1354;The original intention was that these options were to be granted at the time of the IPO in December 2016 to long-standing employees at the flotation price without performance conditions. However, the intended timing of the grant was not deliverable due to the requirements of Rule 9 of the Takeover;What was the reason for the intended timing of the grant being not deliverable?;the requirements of Rule 9 of the Takeover
1355;Each year, new stores that have been open throughout the previous financial year become classified as 'LFL ' stores. Therefore, within the prior year comparative, the split between LFL and new stores alters each year, and the analysis of the FY16 'LFL ' sales and 'new store' sales differs from the corresponding analysis for FY16 shown in last year's Annual Report.;What are the consequences of new stores opened in the previous financial year becoming classified as 'LFL' stores?;within the prior year comparative, the split between LFL and new stores alters each year, and the analysis of the FY16 'LFL ' sales and 'new store' sales differs from the corresponding analysis for FY16 shown in last year's Annual Report
1356;On balance, we took the view that the existing remuneration framework continued to effectively support the delivery of the business strategy and the ongoing creation of shareholder value. Therefore, we did not make any structural changes to our Policy, but we chose to modify some other elements.;What explains their decision not to make any structural changes to their Policy?;On balance, we took the view that the existing remuneration framework continued to effectively support the delivery of the business strategy and the ongoing creation of shareholder value
1357;Our people are our greatest asset and managing our talent appropriately contributes significantly to our success. During 2017 we continued to strengthen our highly committed team. Through the attraction and recruitment of new talent and the ongoing development of existing expertise, we continued to embed a culture of achievement in the organisation. This has resulted in employees feeling valued for their contribution as part of a team working towards the same goals. Brit is focused on the FCA's six consumer outcomes and the fair treatment of customers is at the heart of our business model. We believe our retention rate of 83.6% (2016: 84.3%) demonstrates a high level of customer satisfaction.;What factor accounts for significantly helping their success?;managing our talent appropriately
1358;Our annual engagement survey allows us to assess employee commitment and identify actions we need to enable talent retention. We will therefore introduce with effect from FY18, a new commitment index designed to focus leaders on those areas which will drive commitment to the organisation;What is the reason for introducing a new commitment index with effect from FY18?;Our annual engagement survey allows us to assess employee commitment and identify actions we need to enable talent retention
1359;The extension of the areas of influence of Bankia’s social action to Andalusia, Murcia and the Balearic Islands as a result of the BMN merger has led to the signing of collaboration agreements with the foundations of Caja Granada, Caja Murcia and Sa Nostra.;What was the consequence of the extension of the areas of influence of Bankia’s social action to Andalusia, Murcia and the Balearic Islands derived from the BMN merger?;the signing of collaboration agreements with the foundations of Caja Granada, Caja Murcia and Sa Nostra
1360;Mineral resources are presented in accordance with Company's ownership equal to 17.66%. A revised estimate was not performed due to lack of material changes. Mineral resources are presented in accordance with Company's ownership equal to 42.65%.;What was the effect of lacking material changes?;A revised estimate was not performed
1361;In 2018 women represented 17% of the total new hires joining the CAF Group. Lastly, it must be highlighted that these new hires contributed to the total number of women employed at the Group exceeding the 2017 year-end figure of 14%.;What was the reason of exceeding the 2017 year-end figure of 14%?;these new hires contributed to the total number of women employed at the Group
1362;The estimation method applied, and the assumptions underlying these are considered appropriate by the Committee and continue to be in line with IFRS requirements. Tracker Shares – the tracker share arrangements are complex in nature and therefore challenging to disclose in a way that is understandable to the reader;Why are tracker share arrangements difficult to disclose in a way that is understandable to the reader?;the tracker share arrangements are complex in nature
1363;We believe that it is correct to recognise the strong performance of our Executive Directors and other top performing staff. This has resulted in significantly improved underlying financial performance by the Group, which in turn has driven good returns for our shareholders and increased the size of the business.;What were the effects of significantly improving the Group's underlying financial performance?;good returns for our shareholders and increased the size of the business
1364;The Division has continued to invest in the seals and hardware ranges with extensions to the Giesse hardware range due to be launched in 2018 and new sealing technology in advanced testing. The Henlow facility moved onto the Divisional SAP platform during the year.;What have been the consequences of its launch in 2018 and the development of new sealing technology that is currently in advanced testing?;The Division has continued to invest in the seals and hardware ranges with extensions to the Giesse hardware range
1365;The Society continues to generate a stable level of profits, with profit after tax for 2017 increasing 2% over 2016 to £88.0 million. Profit after tax as a percentage of mean assets reduced due to the lower net interest margin.;What caused the profit after tax as percentage of mean assets to reduce?;the lower net interest margin
1366;Net debt improved on the prior year and our Net debt/EBITDA ratio of 1.2x, (down from FY16 1.7x) improved year on year as a result of disposal proceeds from the sale of Education & Care, and free cash flow generation from trading, even after Adjusted items. This has enabled a £59.6m reduction in net debt while delivering £23.6m (FY16: £22.7m) in dividend payments.;What factors contributed to the year-on-year improvement in net debt and the Net Debt/EBITDA ratio to 1.2x?;disposal proceeds from the sale of Education & Care, and free cash flow generation from trading, even after Adjusted items
1367;Management's view on the change in level of risk is that in general, the pace and extent of ongoing regulatory change has led to an increase in regulatory-related risks. Additionally, the risk of cyber-attack represents a growing threat globally and therefore to the Group.;What has the increase in regulatory-related risks resulted from, according to the Management?;the pace and extent of ongoing regulatory change
1368;There is no separate Audit, Remuneration or Nomination Committee as the Board considers that, given its current size, all members of the Board should participate in those roles and responsibilities normally reserved for such committees. Therefore, the full Board of Directors provides a forum for reporting.;Why does the full Board of Directors provide a forum for reporting?;There is no separate Audit, Remuneration or Nomination Committee as the Board considers that, given its current size, all members of the Board should participate in those roles and responsibilities normally reserved for such committees
1369;Delegated management. The regulatory changes resulting from the introduction of the MiFID II Directive resulted in this type of investment being less attractive compared to profiled funds (based on the risk appetite of each customer). Portfolios dropped 22% and their value at 31 December came to €1,894 million.;What caused the regulatory changes that made this type of investment less attractive than profiled funds?;the introduction of the MiFID II Directive
1370;The Audit Committee reviewed the appropriateness of management's proposed accounting treatment of existing and new revenue streams including in light of the expected impact of IFRS 15. The Audit Committee considered the appropriate accounting policies for certain new contracts and taking into account the views of the external auditor.;What was the consequence of the expected impact of IFRS 15?;The Audit Committee reviewed the appropriateness of management's proposed accounting treatment of existing and new revenue streams
1371;Long-Term Incentive Plans (LTIP) Shareholders approved a new Long-Term Incentive Plan at the 2014 AGM that allows for conditional awards with a maximum face value of up to 100% of base salary to be awarded.;What does the new Long-Term Incentive Plan, approved by shareholders at the 2014 AGM, enable?;conditional awards with a maximum face value of up to 100% of base salary to be awarded
1372;A key to our distinctive, delivery-focused culture is the strength of our values (safe, ethical, innovative, responsive, quality and cost conscious, and driven to deliver). These values are therefore linked to our Group-wide performance management process and celebrated through our annual EVE (Excellence, Values, Energy) Awards.;What is the reason for these values being linked to their Group-wide performance management process and celebrated through their annual EVE Awards?;A key to our distinctive, delivery-focused culture is the strength of our values (safe, ethical, innovative, responsive, quality and cost conscious, and driven to deliver)
1373;Revenue for 2018 is again set to show continued growth at constant currency, driven by further penetration of the market by the Group's convenient ultra-short course treatment.;What is the expected continued growth in revenue at constant currency for 2018 owed to?;further penetration of the market by the Group's convenient ultra-short course treatment
1374;The Total Marketable Coal Reserves decreased due to an updated reserves model with a revised reserve footprint. The increase in Reserve Life was due to a decrease in nominated production rate from 32Mtpa to 28Mtpa.;What caused the Total Marketable Coal Reserves to decrease?;an updated reserves model with a revised reserve footprint
1375;The Board has therefore assessed the amount of Pillar II capital required to be £111.1 million (30 June 2016: £99.9 million). The net increase of £11.2 million compared with the prior year is largely attributable to a higher market risk requirement reflecting more volatile market conditions.;What was the main cause of the net increase of £11.2 million compared with the prior year?;a higher market risk requirement reflecting more volatile market conditions
1376;We also plan to keep our drilling costs as low as possible. After the completion of GTU3, drilling expenditure will become the single largest cost for the Company over the next four years. Therefore, it is imperative to closely control these costs.;Why is it imperative to closely control these costs?;After the completion of GTU3, drilling expenditure will become the single largest cost for the Company over the next four years
1377;The pre-tax discount rates used in the value in use calculations reflect the Group's assessment of the current market and other risks specific to the CGUs. Long-term growth rates are applied after the forecast period. Long-term growth rates are based on external reports on long-term CPI inflation rates for the geographic market in which each CGU operate and therefore do not exceed the long-term average growth prospects for the individual markets.;What accounts for the failure to exceed the long-term average growth prospects in individual markets?;Long-term growth rates are based on external reports on long-term CPI inflation rates for the geographic market in which each CGU operate
1378;• Thanks to a lot of hard work by our IT and central colleagues, we have integrated the Londis/Budgens systems into the Booker platforms. All the teams have done a fantastic job of growing both brands. It is a credit to our teams and the wonderful retailers we serve via Premier, Londis, Budgens, Family Shopper, Shop Locally and all our other retailers that we have seen strong growth.;What was the effect of the hard work by their IT and central colleagues?;we have integrated the Londis/Budgens systems into the Booker platforms
1379;Any new Non-Executive Director appointed to the Board would be paid no more than the Remuneration Committee considers reasonably necessary in light of market practice among other FTSE All Shares Index companies and the current remuneration of other Non-Executive Directors. His or her remuneration package would comprise the same components.;What do the market practices among other FTSE All-Share Index companies and the current remuneration of other Non-Executive Directors lead to?;Any new Non-Executive Director appointed to the Board would be paid no more than the Remuneration Committee considers reasonably necessary
1380;At 30 June 2017, a charge of $101 million was recognised in respect of the consolidated class action certification application filed in South Africa on behalf of former mineworkers (and dependants of deceased mineworkers) who contracted silicosis or tuberculosis as a result of working for various gold mining companies.;What was the cause of the former mineworkers contracting silicosis or tuberculosis?;working for various gold mining companies
1381;Net debt for the year increased to £56.9m (2016: £52.4m) as a result of the Transformation Programme cash outflows of £8.9m paid during the year, offset in part by strong underlying cash generation. Period end Net Debt was equivalent to 2.1x underlying EBITDA (2016: 1.9x).;What was the cause of the increase in net debt to £56.9 million, compared to £52.4 million in 2016?;the Transformation Programme cash outflows of £8.9m paid during the year
1382;This decline can be attributed mainly to pressure from the inflation of certain costs, which we were unable to pass on in full until the last four months of the year, and production disorders in the United States, where an extremely buoyant economy has generated temporary tensions in production and the assignment of resources.;What were the consequences of the extremely buoyant economy in the context of production disorders in the United States?;temporary tensions in production and the assignment of resources
1383;We know that our customers are keen to look for greener choices. However, given their limited mobility, public transport is, for them, rarely a viable option. We therefore aim to ensure that a range of lower emitting, higher MPG vehicle choices is available;Why do they aim to ensure that a range of lower emitting, higher MPG vehicle choices is available?;given their limited mobility, public transport is, for them, rarely a viable option
1384;Electricity distribution and transmission Chile 2018 Ebitda reached Euros 243 million, with a 17.1% decrease mainly as a result of lower revenues from prior years' regularizations and other demand impacts, as well as a negative Euros 10 million FX impact.;What caused the fall of EBITDA in Chile in 2018?;lower revenues from prior years' regularizations and other demand impacts, as well as a negative Euros 10 million FX impact
1385;Scope 1 emissions being direct emissions resulting from combustion of fuel and operation of facilities.;What is the source of Scope 1's direct emissions?;combustion of fuel and operation of facilities
1386;We continue to be recognised for our leading stance on sustainability issues, following our 2016 Queen's Award for Enterprise: Sustainable Development. Our industry-leading energy and carbon reductions resulted in British Land being named European Sector Leader in the 2016 Global Real Estate Sustainability Benchmark for the third year running, and winning the CIBSE Test of Time Award 2017.;What was the impact of our industry-leading energy and carbon reductions?;British Land being named European Sector Leader in the 2016 Global Real Estate Sustainability Benchmark for the third year running, and winning the CIBSE Test of Time Award 2017
1387;Richard Baker was only eligible to attend four Nomination Committee meetings in the year, due to the subject matter of the other two meetings deeming his attendance inappropriate. He was unable to attend one meeting (due to illness) but received the papers.;What was the outcome of Richard Baker's illness?;He was unable to attend one meeting
1388;RSM Robson Rhodes merged with Grant Thornton UK LLP (the Company's current Auditor) in 2007. The Auditor has therefore, as a result of the merger, carried out the function of annual statutory auditor of the Company for the last 14 years.;What explains why the Auditor has performed the function of annual statutory auditor for the Company over the last 14 years?;RSM Robson Rhodes merged with Grant Thornton UK LLP (the Company's current Auditor) in 2007
1389;The Board has identified those risks which are deemed principal to its business due to their potential severity and link to the Group's strategy, markets and operations.;What factor contributes to the Board deeming the identified risks as principal to its business?;their potential severity and link to the Group's strategy, markets and operations
1390;This year, our overall carbon emissions were 292,848 of CO 2 e, a decrease of 14 per cent year-on-year and of 48 per cent against our 2009 baseline. This is mainly attributable to the reduction in consumption of gas and electricity, which make up the largest proportion of our emissions, as a result of our extensive energy management programme.;What is the reason for the overall carbon emissions being 292,848 of CO 2 e, representing a decrease of 14 percent year-on-year and 48 percent against the 2009 baseline?;the reduction in consumption of gas and electricity, which make up the largest proportion of our emissions
1391;The main variance in revenues (from continuing operations) was in the Group's publishing division, which saw a decrease of 49 per cent or £2.04m year on year. This was predominantly due to the remaining Macclesfield publishing unit withdrawing from the vast majority of its contract publishing titles and owned titles.;What was the main consequence of the remaining Macclesfield publishing unit withdrawing from the vast majority of its contract publishing titles and owned titles?;The main variance in revenues (from continuing operations) was in the Group's publishing division, which saw a decrease of 49 per cent or £2.04m year on year
1392;Market Conditions Energy prices remain uncertain and for that reason we forward sell our generation (from which we earned revenues of £18.5m in the year) for the coming year to provide earnings.;What is the outcome of the Market Conditions Energy prices remaining uncertain?;we forward sell our generation (from which we earned revenues of £18.5m in the year) for the coming year to provide earnings
1393;Because of the numbers involved and the need to integrate new recruits at salaries comparable to those of existing employees, salaries are adjusted upwards over time to the median salary level. This approach ensures that the pay level of the workforce remains close to the median and is maintained at that rate.;What explains salaries being adjusted upwards over time to the median salary level?;the numbers involved and the need to integrate new recruits at salaries comparable to those of existing employees
1394;The 2014 LTIP was introduced at the AGM on 24 October 2014 and the first grants were made on 1 November 2014 and will vest on 1 November 2017. As such, no awards under the 2014 LTIP are due to vest until the next financial year.;What explains the fact that no awards under the 2014 LTIP are due to vest until the next financial year?;The 2014 LTIP was introduced at the AGM on 24 October 2014 and the first grants were made on 1 November 2014 and will vest on 1 November 2017
1395;Given the widespread adoption of subcutaneous immunotherapy (SCIT) treatments in the US, the oral products that are currently in the US market have so far not achieved a significant share leaving the market open for new entrants, such as Allergy Therapeutics, with the right products, manufacturing capability and commercial approach.;What are the consequences of the widespread adoption of subcutaneous immunotherapy (SCIT) treatments in the US?;the oral products that are currently in the US market have so far not achieved a significant share leaving the market open for new entrants, such as Allergy Therapeutics, with the right products, manufacturing capability and commercial approach
1396;Subsequent to this investment and also in July 2017, Legendary increased its stake in Virtual Stock from 6.8% (subsequent to the dilution due to Notion's investment) to 7.2% increasing the carrying value of its investment in Virtual Stock to £4.3m;Why did Legendary increase its stake in Virtual Stock from 6.8% to 7.2%?;the dilution due to Notion's investment
1397;No emissions data has been included in the emissions table where Urban&Civic has an interest in property or operations, but does not have operational control. Consequently, tenant consumption and certain joint ventures have been omitted from the presented analysis.;What led to the omission of tenant consumption and certain joint ventures from the presented analysis?;No emissions data has been included in the emissions table where Urban&Civic has an interest in property or operations, but does not have operational control
1398;We anticipate, given the items discussed, that H1 2018 net debt will be in the range of £650 to £680 million, subject to timing on asset disposals. This is then expected to reduce in the second half of the year as the first half outflows on EfW are matched with similar levels of anticipated inflows later in the year.;What prompts them to forecast that H1 2018 net debt will be in the range of £650 to £680 million?;the items discussed
1399;Historically, many of the solutions to these global problems have come from fundamental R&D carried out in the world's leading research universities and institutions. IP Group believes that this will continue to be the case and therefore the Directors feel the Group's work, of helping commercialise cutting-edge science, is of such importance.;What is the outcome of IP Group's belief that R&D by universities and institutions has historically provided solutions to global problems?;the Directors feel the Group's work, of helping commercialise cutting-edge science, is of such importance
1400;In line with the guidance provided at the 2016 full year results, the Group EBITDA margin fell from 43% in 2016 to 40% in 2017, principally due to a higher percentage contribution from lower margin parts of the business including white-label, specifically from the full year contribution from Sun Bingo;What was the impact of a higher percentage contribution from lower margin parts of the business including white-label?;In line with the guidance provided at the 2016 full year results, the Group EBITDA margin fell from 43% in 2016 to 40% in 2017
1401;In the second half, we saw order flow return to normal patterns with orders at the end of the financial year being slightly ahead of the prior year. This led to a less efficient business operation during the year, impacting margins during the period of disrupted order flow. With a good order book at the end of the year the business is in a good position to grow.;What caused the less efficient business operation during the year?;In the second half, we saw order flow return to normal patterns with orders at the end of the financial year being slightly ahead of the prior year
1402;However, the uncertainty created by discussions with major shareholders regarding the potential appointment of Mr Mike Ashley as Chairman, which ultimately did not take place, resulted in Mr Sugden agreeing to remain in his position beyond the AGM.;What caused Mr Sugden to agree to remain in his position beyond the AGM?;the uncertainty created by discussions with major shareholders regarding the potential appointment of Mr Mike Ashley as Chairman, which ultimately did not take place
1403;Revenue increased by 7% to £57.6m (2016: £53.6m) and adjusted EBITDA contracted by 6% to £10.1m (2016: £10.7m). Sales order volumes in Quantum Pharmaceutical Limited ('QPL ') increased by 6%, supported by volumes gained as a result of the acquisition of 281 Sainsbury's stores by Lloyds Pharmacy in September.;What was the reason behind the increase in volumes at Quantum Pharmaceutical Limited (QPL)?;the acquisition of 281 Sainsbury's stores by Lloyds Pharmacy in September
1404;The company's talent management model reflects Aena's commitment to diversity and, therefore, guarantees that no discrimination occurs through its principles.;What accounts for the company's talent management model, which guarantees that no discrimination occurs through its principles?;Aena's commitment to diversity
1405;43% of mortgage lending was in London and the South East (2016 – 44%). New business in this region reduced as a result of lower demand for both buy-to-let and owner-occupied properties. Average weighted loan-to-value for this region was 51% (2016 – 55%).;What factor contributed to new business in this region reducing?;lower demand for both buy-to-let and owner-occupied properties
1406;The favourable currency impact on revenue has been offset by an equivalent adverse currency impact on cost of goods, reflecting the Group's broadly natural hedge profile. Notwithstanding this impact, contribution margin % has improved, mainly due to the increase of owned brands in our product mix. The overall re-shaping of the business towards stronger growth and margins has enabled us to deliver a close to three-fold increase in underlying operating profit to £5.6m (2016: 2.0m).;What was the reason for the improvement in the contribution margin %?;the increase of owned brands in our product mix
1407;In 2017 there was an increase in the number and timing of Remuneration Committee meetings to ensure we have adequate time to completely consider market and business context for future targets. The 2018 LTIP targets were agreed closer to the sign off date of this report, thereby taking full account of the prevailing external economic environment and investors' views, which can change quickly due to market and political sentiment.;What factors contribute to the possibility of a quick change in the external economic environment and investors' views?;market and political sentiment
1408;"This compliance system is based on the principle of due control given that, a) Compliance risks are regularly analysed; b) Expected behaviours are carefully defined in the Code of Ethics, which is given to all employees; c) There is an independent prevention and compliance body that has the resources to assess the effectiveness of the model, reporting directly to the Board of Directors; d) A procedure has been put in place to anonymously and confidentially report any irregularities.";What factors lead to the compliance system being based on the principle of due control?;"Compliance risks are regularly analysed; b) Expected behaviours are carefully defined in the Code of Ethics, which is given to all employees; c) There is an independent prevention and compliance body that has the resources to assess the effectiveness of the model, reporting directly to the Board of Directors; d) A procedure has been put in place to anonymously and confidentially report any irregularities"
1409;"Here we check Adulthood, where the campaign's objective is to reduce the availability of alcohol to the underage, by encouraging retailers to request identification from younger customers; and the most recent campaign ""Alcohol. Always responsibly"" which aims at building knowledge that all alcoholic beverages contain the same substance, therefore they have the same impact and all of them should be consumed responsibly.";What are the implications of all alcoholic beverages containing the same substance?;they have the same impact and all of them should be consumed responsibly
1410;ROCE, defined as EBITA / shareholders' funds plus net debt, was 24.8 per cent for the year ended 31 December 2017, which was up 8 per cent year-on-year. This ROCE calculation excludes the impact of CPM and is therefore on a like-for-like basis.;Why is this ROCE calculation on a like-for-like basis?;This ROCE calculation excludes the impact of CPM
1411;With respect to the appointment of a new Chairman or non–executive director, the approach will be consistent with that currently adopted. Variable pay will not be considered and as such no maximum applies. With respect to non–executive directors, fees will be consistent with policy at the time of appointment.;Why does no maximum apply?;Variable pay will not be considered
1412;"Dependence on advertising STV's sales, expenses and operating results could vary from period to period as a result of a variety of factors, some of which are outside STV's control. These factors include general economic conditions; conditions specific to general advertising markets including the commercial television market; trends in sales";What factor causes STV's sales, expenses, and operating results to vary from period to period?;a variety of factors, some of which are outside STV's control
1413;The Insurance Support Services business delivered excellent top line growth, benefiting from a full year's contribution from CEGA, which secured additional business from high profile UK insurers. Overall profit was down because of our increased investment to build the capabilities of our insurance technology business, Charles Taylor InsureTech.;What caused overall profit to be down?;our increased investment to build the capabilities of our insurance technology business, Charles Taylor InsureTech
1414;Whilst the Pound trades at far lower levels than it did before the Brexit referendum, over the past 12 months it has strengthened against the major currencies to which this portfolio is exposed, and thus the overall impact of currencies was to reduce Sterling returns by almost 4%. It is not our policy to hedge currency risk and thus changes in the level of the Pound will continue to have an effect on your Company's returns.;What will be the consequence of not adopting a currency risk hedging policy?;changes in the level of the Pound will continue to have an effect on your Company's returns
1415;KPMG has been the Company's Auditor since 2006, first auditing the annual report for the period ended 31 July 2007, and therefore the audit of this annual report is its eleventh audit of the Company.;What explains why this annual report is KPMG's eleventh audit of the Company?;KPMG has been the Company's Auditor since 2006, first auditing the annual report for the period ended 31 July 2007
1416;Based on the average share price over the last quarter of 2017 of $148.21. The 2015 SAR awards are currently underwater given their strike price of $245.48 and are therefore valued at $0.;Why are 2015 SAR awards currently underwater?;their strike price of $245.48
1417;Last year, we raised our dividend by almost 10% as earnings rose due to our successful development programme.;What has caused the rise in earnings?;our successful development programme
1418;During the year we invested in a new mill-sized cardboard baler to allow us to increase the revenue earned from this waste stream. We also invested in a new general waste compactor to reduce the volume of our non-recyclable waste and therefore the number of collections.;What drove the reduction of the number of collections?;We also invested in a new general waste compactor to reduce the volume of our non-recyclable waste
1419;The change was largely due to energy efficiency initiatives implemented in our offices and training centres, optimisation of operations in Malaysia, and lower fuel consumption at our projects.;What were the reasons behind the change that took place?;energy efficiency initiatives implemented in our offices and training centres, optimisation of operations in Malaysia, and lower fuel consumption at our projects
1420;Income tax charges almost doubled to US$34.5 million in 2017 compared with US$18.3 million in 2016. The increase resulted from a substantial US$14.9 million reduction in released deferred tax, largely as a result of future tax revaluation because of the rouble's appreciation at the end of the year.;What has motivated the substantial US$14.9 million reduction in released deferred tax?;future tax revaluation because of the rouble's appreciation at the end of the year
1421;Notwithstanding the principal risks and uncertain ties described above, after making enquiries and, assessing the progress against the forecast, projections and the status of the mitigating actions referred to above, the Directors have a reasonable expectation that the Group will be able to continue in operation and meet its commitments as they fall due over the viability period ending March 2021. Accordingly, the Directors therefore support this viability statement.;What explains the Directors' support the viability statement?;the Directors have a reasonable expectation that the Group will be able to continue in operation and meet its commitments as they fall due over the viability period ending March 2021
1422;In light of our success in North America, we are now investing into local delivery resources through secondments and full time staff as well as partnerships.;What happened as a result of their success in North America?;we are now investing into local delivery resources through secondments and full time staff as well as partnerships
1423;The Euskaltel Group also bases its innovation on the creation of alliances with other technology specialists with the aim of facilitating the incorporation of technology into the services provided to customers. For this reason, it carries out various initiatives and supports universities and other organisations and companies through its business activities (Euskaltel, R and Telecable) and the Euskaltel Konekta Foundation, which supports, both financially and intellectually, the promotion of entrepreneurship and innovation research. The knowledge acquired by the Euskaltel Group through its own IoT, Big Data and RPA (Robot Process Automation) projects, as well as its network of alliances developed in recent years, have allowed it to undertake relevant projects with customers in the digital transformation area, with applications in the Pharmaceutical, Retail, Industry 4.0 and Smart Cities sectors.;What is the implication of Euskaltel Group basing its innovation on the creation of alliances with other technology specialists with the aim of facilitating the incorporation of technology into the services provided to customer?;it carries out various initiatives and supports universities and other organisations and companies through its business activities (Euskaltel, R and Telecable) and the Euskaltel Konekta Foundation, which supports, both financially and intellectually, the promotion of entrepreneurship and innovation research
1424;The board's intention continues to be to maintain or increase its normal dividend in future years. The board believes the anticipated increase in yield from its young plantations and the acquisition of Bumi Mas provide a basis for sustained future crop growth and, hence, enhanced dividends.;What are the reasons the board believes that dividends will increase?;the anticipated increase in yield from its young plantations and the acquisition of Bumi Mas provide a basis for sustained future crop growth
1425;Shortly before year end, matters changed in relation to Jupiter, when the publication of the plans for Mining Charter 3 in South Africa led to a stand-off between the Minister and the industry.;What did the publication of the plans for Mining Charter 3 in South Africa lead to?;a stand-off between the Minister and the industry
1426;Bill Seeger: Following his appointment as Interim Chief Financial Officer, Bill Seeger is no longer considered an independent non-executive director. A search for a new Chief Financial Officer is underway and the Board expects Bill Seeger's appointment to be for a short period.;What does Bill Seeger's appointment as Interim Chief Financial Officer imply?;Bill Seeger is no longer considered an independent non-executive director
1427;Towards the end of 2017 we saw a reversal in currency movements as the US dollar weakened in the fourth quarter. The rates used to translate the balance sheet are therefore different, with the US$/£ closing rate of $1.35 (December 2016: $1.24).;Why was there a reversal in currency movements towards the end of 2017?;the US dollar weakened in the fourth quarter
1428;Aktogay's Gross EBITDA (excluding special items) was $374 million in 2017 due to the commencement of sales from the sulphide plant in the first quarter and a full year's contribution from the oxide plant. Copper sales volumes increased from 14 kt in the prior year to 87 kt.;What factors contributed to Aktogay's Gross EBITDA being $374 million in 2017?;the commencement of sales from the sulphide plant in the first quarter and a full year's contribution from the oxide plant
1429;Tex Group sales increased to £42,000,000 from £41,000,000. Gross margins increased marginally as a result of the increase to prices to reflect increased costs;What is the reason why Gross margins increased marginally?;the increase to prices to reflect increased costs
1430;• We are subject to risks relating to product concentration due to the fact that we derive substantially all of our revenues from our Harpin ß and Myconate product lines and from the sale of third-party products.;For what reason are they subject to risks related to product concentration?;the fact that we derive substantially all of our revenues from our Harpin ß and Myconate product lines and from the sale of third-party products
1431;Based on their assessment and considerations, the Directors have concluded that they should continue to prepare the financial statements of the Company on a going concern basis and the financial statements have been prepared accordingly.;What happened as a result of their assessment and considerations?;the Directors have concluded that they should continue to prepare the financial statements of the Company on a going concern basis and the financial statements have been prepared accordingly
1432;The CEO's salary as a result of the increase will be £420,250 and the GFD's £328,000.;What explains the CEO's salary reaching £420,250 and the GFD's £328,000?;the increase
1433;Reduced service to customers due to poor information handling or interruption of business.;What reason caused the reduction in service to customers?;poor information handling or interruption of business
1434;As part of the evaluation process, the performance and effectiveness of the Remuneration Committee were considered, and it was agreed that the Committee continued to work effectively. In light of the Company's growth during 2017, the Committee will ensure that regular reviews of the controls framework are carried out.;What are the implications of the Company's growth during 2017?;the Committee will ensure that regular reviews of the controls framework are carried out
1435;Higher interest income, resulting from reduced minimum payments, increased the margin.;What drove the increase in the margin?;Higher interest income, resulting from reduced minimum payments
1436;Goodwill increased by £15.2m from £70.8m to £86.0m due to additions of £14.9m arising from businesses acquired in the period, the reallocation of £1.3m of assets between goodwill and intangibles (note 12) and exchange rate movements of £0.5m.;What do the £14.9m additions stem from?;businesses acquired in the period, the reallocation of £1.3m of assets between goodwill and intangibles (note 12) and exchange rate movements of £0.5m
1437;• All discoveries across these licences are expected to be brought on stream rapidly and with low incremental costs due to the proximity to existing infrastructure.;What are the consequences of proximity to existing infrastructure?;All discoveries across these licences are expected to be brought on stream rapidly and with low incremental costs
1438;Specific malus and clawback are not applied to salary. Natural clawback and malus are built in to the structure, given that shares are deferred over a long period and are subject to a number of vesting conditions which, if breached, would result in the Executive Director's salary shares fully lapsing;Why are natural clawback and malus built in to the structure?;shares are deferred over a long period and are subject to a number of vesting conditions
1439;Net finance costs in 2017 of £13.9m were £0.6m below 2016. The reduction in finance costs was largely due to lower net debt levels that triggered a more favourable interest cost on the Company's revolving credit facility.;What did lower debt levels cause?;a more favourable interest cost on the Company's revolving credit facility
1440;Recognising that women are under-represented in our workforce (see Diversity below), we implement rules for the compensation of non-unionised employees based on gender-independent salary ranges. Currently, any differences in the compensation of men and women are primarily due to different seniorities.;What is the consequence of recognizing that women are under-represented in the workforce?;we implement rules for the compensation of non-unionised employees based on gender-independent salary ranges
1441;Your Board also launched a small £4.3 million Top-up issue on 6 February 2017, which closed fully subscribed on 27 February 2017 and was well supported by existing shareholders. This resulted in the issue of 3,649,371 new Ordinary shares.;What accounts for the issue of 3,649,371 new Ordinary shares?;Your Board also launched a small £4.3 million Top-up issue on 6 February 2017, which closed fully subscribed on 27 February 2017 and was well supported by existing shareholders
1442;Cash at bank closed at $128.4 million, an increase of $32.3 million on the position at 31 December 2016. Free cash flow more than doubled as a result of increased profit, and a reduced level of working capital.;What factors drove the free cash flow more than doubling?;increased profit, and a reduced level of working capital
1443;The inability to develop technology to meet technological changes resulting in lost sales.;What are lost sales owed to?;The inability to develop technology to meet technological changes
1444;At constant exchange rates, revenue increased by 10% and adjusted operating profit rose by 6% with the Group operating margin declining from 7.1% to 6.9%. Adjusted earnings per share were up 7%. Return on average operating capital decreased from 55.9% in 2016 to 53.1% due to a lower operating margin.;What did a lower operating margin lead to?;Return on average operating capital decreased from 55.9% in 2016 to 53.1%
1445;This includes water demand (a low water demand improves concrete workability and negates the need for expensive plasticizers), mitigation of the deleterious alkali silica reaction that occurs in concrete between Portland cement and certain reactive aggregates (a cause of 'concrete cancer'), sulphate resistance and long-term strength.;What is a cause of 'concrete cancer'?;deleterious alkali silica reaction that occurs in concrete between Portland cement and certain reactive aggregates
1446;"The value of the October 2013 Bonus-Linked Shares vesting was £325,098.45 for Dave Shemmans, and £148,082.29 for Mark Garrett inclusive of an additional compensatory cash payment (Dave Shemmans: £4,468.25; Mark Garrett: £2,035.29) made because, due to a technical timing issue, these awards did not receive any benefit from the November 2016 final dividend.";What was the cause for the additional compensatory cash payments to Dave Shemmans and Mark Garrett?;these awards did not receive any benefit from the November 2016 final dividend
1447;From 2018, operating expenses will include an additional amount of around £5.0m as a result of the Group's decision to take fund research costs as charges within the Group's own income statement.;What was the reason that from 2018, operating expenses will include an additional amount of around £5.0m?;the Group's decision to take fund research costs as charges within the Group's own income statement
1448;Following Savills Investment Management's record result in 2016, the expected decrease in disposal activity from the liquidating SEB German Open Ended Funds caused revenue to decrease by 8% (11% in constant currency) to £66.5m (2016: £72.0m). This generated an underlying profit of £13.3m (2016: £17.6m).;What factor drove the 8% decline in revenue to £66.5m, down from £72.0m in 2016?;the expected decrease in disposal activity from the liquidating SEB German Open Ended Funds
1449;In the run up to and the immediate aftermath of the EU referendum, we saw a significant reduction in UK activity and thus fees and profits. While this had stabilised by November 2016, we clearly face significant potential uncertainty over the next few years.;What was the reason behind the reduction of fees and profits?;In the run up to and the immediate aftermath of the EU referendum, we saw a significant reduction in UK activity
1450;This year, in accordance with the updated GHG Protocol Scope 2 guidance we have again calculated our scope 2 emissions using the market-based method (9,408 tonnes CO 2 e). This is a reduction on last year (10,848 tonnes CO 2 e) primarily driven by a more favourable supplier fuel mix at one of our key manufacturing sites.;What were the implications of the updated GHG Protocol Scope 2 guidance?;we have again calculated our scope 2 emissions using the market-based method (9,408 tonnes CO 2 e)
1451;Increased competition has arisen due to high private and public investments in the UAE healthcare sector, as well as associated investments from new entrants and existing player partnerships.;What are the factors driving the increase in competition?;high private and public investments in the UAE healthcare sector, as well as associated investments from new entrants and existing player partnerships
1452;The primary bonus metric will be profit-based (e.g. underlying operating profit) with targets set in relation to a carefully considered business plan and requiring significant out-performance of that plan to trigger maximum payments. A minority of bonus will also be earned based on pre-set targets drawn from the Group.;What actions lead to obtaining maximum payments?;targets set in relation to a carefully considered business plan and requiring significant out-performance of that plan
1453;Response to market changes (agility): As technology and customer needs change, the typical banking model is evolving and as such, operational complexity has the potential to restrict our speed of response.;What do changes in technology and customer bring about?;the typical banking model is evolving
1454;CURRENCY RISK Affects realised sales value and therefore margins.;Why does currency risk affect margins?;CURRENCY RISK Affects realised sales value
1455;Other income comprises fund management fees, corporate finance fee income and other fees typically chargeable to the Group's portfolio companies for services including executive search and selection, legal and administrative support. Other income for the year increased to £6.1m (2016: £2.6m). The increase was largely due to the acquisition of Parkwalk Advisors in January and the resultant fund management related fees and commissions (£3.2m) which were consolidated into the Group's results for the first time.;What factors contributed to the increase in other income for the year to £6.1 million from £2.6 million in 2016?;the acquisition of Parkwalk Advisors in January and the resultant fund management related fees and commissions (£3.2m) which were consolidated into the Group's results for the first time
1456;During the course of its review of the system of internal control and the principal risks facing the Group, the Board had not identified, nor been advised of, any failings or weaknesses it determined to be significant. Therefore, a confirmation in respect of necessary actions has not been considered appropriate.;Why has a confirmation regarding necessary actions not been considered appropriate?;During the course of its review of the system of internal control and the principal risks facing the Group, the Board had not identified, nor been advised of, any failings or weaknesses it determined to be significant
1457;The Refining and Upstream business account for 84% of total water discharges. Water discharges increased by 23% from 2017 due to the increase by 23% compared to 2017 due to the increase in production of assets in Malaysia, and the increase in offshore drilling activities in 2018. The majority of the water discharged in offshore drilling is cooling water.;What are the key drivers of discharges increasing by 23% from 2017 regarding the Refining and Upstream business, which account for 84% of total water discharges?;the increase by 23% compared to 2017 due to the increase in production of assets in Malaysia, and the increase in offshore drilling activities in 2018
1458;Based on Angus's achievement the Committee determined that 100% of this award should vest.;What is the implication of Angus's achievement?;the Committee determined that 100% of this award should vest
1459;At this time, there are two Directors the Board has classified as independent – the Non-executive Chairman, Mr John Hopkins OAM and Mr Henri Bonsma. Mr Weber and Mr Luvhengo are executives of the Company and therefore not independent.;Why are Mr Weber and Mr Luvhengo not independent?;Mr Weber and Mr Luvhengo are executives of the Company
1460;We have delivered excellent performance in customer service shown by our ODI outperformance and we want to deliver the same performance in customer experience. Therefore, we have introduced a customer experience measure into our bonus.;What factors prompted the introduction of a customer experience measure into the bonus?;We have delivered excellent performance in customer service shown by our ODI outperformance and we want to deliver the same performance in customer experience
1461;$14.0 All-in sustaining cost ($/silver equivalent oz) 6.4 m Production (silver equivalent oz) Strategy in action Exploring a rich area Links to strategy. We have not conducted exploration at our high grade deposit in southern Argentina for a number of years due to the political and economic situation.;What does the political and economic situation entail?;We have not conducted exploration at our high grade deposit in southern Argentina for a number of years
1462;Under local legislation or regulation for all divisions of the group, the directors have responsibility for maintenance and projections of solvency and for assessment of capital requirements, based on risk assessments, and for establishing the level of long-term business provisions, including the adoption of appropriate assumptions.;What are the implications of local legislation or regulation for all divisions of the group?;the directors have responsibility for maintenance and projections of solvency and for assessment of capital requirements, based on risk assessments, and for establishing the level of long-term business provisions, including the adoption of appropriate assumptions
1463;The strong corporate responsibility and environmental credentials of the UUG group were recognised this year when we retained World Class rating in the Dow Jones Sustainability Index for the ninth consecutive year, an achievement we are particularly proud of in light of the ever-evolving standards.;What is the reason they are particularly proud of retaining the World Class rating in the Dow Jones Sustainability Index for the ninth consecutive year?;the ever-evolving standards
1464;As a consequence of my appointment on 2 May 2017 and, in particular, my independence on that date, this area of non-compliance no longer exists.;What factor explains that the are of non-compliance no longer exists?;my appointment on 2 May 2017 and, in particular, my independence on that date
1465;Consideration and assessment of tax matters of the Group Due to the evolving nature of tax legislation and its application in Kazakhstan and Kyrgyzstan, management is required to make judgements and estimates in relation to tax risks, the outcomes of which can be less predictable than in other jurisdictions.;What factors contributed to the need for management to make judgements and estimates in relation to tax risks for the Group?;the evolving nature of tax legislation and its application in Kazakhstan and Kyrgyzstan, management is required to make judgements and estimates in relation to tax risks, the outcomes of which can be less predictable than in other jurisdictions
1466;EBITDA margin for the year reduced by 900bp on last year to 26% (2016: 35%) mainly due to no recognition of revaluation gains in 2017 vs. 2016 and partially to a drop of 1% (2016: 3%) at the Gross operating Profit level flowing through to EBITDA.;What is the reason for the reduction of the EBITDA margin by 900 basis points on last year to 26%, compared to 35% in 2016?;no recognition of revaluation gains in 2017 vs. 2016 and partially to a drop of 1% (2016: 3%) at the Gross operating Profit level flowing through to EBITDA
1467;The Nomination Committee also considered the retirement and re-election of Directors, noting that all the current Directors, save for Paul Stockdale, had stood for election at the 2017 AGM, and therefore, only he would retire and, being eligible, would offer himself for election at the 2018 AGM.;What was the effect of all current Directors, except for Paul Stockdale, standing for election at the 2017 AGM?;only he would retire and, being eligible, would offer himself for election at the 2018 AGM
1468;Revenues grew in the period, due to increased net positive revaluations of Group Businesses of £5.5m (2016: £1.4 m). Fund management fee income in ALS of £1.7m also showed an increase (2016: £0.6m) and reflects a full year of ALS trading as it was acquired part way through 2016.;Why does fund management reflect a full year of ALS trading?;it was acquired part way through 2016
1469;The loss after tax for the year increased to $13.5 million (2016: $9.3 million), mostly as a result of two non-cash items: an exceptional finance loss of $4.0 million and an increased share-based payment charge which was partially offset by the significant reduction in EBITDA loss for the year.;What motivated the loss after tax for the year to increase to $13.5 million, compared to $9.3 million in 2016?;two non-cash items: an exceptional finance loss of $4.0 million and an increased share-based payment charge which was partially offset by the significant reduction in EBITDA loss for the year
1470;The Committee discussed the fact that, during the year to July 2017, the Directors became aware that a dividend paid in November 2015 totalling £32.4m had been made otherwise than in accordance with the Companies Act 2006, because interim accounts had not been filed at Companies House prior to payment.;What caused the dividend paid in November 2015, totaling £32.4 million, to be made otherwise than in accordance with the Companies Act 2006?;interim accounts had not been filed at Companies House prior to payment
1471;The Group's sales of copper, zinc, gold and silver concentrate are based on a provisional price and as such, contain an embedded derivative that is required to be separated from the host contract for accounting purposes.;What is the consequence of the Group's sales of copper, zinc, gold, and silver concentrate being based on a provisional price?;contain an embedded derivative that is required to be separated from the host contract for accounting purposes
1472;In 2017, a significant amount of non-audit fees were incurred primarily related to reporting accountant services associated with the combination with Trefoil Holdings B.V. that required specific public and private reporting and due diligence associated with that reporting owing to the reverse nature of the transaction.;What causes the need of specific public and private reporting and due diligence associated with that reporting?;the reverse nature of the transaction
1473;Health and safety of employees Due to the operations of the Company, which are carried out under potentially hazardous conditions, there exists the possibility of accidents and fatalities. The occurrence of any such accidents could delay production and/or result in material liability to the Company.;What is the reason for the possibility of accidents and fatalities?;the operations of the Company, which are carried out under potentially hazardous conditions
1474;The tax charge for the year decreased by £4.3 million, or 35.0%, from £12.3 million in 2016 to £8.0 million in 2017, largely due to an increase in the deferred tax asset recognised for US trading losses. Excluding the impact of exceptional costs in the year of £15.4 million, the effective tax rate is 15.4%. This is higher than originally expected due to the impact of the enacting in December 2017 of a lower US corporate tax rate of 21% compared to the previous rate of 35%.;What explains why the tax rate is 15.4%, which is higher than originally expected?;the impact of the enacting in December 2017 of a lower US corporate tax rate of 21% compared to the previous rate of 35%
1475;"Administrative expenses (""G&A"") continued to be under strict control. Ukrainian G&A remained flat as staff were compensated for the loss of earning power due to the devaluation of local currency and the overall G&A went down from $5.6 million in 2016 to $5.0 million in 2017.";What drove the staff compensation for the loss of earning power?;the devaluation of local currency
1476;Net underlying financial expenses of £4.8m (2016: £5.9m) decreased again over the previous year due to the effects of the share placement monies and the new banking facilities, though there were additional finance leases taken out on new home vehicles during the year.;What are the reasons net underlying financial expenses of £4.8m have decreased again over the previous year?;the effects of the share placement monies and the new banking facilities
1477;Expenses and income Total administrative expenses increased to £21.9m before exceptional items and £53.4m after exceptional items (2016: £17.4m before/£20.2m after exceptional items). £1.6m of this increase before exceptional items was due to a change in methodology used in the amortisation of intangible assets.;What has motivated the £1.6 million increase before exceptional items?;a change in methodology used in the amortisation of intangible assets
1478;A lengthy recruitment process resulted from the Board's requirement for an extensive list of candidates to satisfy its focus on gender and ethnicity. Consequently, all shortlists derived from the search and nomination process for new board members were balanced in terms of age, gender, skills, and experience.;What accounts for a lengthy recruitment process?;the Board's requirement for an extensive list of candidates to satisfy its focus on gender and ethnicity
1479;Investment capital is mainly comprised of investment grade corporate bonds, government and government- guaranteed bonds and our funds. Investment capital reduced by £216 million to £843 million (2016: £1,059 million). This reduction was largely due to acquisitions which more than offset investment gains during the year.;What was the impact of acquisitions?;Investment capital reduced by £216 million to £843 million (2016: £1,059 million)
1480;– The Group's approach to recruitment and retention provides for the payment of competitive compensation packages, well defined career plans and training and development opportunities Due to increased investment in the sector, turnover in 2017 was slightly higher than in previous years but not to a material extent.;What did the increased investment in the sector entail?;turnover in 2017 was slightly higher than in previous years but not to a material extent
1481;In fact, we are already leaders in innovation. Because of the merge with Zodiac, Fluidra has significantly strengthened its worldwide R&D organization. We have a team of more than 200 full-time engineers working exclusively on developing new products and processes. Thanks to them, we own more than 1,000 patents on a broad range of products, in addition to growing our solid portfolio of new products – more than 120 of which are under development – and leading the sector of connected products or devices, with nearly 200,000 connected swimming pools worldwide.;What is the impact of our team of engineers that focus on product and process developing?;we own more than 1,000 patents on a broad range of products, in addition to growing our solid portfolio of new products – more than 120 of which are under development – and leading the sector of connected products or devices, with nearly 200,000 connected swimming pools worldwide
1482;As a result of the Company's good performance as measured by its NAV total return, a performance fee of £1,018,000 has been earned by the Manager for the year. Further details of the management agreement, including fees, can be found in the annual financial report.;What was the consequence of the Company's good performance as measured by its NAV total return?;a performance fee of £1,018,000 has been earned by the Manager for the year
1483;The International division's organic operating profit declined by 12.9% at constant exchange rates, reflecting the headwinds from the unrecovered costs due to the industry‑wide grounding of Airbus EC225 helicopters, continued margin pressure in the oil and gas sector on contract renewals, and competitive pressures in the South African equipment business.;What factors are accountable for the 12.9% decline in the International division's organic operating profit at constant exchange rates, reflecting headwinds from unrecovered costs?;the industry‑wide grounding of Airbus EC225 helicopters, continued margin pressure in the oil and gas sector on contract renewals, and competitive pressures in the South African equipment business
1484;"Taking into account this feedback from shareholders, the Committee has increased the weighting of the EPS measure and reduced the weighting of the adjusted operating profit measure, whilst keeping the total percentage of the bonus based on profit measures the same as last year (85%). The Committee has also determined that the Group employee retention measure is no longer as relevant to measuring the success of the business and it will therefore not be used as a measure for the 2017/18 ABP. Instead, there will be an increased weighting on working capital management, which remains a focus for management. The Committee is aware of the current trend of a ""simplification"" of incentive arrangements in the UK listed environment. These changes reduce the number of performance measures used (from four to three), therefore simplifying the arrangements in place at Volution. The performance measures and weightings for the year ended 31 July 2018 will therefore become adjusted operating profit (35%), adjusted EPS (50%) and working capital management (15%). The targets set for the year ended 31 July 2018 will be disclosed in the next Annual Report on Remuneration, unless they remain commercially sensitive.";Why was the Group employee retention measure not used as a measure for the 2017/18 ABP?;The Committee has also determined that the Group employee retention measure is no longer as relevant to measuring the success of the business
1485;Other interests in joint ventures and associates total £17.0 million, up £13.7 million from last year, predominantly as a result of acquiring a one‑third partnership stake in a 400‑acre (162.3‑hectare) site at Wintringham Park, St Neots, Cambridgeshire, for £13.3 million.;What caused other interests in joint ventures and associates to total £17.0 million, an increase of £13.7 million from last year?;acquiring a one‑third partnership stake in a 400‑acre (162.3‑hectare) site at Wintringham Park, St Neots, Cambridgeshire, for £13.3 million
1486;Stronger producer country currencies had the effect of reducing underlying EBITDA by $0.7 billion, mainly owing to a 9% strengthening of the South African rand and a 4% strengthening of the Chilean peso against the dollar.;What factor contributed to reducing underlying EBITDA?;Stronger producer country currencies
1487;Other expenses at €4.7 million were €3.2 million lower than in 2016 mainly due to the €4.3 million cost of cancelling the polysilicon purchase contract, where the Group forfeited a significant portion of its outstanding prepayment in 2016. Partly offsetting this were higher legal costs in 2017 due to pursuing the arbitration award.;What do the higher legal costs in 2017 stem from?;pursuing the arbitration award
1488;Given the Group is currently trading below our target range for the net debt to underlying EBITDA ratio, the Board considered the Group's capital structure and capital allocation priorities with a view to a return of surplus cash to shareholders.;What was the reason the Group is currently trading below the target range for the net debt to underlying EBITDA ratio?;the Board considered the Group's capital structure and capital allocation priorities with a view to a return of surplus cash to shareholders
1489;The annual bonus targets were set to focus management on the growth of the business in line with our strategy and on improving operational efficiency to improve returns to shareholders. As disclosed to shareholders in last year's report, during 2016 the Board took the strategic decision to re-phase a number of sites, which included sites that are now to be built out, rather than sold. This had the effect of deferring £5m of profit in relation to those sites from 2016 to 2017. The Board believed that this change was in the best interests of shareholders.;What drove the £5m deferral of profit regarding those sites from 2016 to 2017?;during 2016 the Board took the strategic decision to re-phase a number of sites, which included sites that are now to be built out, rather than sold
1490;We expect to deploy Capex at a typical rate of approximately £15-25 million per annum. The depth of opportunities across the portfolio enables us to focus investment on those with the strongest impact and thereby provides flexibility, allowing us to respond dynamically to any changes in occupier demand;What allows them to respond dynamically to any changes in occupier demand?;flexibility
1491;The forward-looking statements contained in this Annual Report speak only as of the date of publication of this Annual Report and the Group therefore cautions readers not to place undue reliance on any forward-looking statements.;Why is the Group recommending that readers not place undue reliance on any forward-looking statements?;The forward-looking statements contained in this Annual Report speak only as of the date of publication of this Annual Report
1492;The majority of the Group's trading is conducted outside of the UK and in currencies other than sterling. Consequently, its financial performance is affected by fluctuations in foreign exchange rates, particularly as a result of changes in the relative values of the US dollar, Canadian dollar;What is the effect of the majority of the Group's trading being conducted outside of the UK and in currencies other than sterling?;its financial performance is affected by fluctuations in foreign exchange rates
1493;In addition, future interest charges will also increase as the interest rate swap became ineffective at the end of 2017, as forecast drawdowns will no longer be met as we seek to deleverage the business.;What was the effect of forecast drawdowns no longer being met as we seek to deleverage the business?;the interest rate swap became ineffective at the end of 2017
1494;• Europe and North America (ENA) momentum underpinned by volume and margin improvement: – Underlying operating profit at £117.1m increased 25.5% (2016: £93.3m) due to volume and margin growth, the acquisition of Oxo Belgium ('Speciality Additives') and foreign currency translation gains.;What caused the underlying operating profit to increase by 25.5% to £117.1 million, compared to £93.3 million in 2016?;volume and margin growth, the acquisition of Oxo Belgium ('Speciality Additives') and foreign currency translation gains
1495;The surrounding communities do not provide their support or hinder operations (social license for operation) due to community complaints regarding operations e.g. dust, blasting vibrations, noise, pollution and water use.;What factors lead to the surrounding communities not providing their support or hindering operations?;community complaints regarding operations e.g. dust, blasting vibrations, noise, pollution and water use
1496;There is a risk that the financial statements as a whole are not free from material misstatement due to the risk of management override of controls whether caused by fraud or error.;Why is there a risk that the financial statements as a whole are not free from material misstatement?;the risk of management override of controls whether caused by fraud or error
1497;"The Group recorded a credit for taxation in the year of £7.8m (2016: £3.6m charge) and its first current year tax charge since re-listing of £1.5m (2016: £nil). The movements were as a result of: the execution of a contract giving greater certainty of tax loss utilisation; and the disposals, valuation movements and re-categorisation of property.";What factors contributed to the financial movements of the Group?;"the execution of a contract giving greater certainty of tax loss utilisation; and the disposals, valuation movements and re-categorisation of property"
1498;2017 was a year of material change for Sportech and 2018 is shaping up to be one of significant opportunity. Global recurring service revenues in our B2B businesses provide a clear indication of growth resulting from several years of technology and operational investment. New contracts and sales opportunities in the 2018 pipeline speak to the efficacy of our technology and business strategy.;What does the clear indication of growth provided by their global recurring service revenues in the B2B businesses arise from?;several years of technology and operational investment
1499;The majority of the Group's trading is conducted outside of the UK and in currencies other than sterling. Consequently, its financial performance is affected by fluctuations in foreign exchange rates, particularly as a result of changes in the relative values of the US dollar, Canadian dollar;What reason explain why financial performance is particularly affected by fluctuations in foreign exchange rates?;changes in the relative values of the US dollar, Canadian dollar
1500;Special Initiatives funding also fell by £1.0m compared to 2015/16 mainly due to the HEFCE Funded Postgraduate Support Scheme coming to an end.;What is the main reason for the £1.0m fall in Special Initiatives funding compared to 2015/16?;the HEFCE Funded Postgraduate Support Scheme coming to an end
1501;The main causes of turnover include organisational restructuring and personal and professional improvements.;What are the main factors of replacing staff?;organisational restructuring and personal and professional improvements
1502;• No comparable peer group, certainly in the UK, for the purposes of benchmarking Director performance. As a result, our incentive plans have been based on absolute performance rather than performance relative to other companies. A relative measure in relation to the VCP whereby the rewards for the holders of 2016 awards (granted in 2017) will only be earned should the Company's share price performance match or exceed the performance of the FTSE 350 All Mining Index.;What have been the consequences of the absence of a comparable peer group in the UK to benchmark Director performance?;our incentive plans have been based on absolute performance rather than performance relative to other companies
1503;This risk map, with the risks covered being aligned with the strategy defined by the company, covering various time horizons and with its list of indicators for periodic monitoring, is presented to the governing bodies by the senior management responsible for risk management. Additionally, faced with the increased interest in management and control of the risks that the company is exposed to and given the complexity that such identification takes on from an overall perspective, the participation of employees at all levels in this process is important. Hence, a risk mailbox has been created where employees can contribute to identifying market risks and propose mitigation measures, thus complementing the top-down systems of management and control of existing risks and the mailboxes and specific procedures for sending communications related to ethical breaches, criminal risks and occupational health and safety.;What did the importance of the participation of employees at all levels in this process due to the increased interest in management and control of the risks that the company is exposed to and because of the complexity that such identification takes on from an overall perspective bring about?;a risk mailbox has been created where employees can contribute to identifying market risks and propose mitigation measures, thus complementing the top-down systems of management and control of existing risks and the mailboxes and specific procedures for sending communications related to ethical breaches, criminal risks and occupational health and safety
1504;In March 2013, the Remuneration Committee of the Board undertook a full-scale review of the Company's long-term incentive provision to ensure there are appropriate long-term equity incentives in place for the Company's key executives. In light of changing circumstances, the policy has been considered each year and updated accordingly.;What have been the consequences of changing circumstances?;the policy has been considered each year and updated accordingly
1505;Total current assets decreased to US$118.4 million (2016: US$ 125.7 million), with cash decreasing primarily as a result of the dividend payments and the purchase of own shares. Current liabilities increased to US$25.1 million (2016: US$ 11.7 million) mainly due to the merchant processing liabilities of US$11.0 million;What was the impact of the merchant processing liabilities of US$11.0 million?;Current liabilities increased to US$25.1 million (2016: US$ 11.7 million)
1506;Net finance costs in 2017 of £13.9m were £0.6m below 2016. The reduction in finance costs was largely due to lower net debt levels that triggered a more favourable interest cost on the Company's revolving credit facility.;What factor largely led to the reduction in finance costs?;lower net debt levels
1507;FTSE Russell revenue increased by 15%, with performance in line with the Group's announced double-digit growth target for FTSE Russell revenue. This performance was driven by increases in AUM levels in benchmarked ETFs and other investable products, as well as strong subscription renewal rates and data sales.;What factors contributed to the Group's performance being in line with the double-digit growth target for FTSE Russell revenue, which increased by 15%?;increases in AUM levels in benchmarked ETFs and other investable products, as well as strong subscription renewal rates and data sales
1508;HSBC Holdings is also subject to contingent liquidity risk by virtue of credit-related commitments and guarantees and similar contracts issued relating to its subsidiaries. Such commitments and guarantees are only issued after due consideration of HSBC Holdings' ability to finance the commitments;What causes HSBC Holdings is also subject to contingent liquidity risk?;credit-related commitments and guarantees and similar contracts issued relating to its subsidiaries
1509;There is no separate Audit, Remuneration or Nomination Committee as the Board considers that, given its current size, all members of the Board should participate in those roles and responsibilities normally reserved for such committees. Therefore, the full Board of Directors provides a forum for reporting.;Why is there no separate Audit, Remuneration or Nomination Committee?;the Board considers that, given its current size, all members of the Board should participate in those roles and responsibilities normally reserved for such committees
1510;The Board is required to consider and satisfy itself on an annual basis on the competence, qualifications and experience of the Company Secretary (as a consequence of the Company's JSE listing).;What are the implications of the Company's JSE listing?;The Board is required to consider and satisfy itself on an annual basis on the competence, qualifications and experience of the Company Secretary
1511;The Group presents, at both the Group level as well as the business unit level, the real changes in the income statement as well as the changes excluding the exchange rate effect, as it considers the latter facilitates analysis, since it enables businesses movements to be identified without taking into account the impact of converting each local currency into euros.;Why does the Group present not only the real changes in the income statement but the changes excluding the exchange rate effect as well?;it considers the latter facilitates analysis, since it enables businesses movements to be identified without taking into account the impact of converting each local currency into euros
1512;Additionally, we provide certain forward-looking non-GAAP financial Information, which management uses for planning and measuring performance. We are not able to reconcile forward looking non-GAAP measures to reported measures without unreasonable efforts because it is not possible to predict with a reasonable degree of certainty the actual impact of future events.;What is the consequence of not being able to predict the actual impact of future events with a reasonable degree of certainty?;We are not able to reconcile forward looking non-GAAP measures to reported measures without unreasonable efforts
1513;Increase in total employee pay due to an overall increase in headcount in addition to salary increases for existing employees during the year.;What is the reason for the increase in total employee pay?;an overall increase in headcount in addition to salary increases for existing employees during the year
1514;The final outcome under this strategic element is based on a weighted average of performance across all of our markets utilising a range of metrics. Despite the difficulty in condensing such a variety of outputs, it is recognised that greater insight into outcomes under this measure is desired by shareholders. The Committee has therefore sought to provide details in a manner which is both succinct and useful to our stakeholders.;What drives the Committee's intention to provide succinct and useful details to their stakeholders?;Despite the difficulty in condensing such a variety of outputs, it is recognised that greater insight into outcomes under this measure is desired by shareholders
1515;These risks are continually monitored. The Board has critically reassessed the risks we face in light of the Group's progress on its STEP 2020 Strategic Plan coupled with the volatility in our end markets.;What was the reason for the Board's critical reassessment of the risks faced?;the Group's progress on its STEP 2020 Strategic Plan coupled with the volatility in our end markets
1516;Measures are expected to change from cycle to cycle (subject to the remuneration policy), and details of the bonus and LTIP measures selected will therefore be disclosed in the relevant Annual report on remuneration.;What drives the disclosure of the details of bonus and LTIP measures in the relevant Annual Report on Remuneration?;Measures are expected to change from cycle to cycle (subject to the remuneration policy)
1517;Conduct risk Customer outcomes Risk appetite Zero/Low. The risk that clients or the wider market suffer detriment as a result of inappropriate behaviour or actions by staff or business partners.;What motivated the risk of clients or the wider market suffering detriment?;inappropriate behaviour or actions by staff or business partners
1518;Leasing activity processes streamlined across the entire business. Insurance reinstatement valuations being carried out in 2017. EPC assessment carried out on all assets during the year in light of new regulations.;What factor led to the EPC assessment being carried out on all assets during the year?;new regulations
1519;Sweden: The Swedish division has reported another solid EcV return in the year. Underlying operating earnings of £15.3m were underpinned by strong new business performance, owing to transfer volumes and increased average policy premiums. This was partially offset by a non-recurring adverse movement in future charge assumptions;What have transfer volumes and increased average policy premiums led to?;Underlying operating earnings of £15.3m were underpinned by strong new business performance
1520;It is considered appropriate that no aspect of Directors' remuneration should be performance related in light of the Directors' Non- Executive status, and Directors are not eligible for bonuses or other benefits. The Company's policy is to pay the Directors monthly in arrears, to the Directors personally (or to a;What is the impact of the Directors' Non- Executive status?;It is considered appropriate that no aspect of Directors' remuneration should be performance related
1521;3. M D Dwyer – appointed to the Board on 19th October 2015 so last year's salary was only for a partial year. In addition, he received a salary increase of 7% as of 1st January 2016, therefore 12 months at the increased salary this year;Why was last year's salary only for a partial year?;M D Dwyer – appointed to the Board on 19th October 2015
1522;This approach will be used for 3 years starting from 2019. Thus, 2019-2021 performance will be measured in 2022, 2020-2022 performance will be measured in 2023 and 2021-2023 performance will be measured in 2024. Given the fact that the first performance period under the LTIP will start only in 2019, the exact performance conditions will be defined closer to this date.;What is the reason for defining the exact performance conditions closer to the date?;the first performance period under the LTIP will start only in 2019
1523;Operational risk RWAs are calculated using the standardised approach and increased by £105 million. The increase is due to a higher three year average operating income.;What is the reason for the increase?;a higher three year average operating income
1524;Activities in the year ended 31 March 2017. During the year the Committee undertook the following activities: • reviewed financial year reporting matters and disclosures • reviewed the structure, size and composition of the Board and Committees in light of the external evaluation results.;What factor facilitated the review of the structure, size and composition of the Board and Committees?;the external evaluation results
1525;For example, since 2009, generic versions of ADDERALL XR have been marketed in the United States, since 2014, generic versions of INTUNIV have been marketed in the United States and since the third quarter of 2017, generic versions of LIALDA and FOSRENOL have been marketed in the United States. As a result, product sales of ADDERALL XR, INTUNIV, LIALDA and FOSRENOL declined.;What factors drove the decline in product sales of ADDERALL XR, INTUNIV, LIALDA and FOSRENOL?;since 2009, generic versions of ADDERALL XR have been marketed in the United States, since 2014, generic versions of INTUNIV have been marketed in the United States and since the third quarter of 2017, generic versions of LIALDA and FOSRENOL have been marketed in the United States
1526;Setting base salaries for Executive Directors and members of the Executive Committee at an appropriate level is a key to managerial retention in Mexico. Therefore, the Remuneration Committee seeks to ensure that salaries are market competitive both within the Mexican context and internationally for comparable companies.;Why does the Remuneration Committee seek to ensure that salaries are market competitive both within the Mexican context and internationally for comparable companies?;Setting base salaries for Executive Directors and members of the Executive Committee at an appropriate level is a key to managerial retention in Mexico
1527;Non trading book interest-rate risk Interest rate risk arises from either less interest being earned or more being paid on interest bearing assets and liabilities due to a change in the relevant floating rate.;In interest rate risk, what leads to the increase on interest bearing assets and liabilities?;a change in the relevant floating rate
1528;Used as the main financial measure under the PSP RONOA Is a key measure of the efficiency and utilisation of the assets used by the Group to generate profits. This is a vital measure of our operational management due to the decentralised structure of the Group.;What factor explains that RONOA a vital measure of operational management for the Group?;the decentralised structure of the Group
1529;The Company's investments are generally in private companies in which there is no listed market and therefore such investment would take time to realise and there is no assurance that the valuations placed on the investments would be achieved from any such sale process.;What are the implications of the Company's investments being generally in private companies with no listed market?;such investment would take time to realise and there is no assurance that the valuations placed on the investments would be achieved from any such sale process
1530;The Board discussed a number of issues arising from the UK's vote to leave the European Union in June 2016. We are closely following developments arising as a result of the UK's decision to leave the European Union.;What is the reason they are closely following developments?;the UK's decision to leave the European Union
1531;In July 2016, the actions of a third party led to the contamination of water supplies in Thorne, near Doncaster. Thanks to the efforts of our field team, supplies were quickly returned to normal, with immediate action taken to protect customer safety.;What caused the contamination of water supplies in Thorne, near Doncaster, in July 2016?;the actions of a third party
1532;Cash and cash equivalents (note 4.2), trade and other receivables (note 3.5), and trade and other payables (note 3.6) generally have a short time in which to mature. For this reason their carrying values, on the historical cost basis, approximate to their fair value.;What is the implication of cash and cash equivalents, trade and other receivables, and trade and other payables generally having a short time to mature?;their carrying values, on the historical cost basis, approximate to their fair value
1533;The majority of structured equity redemptions during the year – and in transition at the year-end – relate to clients repositioning their exposures, due to equity market performance or changes in the underlying asset portfolios.;What did equity market performance or changes in the underlying asset portfolios result in?;The majority of structured equity redemptions during the year – and in transition at the year-end – relate to clients repositioning their exposures
1534;As a result of two key customers delaying the delivery of product from existing orders, Kent Periscopes did not reach its threshold for the first tranche of its earn-out to be triggered.;What were the consequences of the delay in the delivery of products from existing orders by two customers?;Kent Periscopes did not reach its threshold for the first tranche of its earn-out to be triggered
1535;The number of prepayment meters we installed during the year, many of which were provided at the Member's own request, fell to 5,357 (2016: 6,775), partly due to delays in fitting prepayment meters following service level issues with one of our meter operators ('MOPs');What contributed to the decrease in the number of prepayment meters installed during the year, falling to 5,357 from 6,775 in 2016?;delays in fitting prepayment meters following service level issues with one of our meter operators ('MOPs')
1536;Two visits were made to Rio Negro, to review geology and drill core at the Calcatreu project. There appears to be good potential to increase the resource at the project due to the limited level of exploration completed to date.;What accounts for the apparent good potential to increase the resource at the Calcatreu project?;the limited level of exploration completed to date
1537;The cost of guarantees increased to $696m (2016: $625m) primarily due to the impact of modelling changes. For unit-linked contracts, market risk is substantially borne by the policyholder, but some market risk exposure typically remains, as fees earned are related to the market value of the linked assets.;What caused the cost of guarantees to increase to $696 million in 2017 from $625 million in 2016?;the impact of modelling changes
1538;Maximum bonus payments are made only on the achievement of outstanding performance. Performance targets are set at the start of the financial year and the level of bonus paid is determined by the Committee after the year end based on performance against target.;What factors determine the level of bonus payments?;performance against target
1539;Basic earnings per share from continuing operations were 14.0 pence. In FY16, the calculation of earnings per share was affected by the change in the number of shares in issue as a result of the IPO.;What was the reason for the change in the number of shares in issue?;the IPO
1540;(9) Mt Arthur Coal – The Total Marketable Coal Reserves decreased due to an updated reserves model with a revised reserve footprint. The increase in Reserve Life was due to a decrease in nominated production rate from 32Mtpa to 28Mtpa.;What is the reason behind the increase in Reserve Life?;a decrease in nominated production rate from 32Mtpa to 28Mtpa
1541;Unrelieved trading losses of £1.1m, across the US and the UK, remain available to offset against future taxable trading profits. This number excludes substantial carried-forward losses not recognised for deferred tax purposes to date, owing to adoption of a prudent loss recognition position.;What is the reason this number excludes substantial carried-forward losses not recognized for deferred tax purposes to date?;adoption of a prudent loss recognition position
1542;The mix of metals sold decreased revenue by $38 million mainly due to the higher proportion of Ruthenium sold in 2017 as a result of a one-off stock release following a change in the refining process.;What is the reason that the mix of metals sold decreased revenue by $38 million?;the higher proportion of Ruthenium sold in 2017
1543;"Total water consumption per tonne of production decreased 4.5% in 2017, with most of the improvement due to a reduction in ""once through"" cooling requirements on two German sites and reduced losses due to a replacement reactor in the Middle East.";What drove the reduction in losses?;a replacement reactor in the Middle East
1544;Note: Prior to and as part of the demerger on 3 November 2016, dividends totalling £85.8m were paid to esure Group plc in 2016. However, there were no distributions to individual shareholders by way of dividend or share buyback in 2016 and therefore this information has not been included;Why has that information not been included?;there were no distributions to individual shareholders by way of dividend or share buyback in 2016
1545;The new regulation represents a challenge not only from a regulatory point of view but also strategically, given that it requires the professionalisation of investment services and introduces significant changes to the structure of revenue arising from the provision of them. In 2018, the adaptation to MiFID II, MIFIR and PRIIPs has become a priority and the Regulatory Compliance area advised the Group on the adaptation work and on the analysis and decisions that need to be adopted as a result of European regulatory changes and their transposition into Spanish law.;Why does the new regulation respresents a regulatory and strategical challenge?;it requires the professionalisation of investment services and introduces significant changes to the structure of revenue arising from the provision of them
1546;It remains the intent ion of the Group to generate income returns for investors in the future as part of a progressive and commercially prudent dividend policy. However, due to the continued expansion opportunities presented by the sector, the Directors do not propose a final dividend in 2017.;What was the reason the directors did not propose a final dividend for 2017?;the continued expansion opportunities presented by the sector
1547;Amortisation charges decreased from £1.4 million to £1.2 million due to certain intangible assets recognised on the acquisition of The Gym Limited becoming fully amortised. This is offset by three months of amortisation on new intangibles recognised on the Lifestyle acquisition during the year.;What caused amortisation charges decreasing from £1.4 million to £1.2 million?;certain intangible assets recognised on the acquisition of The Gym Limited becoming fully amortised
1548;Portfolio performance remained steady reflecting the continuing low base rate environment and stable economic conditions. The non-performing proportion of outstanding balances decreased due to an improved performance and a reduction in repossession stock. The recovery book impairment coverage ratio increased driven by a reduction in the number of customers.;What caused the recovery book impairment coverage ratio to increase?;a reduction in the number of customers
1549;5 The maximum opportunity for 'single figure' purposes is 200% of salary. 50% of bonus is deferred in shares which vest subject to performance and are therefore defined as a long term incentive.;Why are shares defined as a long term incentive?;50% of bonus is deferred in shares which vest subject to performance
1550;Profit before tax including the Group's share of joint ventures has increased to a record high of £34.1 million from £32.2 million and to £34.6 million excluding the Group's share of joint ventures (2016: £32.3 million). The Board expects the year to 31 March 2018 to show significant growth in pre-tax profits and again in the following year. A large proportion of this growth is already visible due to the scale of the development pipeline and the Group's substantial forward sold position.;What was the reason for a large proportion of the expected growth to be already visible?;the scale of the development pipeline and the Group's substantial forward sold position
1551;As a result of the scale of the restatements to the comparative numbers and the qualification of the audit report on the 2016 income statement, we have not sought to comment on comparative trading figures. The forensic review identified a number of process and control failings which required prompt rectification action.;What factors drove the decision not to seek commentary on comparative trading figures?;the scale of the restatements to the comparative numbers and the qualification of the audit report on the 2016 income statement
1552;For the year ended 30 September 2017, no awards under the Company's 2009 Long Term Incentive Plan vested for executive Directors. In addition, no executive Directors exercised any nil-cost options. Therefore there are no gains made by the Directors for 2017 compared to 2016 gains of £45,038.;What does the fact that no executive Directors exercised any nil-cost options translate to?;there are no gains made by the Directors for 2017 compared to 2016 gains of £45,038
1553;The savings generated under the FutureFit programme enable the growth in revenue to be delivered with only a modest increase in the cost base. Other operating expenses before exceptional items were £120.1m, up 2.9% from £116.7m in the prior year. The increase is principally due to higher rewards and bonuses for employees.;What do the savings generated under the FutureFit programme make possible?;the growth in revenue to be delivered with only a modest increase in the cost base
1554;Philip Grant Head teacher at the One In A Million Free School in Bradford Provident Community case study I have more energy to work and play because I get my breakfast at school.;What is the reason for them having more energy to work and play?;I get my breakfast at school
1555;The cash flow target remains unchanged from the prior year as the growth in the business has been offset by the negative impact on cash flow of disposals and foreign exchange movements. The target range therefore remains of a similar level of stretch to that in prior years.;Why does the target range remain of a similar level of stretch to that in prior years?;The cash flow target remains unchanged from the prior year as the growth in the business has been offset by the negative impact on cash flow of disposals and foreign exchange movements
1556;Despite some recent improvements, the Ukrainian banking sector remains weakly capitalised and so the risks associated with the banks in Ukraine remain significant, including in relation to the banks with which the Group operates bank accounts. As a consequence, the Group also maintains a significant proportion of its cash holdings in international banks outside Ukraine.;Why does the Group maintain a significant proportion of its cash holdings in international banks outside Ukraine?;Despite some recent improvements, the Ukrainian banking sector remains weakly capitalised and so the risks associated with the banks in Ukraine remain significant, including in relation to the banks with which the Group operates bank accounts
1557;The consolidated Group companies' legal and contractual obligations to certain of their employees in relation to supplementary retirement and death benefits are met through premiums under defined benefit plans to external funds deposited, or in the process of being externalised, at independent insurance companies. The contributions made in 2018 for various groups of employees amounted to EUR 8,543 thousand (2017: EUR 6,777 thousand). The impact of these obligations on the consolidated statement of profit or loss for 2018 amounted to EUR 3,308 thousand (2017: EUR 4,085 thousand) with a charge to “Staff costs”. In 2018 a net actuarial loss of EUR 2,403 thousand arising from changes in the actuarial assumptions was recognised directly in equity (2017: a net actuarial loss of EUR 5,525 thousand).;What factors led to a net actuarial loss of EUR 2,403 thousand being recognised directly in equity in 2018?;changes in the actuarial assumptions
1558;Throughout the Strategic Report, and consistent with prior years, underlying and other alternative performance measures are used to describe the Group's performance. These are not recognised under IFRS or other generally accepted accounting principles (GAAP). The Executive Board of the Group manages and assesses the performance of the business on these measures and believes they are more representative of ongoing trading, facilitate meaningful year on year comparisons and hence provide more useful information to shareholders.;Why does the executive group believe that these measures offer more valuable information to shareholders?;The Executive Board of the Group manages and assesses the performance of the business on these measures and believes they are more representative of ongoing trading, facilitate meaningful year on year comparisons
1559;"Sales growth from new stores continues to be important; however, we expect the rate of growth from new stores to gradually reduce as the chain approaches maturity over the next several years.";What is the reason for expecting the rate of growth from new stores to gradually reduce?;the chain approaches maturity over the next several years
1560;The Nationwide Foundation increases the availability of decent affordable homes for people in housing need, thus alleviating social and economic disadvantage in the UK. In 2016/17 the Nationwide Foundation received a donation of £2.8 million from Nationwide Building Society and funded 26 charitable causes.;Why does it alleviate social and economic disadvantage in the UK?;The Nationwide Foundation increases the availability of decent affordable homes for people in housing need
1561;Non-financial risks cannot be assessed readily in financial terms and, therefore, cannot be reflected reliably in the financial statements.;What is the reason non-financial risks cannot be reliably reflected in the financial statements?;Non-financial risks cannot be assessed readily in financial terms
1562;In addition, the Group also provided analysis for two further reporting segments: 'Discontinued Operations' and 'All Other Segments'. As a result of the Drycleaning disposal, the Committee considered whether it remained appropriate to continue reporting under the remaining segments.;What was the outcome of the Drycleaning disposal?;the Committee considered whether it remained appropriate to continue reporting under the remaining segments
1563;We expect the Group's underlying profit for the first half of 2017/18 to be lower than in the second half of 2017/18 as a result of: the consolidation of the Argos operating loss in the first half, the annualization of the 2016/17 price investment, and the step-up in cost inflation from the second half of 2016/17.;What factors prompted the Group's expected underlying profit for the first half of 2017/2018 to be lower than in the second half of the same year?;the consolidation of the Argos operating loss in the first half, the annualization of the 2016/17 price investment, and the step-up in cost inflation from the second half of 2016/17
1564;Acinetobacter baumannii infections have become increasingly difficult to treat because of the emergence of strains that are resistant to all drugs.;What do the increasing difficulties in treating Acinetobacter baumannii infections arise from?;the emergence of strains that are resistant to all drugs
1565;• Our business in South Africa has made donations to The Hope Factory, a charity that utilises enterprise development to dramatically impact and improve the lives of previously disadvantaged unemployed South Africans, by providing them with an opportunity to be trained and empowered and thus become financially productive.;What action taken by The Hope Factory contributed to dramatically impact and improve the lives of previously disadvantaged unemployed South Africans?;providing them with an opportunity to be trained and empowered
1566;Tuzistra XR has been available to patients in the US market for two cough cold seasons. During 2016/17 we markedly strengthened its position with payers, pharmacies, physicians and patients. As a result, we increased pharmacy stocking.;What action helped increasing pharmacy stocking?;During 2016/17 we markedly strengthened its position with payers, pharmacies, physicians and patients
1567;Investments in unlisted equity securities, by their nature, involve a higher degree of valuation and performance uncertainties and liquidity risks than investments in listed securities and therefore may be more difficult to realise.;What factor explains why investments in unlisted equity securities involve higher degrees of valuation and performance uncertainties and liquidity risks compared to investments in listed securities?;their nature
1568;Having undertaken a review of the effectiveness of KPMG in fulfilling the internal audit function, the Committee is satisfied that the quality, experience and expertise of KPMG meets the Company's requirements, and KPMG has therefore been reappointed to provide internal audit services for the Group in 2018.;What does KPMG's reappointment to provide internal audit services for the Group in 2018 stem from?;the Committee is satisfied that the quality, experience and expertise of KPMG meets the Company's requirements
1569;Non-interest income reduced by £11m (6.0%), largely driven by a reduction in fees and commission income.;What did a reduction in fees and commission income translate to?;Non-interest income reduced by £11m (6.0%)
1570;The strengthening of Sterling against the Dollar between 31 December 2016 and 31 December 2017 has also resulted in a £8.2 million debit to Other Comprehensive Income and Expense due to the retranslation of the Group's overseas assets.;What was the effect of the retranslation of the Group's overseas assets?;The strengthening of Sterling against the Dollar between 31 December 2016 and 31 December 2017 has also resulted in a £8.2 million debit to Other Comprehensive Income and Expense
1571;• Administrative expenses and amortisations were 10% higher, mostly due to expansion and commercial transformation plans, as well as greater digitalisation of the retail network. Of note was the rise in Mexico, because of the ongoing three-year investment plan.;What was the effect of the expansion and commercial transformation plans, combined with the greater digitalisation of the retail network?;Administrative expenses and amortisations were 10% higher
1572;• $16.8m of depreciation, depletion and amortisation ('DD&A') charge for 2017, which is $1.9m lower than in 2016 because of the lower production volumes in Ukraine and Russia in 2017.;What caused the DD&A charge to be $1.9 million lower than in 2016?;the lower production volumes in Ukraine and Russia in 2017
1573;The effective tax rate on adjusted earnings in 2017 was 11.1% compared with an effective rate of 16.5% in 2016. The decrease in tax rate was primarily due to uncertain tax position provision releases due to the expiry of relevant statutes of limitation.;What is the reason tax rate decreased?;uncertain tax position provision releases
1574;In Belgium, we have two casino concessions. For commercial reasons, it was decided during the year that the concession at Middlekerke would not be renewed therefore from 1 September 2017 the Belgium operations will consist of only one casino in Blankenberge.;Why will the Belgium operations be limited to only one casino in Blankenberge starting from 1 September 2017?;it was decided during the year that the concession at Middlekerke would not be renewed
1575;In view of the strong performance in the year, I am pleased to report that the Board is recommending a final dividend of 5.20p, giving a total for the year of 8.00p, an increase of 14% over the total paid for the 2016 year.;What effect does the strong performance in the year have?;I am pleased to report that the Board is recommending a final dividend of 5.20p, giving a total for the year of 8.00p, an increase of 14% over the total paid for the 2016 year
1576;Profit after tax rose from $68.1m in 2016 to $117.6m, driven by underlying earnings growth and a one-off tax credit as result of changes to US tax legislation.;What motivated the growth in underlying earnings and the one-off tax credit?;changes to US tax legislation
1577;Thanks to its know-how as a sports-betting operator and its reputation for transparent management, Codere has been Real Madrid's official bookmaker since it entered into a sponsorship deal in 2016 which runs until 2019.;What has Codere's expertise and reputation in the sports-betting industry achieved?;Codere has been Real Madrid's official bookmaker since it entered into a sponsorship deal in 2016 which runs until 2019
1578;We saw growth across water, power and industrial process markets with particularly strong growth in industrial in North America. Asia grew overall, mainly due to an increase in activity in China across all end markets, while Europe and North America also experienced good sales growth.;What is the reason behind Asia's overall growth?;an increase in activity in China across all end markets
1579;Basic earnings per share from continuing operations were 14.0 pence. In FY16, the calculation of earnings per share was affected by the change in the number of shares in issue as a result of the IPO.;What factors affected the calculation of earnings per share in FY16?;the change in the number of shares in issue
1580;I am pleased to be announcing another year of strong results due to our clear, consistent strategy, the dedication of our people across the business and the strength of our management team. Our total revenues during this 53 week period have increased by 12% to £392.0 million.;Why did they have another year of strong results?;our clear, consistent strategy, the dedication of our people across the business and the strength of our management team
1581;The regulatory pressures in the US that the Group acknowledged last year are becoming stronger as the FDA and the US Pharmacopeial Convention (USP) set strict guidelines for compounding and dispensing of allergy products.;What is the cause of the strengthening of the regulatory pressures in the US that the Group acknowledged last year?;the FDA and the US Pharmacopeial Convention (USP) set strict guidelines for compounding and dispensing of allergy products
1582;Finally it is worth noting that in addition to the continuing enhanced supervision that regulators world-wide are implementing in the financial services industry in general, the merger of TP and ICAP has made us the biggest in our industry and therefore inevitably subject to increased regulatory attention.;Why are they inevitably subject to increased regulatory attention?;the merger of TP and ICAP has made us the biggest in our industry
1583;Adjusted proﬁt attributable to ordinary shareholders was £149.4m (2016: £123.5m), with the higher adjusted proﬁt before tax and a lower non-controlling interest charge due to the completion of the previous TPE partnership with Keolis.;What is the reason for the higher adjusted profit before tax and the lower non-controlling interest charge?;the completion of the previous TPE partnership with Keolis
1584;Underlying revenue growth (excluding the impact of acquisitions and movements in foreign exchange rates) was 4 per cent, driven by growth in new licence sales and in revenue from maintenance and support contracts of 2 per cent and 8 per cent respectively. The acquisition of ICON in October 2016 contributed a further 4 per cent to revenue growth.;What factors motivated the 4% growth in underlying revenue?;growth in new licence sales and in revenue from maintenance and support contracts of 2 per cent and 8 per cent respectively
1585;In last year's annual report, we noted an area of ongoing non-compliance with the Governance Code due to the fact that Richard Baker, the Company's former Non-Executive Chair, was, for the purposes of the Governance Code, not considered to have been independent on his appointment as Chair in 2010 due to his role as an Operating Partner at Advent.;What factor accounted for the ongoing non-compliance with the Governance Code noted in last year's annual report?;the fact that Richard Baker, the Company's former Non-Executive Chair, was, for the purposes of the Governance Code, not considered to have been independent on his appointment as Chair in 2010
1586;Interest costs of £0.8m (FY16: £nil) relates to the settlement of interest rate swaps, terminated as a result of a change in Treasury policy.;What prompted interest costs of £0.8 million in FY17, compared to £nil in FY16?;the settlement of interest rate swaps
1587;3 The 2015 LTIP award was assessed by the Remuneration Committee and a 0% vesting outcome was determined. Therefore, all awards under the 2015 grant lapsed in full.;Why did all awards under the 2015 grant lapsed in full?;The 2015 LTIP award was assessed by the Remuneration Committee and a 0% vesting outcome was determined
1588;– Cyber Security Other – Political and economic forces – for example political upheaval, which could cause us to withdraw from a major market for a period of time. Action taken: We have modelled the loss of revenue and profits from a medium sized business due to withdrawal from a market from 2019.;What caused the modeling of the loss of revenue and profits from a medium-sized business?;withdrawal from a market from 2019
1589;We expect to deploy Capex at a typical rate of approximately £15-25 million per annum. The depth of opportunities across the portfolio enables us to focus investment on those with the strongest impact and thereby provides flexibility, allowing us to respond dynamically to any changes in occupier demand;What enables them to focus investment on those with the strongest impact?;The depth of opportunities across the portfolio
1590;Prudent investment in our key assets We continue to invest in our fleets in a disciplined way, and took delivery of 272 vehicles in the year. As a result of our fleet investment programme our fleet is now fully compliant with the Disability Discrimination Act ('DDA');What happened due to their fleet investment programme?;our fleet is now fully compliant with the Disability Discrimination Act ('DDA')
1591;This classification of assets is by far the largest on the Group balance sheet and as such receives careful attention from the Board and Committee which need to be satisfied that its carrying value is appropriate. Goodwill impairment testing was undertaken on the November balance sheet.;What are the implications of this classification of assets being by far the largest on the Group balance sheet?;receives careful attention from the Board and Committee which need to be satisfied that its carrying value is appropriate
1592;The Company showed agility in the acquisitions market over the year with the purchase of a major shopping centre in Bexleyheath, South East London, a retail park in Dumfries and a retail warehouse in Sheffield. The latter purchase subsequently generated cash receipts of £11.5 million, which, in accounting terms, fall within the definition of Funds From Operations. The Board has therefore approved a further special dividend of 3.0 pence to be paid on 4 August 2017 to shareholders on the register on 16 June 2017.;What factors led the Board to approve a further special dividend of 3.0 pence, to be paid on 4 August 2017 to shareholders on the register as of 16 June 2017?;The latter purchase subsequently generated cash receipts of £11.5 million, which, in accounting terms, fall within the definition of Funds From Operations
1593;Other non-current assets increased by $177 million primarily due to a $67 million increase in property, plant and equipment with additions offsetting depreciation, and the recognition of retirement benefit assets of $62 million for our UK and US pension schemes.;What was the main reason other non-current assets increased by $177 million?;a $67 million increase in property, plant and equipment with additions offsetting depreciation, and the recognition of retirement benefit assets of $62 million for our UK and US pension schemes
1594;As the Board consists entirely of non-executive directors it is considered appropriate that matters relating to remuneration are considered by the Board as a whole, rather than a separate remuneration committee. All directors are considered independent with the exception of Oliver Bedford who is an employee of Hargreave Hale Limited and is not therefore independent.;What is the reason Oliver Bedford is the only director not deemed as independent?;All directors are considered independent with the exception of Oliver Bedford who is an employee of Hargreave Hale Limited
1595;The approach to data analytics performed by KPMG expands their audit coverage to 100% of revenue, which together with the data analytics performed by management has led to increased overall assurance in this area.;What are the factors contributing to the increase in overall assurance in this area?;The approach to data analytics performed by KPMG expands their audit coverage to 100% of revenue, which together with the data analytics performed by management
1596;"CIÉNEGA: -US$163.74/OZ (2017) VERSUS – US$217.19/OZ (2016), (N/A) The increase in cash cost was primarily due to: the higher cost per tonne (+US$225.41/oz) (see page 58); and the expected decrease in gold grade (+US$23.81/oz).";What were the main reasons contributing to the increase in cash costs?;"the higher cost per tonne (+US$225.41/oz) (see page 58); and the expected decrease in gold grade (+US$23.81/oz)"
1597;b) With an investment in the sales team during FY2018, we plan to grow to 20 direct sales reps. Thus this goal represents average annual placements of five new instruments per sales rep, which is in line with the industry standard. In the medium term we plan to increase our direct sales organisation further, with only circa 7% of the total staff (20/275) engaged in direct sales we are far below comparables of our peers.;What are the consequences of the planned growth to 20 direct sales reps?;this goal represents average annual placements of five new instruments per sales rep, which is in line with the industry standard
1598;The Directors do not consider human rights to be a material risk for the Group, principally due to the existing regulatory frameworks in place in the UK and South Africa, being the primary geographical locations in which we operate.;What factor led the Directors to not consider human rights to be a material risk for the Group?;the existing regulatory frameworks in place in the UK and South Africa, being the primary geographical locations in which we operate
1599;Principle 11 applies to the launch of new investment companies and is therefore not applicable to the Company.;Why is Principle 11 not applicable to the Company?;Principle 11 applies to the launch of new investment companies
1600;Cashflow Net cash generated from operating activities was £0.7m (2016: £4.5m). This decrease was largely due to the reduction in our earnings before depreciation and amortisation plus the funding of increases in our inventories, reduction in trade and other payables and our investment in engineering resources.;What were the reasons behind the decrease in net cash generated from operating activities to £0.7m from £4.5m in 2016?;the reduction in our earnings before depreciation and amortisation plus the funding of increases in our inventories, reduction in trade and other payables and our investment in engineering resources
1601;* In 2016 we reclassified certain joint ventures as joint operations. As a result, 900 employees are listed in our overall headcount, however we do not currently collect diversity information for these joint operations, therefore they are omitted from this data.;What is the consequence of not currently collecting diversity information for these joint operations?;they are omitted from this data
1602;e) In May 2016 the non-executive directors agreed to defer part of their remuneration (Mr MacLellan £20,000 Mr Balfour and Mr Sweetman £5,000 each) until the earlier of their resignation or December 2017. There were, therefore, no increases in non-executive directors' remuneration during 2017.;What is the reason for the absence of increases in non-executive directors' remuneration during 2017?;In May 2016 the non-executive directors agreed to defer part of their remuneration (Mr MacLellan £20,000 Mr Balfour and Mr Sweetman £5,000 each) until the earlier of their resignation or December 2017
1603;At Buzwagi, Reserves declined due to depletion as the final stage of the open pit was effectively completed. However, during 2017, the run-of-mine stockpile, which will be processed over the next three years, increased by 5 million tonnes with a 48% increase in contained gold to 414koz ounces.;What does a decline in reserves at Buzwagi owe to?;depletion as the final stage of the open pit was effectively completed
1604;Arix is a global healthcare company, with Group Businesses in the UK, the USA, Europe, Canada and Israel. As such, the portfolio is diversified against the adverse actions of any one government.;What are the implications of Arix being a global healthcare company?;the portfolio is diversified against the adverse actions of any one government
1605;The ongoing focus on growth has had a compounding effect on revenue. Over the past three years, the number of legal completions has increased by almost 41% and this, together with improvements in the average selling price, has resulted in revenue rising by over 72%.;What factors motivated the rise in revenue by over 72%?;Over the past three years, the number of legal completions has increased by almost 41% and this, together with improvements in the average selling price
1606;Ebitda in 2018 decreases 0.5% amounting to Euros 884 million driven by the demand growth and good operating performance, lower Opex coming from efficiency improvements which were sufficient to compensate for the impact of lower meter rental revenues (Euros -40 million) and, to a lesser extent, lower LPG margins.;What were the drivers for the 0.5% in EBITDA?;the demand growth and good operating performance, lower Opex coming from efficiency improvements which were sufficient to compensate for the impact of lower meter rental revenues (Euros -40 million) and, to a lesser extent, lower LPG margins
1607;The underlying measures are intended to remove volatility associated with certain types of one-off income and charges from reported earnings. Historically EBITDA and underlying EBITDA were disclosed as supplemental non-IFRS financial performance measures because they are regarded as useful metrics to analyse the performance of the business from period to period.;What is the rationale behind historically disclosing EBITDA and underlying EBITDA as supplemental non-IFRS financial performance measures?;they are regarded as useful metrics to analyse the performance of the business from period to period
1608;There is no requirement for companies quoted on AIM to produce a formal Remuneration Report. As a consequence, this Remuneration Report is produced for information purposes in order to give shareholders and other users of the financial statements greater transparency about the way in which the Directors of Inland Homes are remunerated.;What are the implications of the lack of need for companies quoted on AIM to produce a formal Remuneration Report?;this Remuneration Report is produced for information purposes in order to give shareholders and other users of the financial statements greater transparency about the way in which the Directors of Inland Homes are remunerated
1609;In 2018, we launched an engagement survey to check in with employees in order to detect our strengths and opportunities as an organisation. Our main objective is to continue improving and developing areas that contribute to talent retention and attraction. As a result, we set priorities and identified actions to be implemented in 2019 and metrics to quantify the engagement-level progress in the final quarter of 2019.;What specific strategic deliverables were implemented to realize the primary objective of enhancing talent retention?;we set priorities and identified actions to be implemented in 2019 and metrics to quantify the engagement-level progress in the final quarter of 2019
1610;Management also monitors EPRA NAV as this provides a transparent and consistent basis to enable comparison between European property companies. Linked to this, the use of Total Accounting Return allows management to monitor return to shareholders based on movements in a consistently applied metric, being EPRA NAV, and dividends paid.;Why does Management also monitor EPRA NAV?;this provides a transparent and consistent basis to enable comparison between European property companies
1611;The Group's risk management assurance programme is closely linked with its compliance monitoring programme. Any breaches found by the Compliance department are recorded in the in-house error database and allocated to a failed control and the associated risk category. The business therefore considers any breaches as part of the overall risk assessment and management process, ensuring that appropriate corrective actions are taken.;What explains the fact that the business considers any breaches as part of the overall risk assessment and management process?;Any breaches found by the Compliance department are recorded in the in-house error database and allocated to a failed control and the associated risk category
1612;In total, India's national production volumes for 2017 were up on 2016, primarily due to higher production in south India and increasing volumes from the Bought Leaf sector. Costs continue to rise through wage and general inflation which, without compensatory increases in the market price, creates margin pressure.;What factors caused India's national production volumes for 2017 to be higher than in 2016?;higher production in south India and increasing volumes from the Bought Leaf sector
1613;The spectrum of risk associated with infrastructure assets varies within each market segment – and not all market segments offer the lowest categories of risk. For example, PPP projects can offer some of the lowest risk investment opportunities in the infrastructure market due to the contractual nature of revenues;What is the reason PPP projects can offer some of the lowest risk investment opportunities in the infrastructure market?;the contractual nature of revenues
1614;In Northern Europe, accounting for 18% of the Division by revenue and where a high proportion of the revenue comes from recurring operational expenditure exposed work to the downstream industries, organic revenue was down mid-single digits at constant exchange rates due to fewer large international projects managed out of the region and a competitive opex market in Europe. The North Sea market, managed from Norway, returned to growth due to an increase in capex investment by the oil companies. In Southern Europe, Africa, Middle East, Asia and Pacific, accounting for 45% of the Division of which the largest part are services to other end-markets, such as power, construction and telecommunications infrastructure, had strong overall performance led by Spain, the Middle East and Oceania, growing well in all end-markets and more than compensated for the decrease in Africa and South East Asia from the lack of investment in existing and for new projects in the oil and gas sector. The large seven-year opex contract with an oil major in Australia that started in 2017 is performing very well.;What were the key drivers for organic revenue being down mid-single digits at constant exchange rates?;fewer large international projects managed out of the region and a competitive opex market in Europe
1615;Stalbridge's flexible and responsive approach is very well received by their clients. Given that Stalbridge's operating model has no long term customer contracts, a real focus is placed on customer satisfaction and building a reputation for providing very high service levels.;What does it entail that Stalbridge's operating model has no long-term customer contracts?;a real focus is placed on customer satisfaction and building a reputation for providing very high service levels
1616;Annual Earnings at Risk (AEaR) is a key measure of interest rate risk in the banking book (IRRBB). The additional sensitivity measure of a positive 100bps shock was added for 2017, driven by the rise in GBP base rate in November 2017.;What was the reason for adding the additional sensitivity measure of a positive 100bps shock for 2017?;the rise in GBP base rate in November 2017
1617;Having undertaken its review, the Committee is satisfied that the external auditor has been independent and effective. Deloitte has indicated its willingness to continue in office and the Committee has recommended Deloitte's re-appointment to the Board. A resolution to re-appoint Deloitte as the external auditor will therefore be proposed at the AGM to be held in May 2018.;Why will Deloitte be proposed to be re-appointed as the external auditor at the AGM of May 2018?;Deloitte has indicated its willingness to continue in office and the Committee has recommended Deloitte's re-appointment to the Board
1618;The actual value that may be received by participants in the future cannot be determined as it is dependent on and therefore fluctuates with the share prices of BHP Billiton Limited and BHP Billiton Plc at the date that any particular award vests or is exercised.;What is the cause for the inability to determine the actual value that participants may receive in the future?;it is dependent on and therefore fluctuates with the share prices of BHP Billiton Limited and BHP Billiton Plc at the date that any particular award vests or is exercised
1619;Whilst the judgements on assumptions used in arriving at the deficit numbers is judged to be low as these use known published data/indices, there is more judgement in the nature of the disclosure hence the overall judgement required is viewed as moderate.;Why are the deficit numbers judged to be low?;these use known published data/indices
1620;Adjusted revenue 1 of US$2,233.2 million, up 9.2% over 2016 due to higher silver and zinc volumes sold and increased gold, lead and zinc metal prices.;What factors explain the adjusted revenue of US$2,233.2 million, which is up 9.2%?;higher silver and zinc volumes sold and increased gold, lead and zinc metal prices
1621;"Christopher Mills represents a major shareholder, Harwood Capital LLP and is, therefore, not considered to be ""independent"" within the definition of that term contained in the Code.";"Why is Christopher Mills not considered to be ""independent"" according to the Code?";Christopher Mills represents a major shareholder, Harwood Capital LLP
1622;Continue to focus on operator performance and promote the business with potential new debt / equity investors and seek alternative means of financing • Easier to control as the Board can influence strategic direction based on market conditions.;Why is it easier to control?;the Board can influence strategic direction based on market conditions
1623;"As a result of the recommendations made in this year's Board performance evaluation, the Board has agreed: - that all Directors are considered independent; and - all Directors should be proposed for reappointment at the 2017 AGM and annually thereafter.";What are the effects of the recommendations made in this year's Board performance evaluation?;"that all Directors are considered independent; and - all Directors should be proposed for reappointment at the 2017 AGM and annually thereafter"
1624;Approved LTIP awards enable the participant and the Company to benefit from tax qualifying option treatment in respect of part of the award, without increasing the pre-tax value delivered to the participant. The approved LTIP awards consist of a tax qualifying option and an LTIP award with the vesting of the LTIP award scaled back to take account of any gain made on exercise of the tax qualifying option.;What does the approved LTIP make possible?;the participant and the Company to benefit from tax qualifying option treatment in respect of part of the award, without increasing the pre-tax value delivered to the participant
1625;2 Sir Frank Chapman was unable to attend the Safety & Ethics Committee in April due to unforeseen circumstances and the May meetings of the Board and committees due to medical reasons.;What caused Sir Frank Chapman to be unable to attend the May meetings of the Board and committees?;medical reasons
1626;Amadeus’ non-air bookings declined by 1.5% in 2018 versus the previous year as a consequence of a decline in rail bookings, mostly driven by strikes impacting a key customer, which more than offset the double-digit increase in Amadeus’ hotel bookings.;What factor caused Amadeus' 1.5% drop of non-air booking in 2018?;a decline in rail bookings, mostly driven by strikes impacting a key customer, which more than offset the double-digit increase in Amadeus’ hotel bookings
1627;These are some of the Intertek strengths that enable us to live and fulfil our Core Purpose of 'Bringing Quality and Safety to Life'. But they would not be so effective without a clearly defined organisational structure based around an operating model that always puts the customer first.;What do Intertek's strengths facilitate?;to live and fulfil our Core Purpose of 'Bringing Quality and Safety to Life'
1628;Finance costs decreased from $30.5 million in 2016 to $26.1 million in 2017, principally due to the reduction of interest resulting from the repayment of Scotiabank medium term loan in H1 2016 and from lower average short-term borrowings.;What is the cause finance costs decreased from $30.5 million in 2016 to $26.1 million in 2017;the reduction of interest resulting from the repayment of Scotiabank medium term loan in H1 2016 and from lower average short-term borrowings
1629;Portfolio performance remained steady reflecting the continuing low base rate environment and stable economic conditions. The non-performing proportion of outstanding balances decreased due to an improved performance and a reduction in repossession stock. The recovery book impairment coverage ratio increased driven by a reduction in the number of customers.;What factors contributed to the non-performing proportion of outstanding balances to decrease?;an improved performance and a reduction in repossession stock
1630;This increase is largely due to the inclusion of emissions from Metro, Salford Quays, Manchester (acquired during 2016). The new site is a significant consumer as it is the third largest office in the portfolio by floor area.;What is the reason behind this increase?;the inclusion of emissions from Metro, Salford Quays, Manchester (acquired during 2016)
1631;As a result of the Share Incentive Plan introduced at the time of the Listing all employees as at 31 December 2017 are now shareholders;What impact did the introduction of the Share Incentive Plan at the time of the listing have?;all employees as at 31 December 2017 are now shareholders
1632;Despite lower sales, profitability in Latin America remained in line with the previous year due to the savings made from the consolidation of the Brazilian sites that took place towards the end of 2016.;What explains the profitability in Latin America remaining in line with the previous year?;the savings made from the consolidation of the Brazilian sites that took place towards the end of 2016
1633;Following this review, the Committee recommended to the Board that all Directors except for Simon Gordon, who resigned as an Executive Director on 1 March 2018, and Danie Meintjes, who has announced that he will not stand for re-election, be re-appointed, and hence all Directors will seek election or re-election at the annual general meeting.;What are the consequences of the Committee recommending to the Board that all Directors to be re-appointed, except for Simon Gordon and Danie Meintjes?;all Directors will seek election or re-election at the annual general meeting
1634;This system is bespoke to the Group's particular needs and risks to which it is exposed and is designed to manage rather than eliminate risk. Due to the limitations inherent in any system of internal control, this system provides robust, but not absolute, assurance against material misstatement or loss.;What causes this system to provide robust, but not absolute, assurance against material misstatement or loss?;the limitations inherent in any system of internal control
1635;In addition, LCA has performed as expected with its long standing and predictable customer base delivering a revenue of £2.2 million for the year, with a further release from technical reserves of £1.3 million (2016: £0.5 million) as a result of the reduction in the administrative costs per policy.;What led to the further release from technical reserves of £1.3 million in 2017, up from £0.5 million in 2016?;the reduction in the administrative costs per policy
1636;The NPL ratio stood at 5.25% as of December 2018 (-4 bp compared to the year-end of 2017). This good performance was due to the preventive risk management of the portfolio, the normalisation of the corporates and SCIB portfolios, and due to a solid growth in profitable segments.;What accounts for the good performance of the NPL ratio?;the preventive risk management of the portfolio, the normalisation of the corporates and SCIB portfolios, and due to a solid growth in profitable segments
1637;The fees paid to Non-Executive Directors are determined by the Board in light of independent surveys of fees paid to Non-Executive Directors of comparable companies and with regard to the time commitment and responsibilities involved.;What factors contribute to the Board's considerations regarding fees paid to Non-Executive Directors?;independent surveys of fees paid to Non-Executive Directors of comparable companies and with regard to the time commitment and responsibilities involved
1638;There are occasions when expectations from a host community cannot be met, resulting in conflict and unrest. The relationship with host communities is particularly vulnerable due to differences in the leadership structures of the stakeholders with whom the mine engages.;What factors contribute to the particular vulnerability of relationships with host communities?;differences in the leadership structures of the stakeholders with whom the mine engages
1639;Inflows of $0.4 billion into Currency for Return mandates in the year alongside sterling translation effects resulted in a 25% increase to related management fees for the year. Total Multi-product management fees decreased by 23% as a consequence of net outflows of -$0.5 billion in the year.;What accounts for a 25% increase in related management fees for the year?;Inflows of $0.4 billion into Currency for Return mandates in the year alongside sterling translation effects
1640;In the services industry in which Serco operates, pipelines are often lumpy, as individual opportunities can be very large, and when they come in and out of the pipeline they can have a material effect on reported values.;What is the fact that pipelines are often lumpy in Serco's services industry owed to?;individual opportunities can be very large, and when they come in and out of the pipeline they can have a material effect on reported values
1641;Finance income increased from £0.8m in FY16 to £1.58m in FY17 and therefore net finance costs in FY17 amounted to £37.24m.;Why did net finance costs in 2017 amounted to £37.24m?;Finance income increased from £0.8m in FY16 to £1.58m in FY17
1642;"Markets ended 2018 much lower, after a start to the year with rises driven by the positive impact of the US's tax reform. This positive environment, however, dissipated in the following months because of greater volatility in stock markets mainly due to: (i) the political uncertainty in Italy and Brazil; (ii) the lack of agreement over Brexit; (iii) the increase in financial tensions in developing countries because of the dollar's appreciation, after the Fed raised its interest rates and the European Central Bank (ECB) continued its policy of monetary normalisation and announced the end of quantitative easing and (iv) the escalation of trade tensions between US and China and its possible impact on confidence and the global economy. Fears of slowdown in the global economy, coupled with the partial shutdown of the US government, intensified the fall in shares in the last part of the year.";What caused the dissipation of the positive environment driven by the US' tax reform at the start of 2018?;"greater volatility in stock markets mainly due to: (i) the political uncertainty in Italy and Brazil; (ii) the lack of agreement over Brexit; (iii) the increase in financial tensions in developing countries because of the dollar's appreciation, after the Fed raised its interest rates and the European Central Bank (ECB) continued its policy of monetary normalisation and announced the end of quantitative easing and (iv) the escalation of trade tensions between US and China and its possible impact on confidence and the global economy"
1643;The Group's activities are highly regulated and thus face regulatory risk. The local regulator, the National Bank of Georgia, can increase the prudential requirements across the whole sector as well as for specific institutions within it.;Why does the Group face regulatory risk?;The Group's activities are highly regulated
1644;Saucito: Higher, as a result of the higher cash cost, an increase in sustaining capex and higher capitalised mine development.;Why is it higher?;the higher cash cost, an increase in sustaining capex and higher capitalised mine development
1645;The main impacts of the 2°C scenario were as follows: • Carbon pricing is introduced in key countries and hence there are increases in both manufacturing costs and the costs of raw materials such as dairy ingredients and the metals used in packaging.;What does the introduction of carbon pricing in key countries lead to?;there are increases in both manufacturing costs and the costs of raw materials such as dairy ingredients and the metals used in packaging
1646;The cash flow target remains unchanged from the prior year as the growth in the business has been offset by the negative impact on cash flow of disposals and foreign exchange movements. The target range therefore remains of a similar level of stretch to that in prior years.;What explains the cash flow target remaining unchanged from the prior year?;the growth in the business has been offset by the negative impact on cash flow of disposals and foreign exchange movements
1647;Managing the climate-related risks facing our business is crucial to creating long‑term value for our customers, shareholders and the communities of which we are a part. As an occupier of approximately 400 properties worldwide, we recognise the importance of our own internal environmental targets and decarbonisation goals in reducing our direct footprint. As a life insurer, asset owner and manager, we also recognise the positive role we can play in financing the transition to a low‑carbon economy and in managing associated risks.;What are the implications of being an occupier of nearly 400 properties worldwide?;we recognise the importance of our own internal environmental targets and decarbonisation goals in reducing our direct footprint
1648;The group is geographically dispersed and therefore subject to very different pay markets. As a result, it is difficult to make sensible comparisons with all employees across the group and the salaries of executive directors are therefore reviewed in line with the group's UK employees. In December 2016, when the on-target salary increase for employees in the UK was between 1.25% and 3%, the Chief Executive received a salary increase of 2%.;Why is the group subject to very different pay markets?;The group is geographically dispersed
1649;Ore reserves are presented in accordance with the Company's ownership equal to 80%. Revised estimate was not performed due to lack of material changes.;What drove the decision not to perform the revised estimate?;lack of material changes
1650;Underlying Profit Before Tax* was up 42.0% to £10.7 m. Gross Margin was down by 1.6% at 22.3% as a result of a higher mix of Free on Board ('FOB') business in the year.;What explains the 1.6% decrease in Gross Margin to 22.3%?;a higher mix of Free on Board ('FOB') business in the year
1651;The Directors have a reasonable expectation that the Company has adequate resources to continue in operational existence for the foreseeable future. Thus, they continue to adopt the going concern basis of accounting in preparing the annual financial statements.;What explains the Directors decision to adopt the going concern basis of accounting in preparing the annual financial statements?;The Directors have a reasonable expectation that the Company has adequate resources to continue in operational existence for the foreseeable future
1652;Performance Share Plan Formally rebalance the performance measures and introduction of Strategic Objectives to the suite of performance measures enabling a more holistic approach to ensuring reward is fully aligned to Company performance.;What factors facilite a more holistic approach to ensuring reward is fully aligned to Company performance?;Performance Share Plan Formally rebalance the performance measures and introduction of Strategic Objectives to the suite of performance measures
1653;During the course of its review of the system of internal control, the Board has not identified or been advised of any failings or weaknesses which it has determined to be significant in the context of the Group. Therefore a confirmation in respect of necessary actions has not been considered as of today.;Why has the Board not considered a confirmation regarding necessary actions as of today?;the Board has not identified or been advised of any failings or weaknesses which it has determined to be significant in the context of the Group
1654;The factors to success in APAC continue to remain similar to last year: increased competition, a highly mobile workforce that is increasingly looking for change, overcoming language barriers, restrictions on hiring staff in regions due to changes in legislation and financial constraints.;What did changes in legislation lead to?;restrictions on hiring staff in regions
1655;Net cash inflows from financing activities increased to ZAR493 million (2016: ZAR375.9 million outflow), predominantly due to: • The utilisation of the RCF to fund operational capital expenditure. • Share issues resulting in gross proceeds of ZAR696 million, and ZAR672 million net of share issue costs.;What explains the increase in net cash inflows from financing activities to ZAR493 million?;The utilisation of the RCF to fund operational capital expenditure. • Share issues resulting in gross proceeds of ZAR696 million, and ZAR672 million net of share issue costs
1656;Underlying attributable profit fell (-1%) both in euros and excluding the exchange rate impact, due to the sale of portfolios in 2017, the cost of rebranding in 2018 and the charges associated with the integration of DBP.;What caused the fall of underlying attributable profit (-1%) both in euros and excluding the exchange rate impact?;the sale of portfolios in 2017, the cost of rebranding in 2018 and the charges associated with the integration of DBP
1657;VoltAir System has a capability to supply highly configurable, specialised solutions for heat recovery ventilation in new construction projects. A modular system that can be completed onsite enables us to supply ventilation products for applications where our competitors are restricted due to the size and configuration of their units.;What factors contribute to restricting their competitors compared to their modular system, which can be completed onsite?;the size and configuration of their units
1658;We exceeded our 30% target for most of 2017 and have increased our target to 33%. At the year end this ratio had fallen to 29%, as a result of minor restructurings within the firm. Improving diversity further remains important.;What explains the decrease in this ratio to 29% at year-end?;minor restructurings within the firm
1659;The Board sets the Company's values and objectives and ensures that its obligations to Shareholders are met. It has formally adopted a schedule of matters that are required to be brought to it for decision, thus ensuring that it maintains full and effective control over appropriate strategic, financial, and operational matters.;What is the result of the Board adopting a schedule of matters that are required to be brought to it for decision?;ensuring that it maintains full and effective control over appropriate strategic, financial, and operational matters
1660;• The business model for lighting was overhauled in 2016 and the business is enjoying a wider customer base as a result. The key partnerships established with leading European manufacturers have reduced freight costs and supplier lead times, enabling a reduction in inventory levels.;What factor reduced freight costs and supplier lead times?;The key partnerships established with leading European manufacturers
1661;The Company has no Chief Executive Officer and no employees and therefore no consultation of employees is required, and there is no employee comparative data to provide, in relation to the setting of the remuneration policy for Directors. The Company has not sought shareholder views on its remuneration policy.;What are the implications of the Company having no Chief Executive Officer and no employees?;no consultation of employees is required, and there is no employee comparative data to provide
1662;It is both due to this continued support and its ongoing appropriateness that the Committee maintained the current policy for its full three year life.;What explains that the Committee maintained the current policy for its full three year life?;this continued support and its ongoing appropriateness
1663;The Group carries out significant development projects over several years and is therefore exposed to fluctuations in the market over time.;Why is the Group exposed to fluctuations in the market over time?;The Group carries out significant development projects over several years
1664;As a reasonable taxpayer, the Company is committed to establishing, maintaining and monitoring the implementation of an appropriate tax strategy.;What are the implications of the Company being a reasonable taxpayer?;the Company is committed to establishing, maintaining and monitoring the implementation of an appropriate tax strategy
1665;Towards the end of 2016, a tender for co-sourced Internal Audit services was completed, which resulted in the appointment of Grant Thornton to provide the expertise and experience necessary to support the delivery of effective Internal Audit services.;What was the effect of the tender for co-sourced Internal Audit services being completed?;the appointment of Grant Thornton to provide the expertise and experience necessary to support the delivery of effective Internal Audit services
1666;At the time of acquisition the customer loan balances were £58m. Once the company became part of the Group, this growth constraint was removed and it was able to return to the market with new vigour and was quickly able to re-energise its relationship with brokers and business introducers.;What were the consequences of the company becoming part of the Group?;this growth constraint was removed and it was able to return to the market with new vigour and was quickly able to re-energise its relationship with brokers and business introducers
1667;The effective tax rate was 28.8%. This was higher than the applicable UK corporation tax rate of 19.8 % for the period due to the impact of non-deductible expenses including IPO costs and non-deductible amortisation and depreciation.;What factors account for the effective tax rate of 28.8% being higher than the applicable UK corporation tax rate of 19.9% for the period?;the impact of non-deductible expenses including IPO costs and non-deductible amortisation and depreciation
1668;Our silver resources grew by 6.9% in 2017, largely due to intensive exploration at Saucito, and gold resources remained stable. Total resources for the Group currently stand at 2,320.5 moz of silver and 38.5 moz of gold.;What is the reason behind their silver resources growing by 6.9% in 2017?;intensive exploration at Saucito, and gold resources remained stable
1669;The B Share Class offer closed on 29 April 2016 with a total of 6,824,266 B Shares being issued. The B Share Class has recorded a small loss over the period of 0.27p per share due to running costs exceeding income while investments are being sought.;What explains the small loss of 0.27p per share recorded by the B Share Class over the period?;running costs exceeding income while investments are being sought
1670;The Directors have reasonable expectation that the Company has adequate resources to continue in operational existence for the foreseeable future. Thus they continue to adopt the going concern basis of accounting in preparing the annual financial statements.;Why do the directors continue to adopt the going concern basis of accounting in preparing the annual financial statements?;The Directors have reasonable expectation that the Company has adequate resources to continue in operational existence for the foreseeable future
1671;Reduced service to customers due to lack of reliable management information putting the Group at a competitive disadvantage.;What is the cause of the Group being at a competitive disadvantage?;Reduced service to customers due to lack of reliable management information
1672;The Group made a profit of $2.3 million (2016: $1.3 million loss) during the year ended 31 December 2017, mainly as a result of improved revenue from higher production volumes and hydrocarbon prices.;What was the main explanation for the Group making a profit of $2.3 million in 2017, compared to a loss of $1.3 million in 2016?;improved revenue from higher production volumes and hydrocarbon prices
1673;As the asset has a nominal cost base, the carrying value virtually represents the valuation surplus. The Group recognises a deferred tax provision against the valuation surplus and, as such, the net value on the balance sheet is £75.1m (2016: £82.4m).;Why is the net value on the balance sheet reported as £75.1m for the current year, down from £82.4m in 2016?;The Group recognises a deferred tax provision against the valuation surplus
1674;The Directors believe that due to the size and nature of the Company it would be unnecessarily burdensome to establish a separate remuneration committee. Remuneration matters are therefore included in matters reserved for the Board.;What is the result of not establishing a separate remuneration committee?;Remuneration matters are therefore included in matters reserved for the Board
1675;We also monitored: – The non-audit fees and independence of Deloitte LLP, our auditors for the 2015 year-end process, until they achieved independence. This was confirmed with effect from 5 May 2017 and thus proposed engagements up until that date remained subject to approval prior to appointment;What was the impact of the confirmation of Deloitte LLP's independence?;proposed engagements up until that date remained subject to approval prior to appointment
1676;Furthermore, a larger company is able to spread the fixed elements of running costs across a wider asset base and, as a result, can reduce costs as a percentage of net assets. Accordingly, the annual management fee will reduce from 2.25% to 2.0% of net assets;Why can large companies reduce costs as a percentage of net assets?;a larger company is able to spread the fixed elements of running costs across a wider asset base
1677;During 2017, the Group released US$6 million of accrued penalties and interest due to settlements with tax authorities at Kapan and paid US$6 million in relation to royalty provisions identified as of 31 December 2016. There were no other significant changes in tax provisions.;What resulted from settlements with tax authorities at Kapan?;During 2017, the Group released US$6 million of accrued penalties and interest
1678;Amounts receivable under the Group's defense contracts are substantial. Therefore, the timing of, or failure to receive, awards and associated cash advances and milestone payments will materially affect the Group's profits and cash flows for the periods involved, thereby reducing the cash available to meet the Group's allocation requirements.;What are the consequences of amounts receivable under the Group's defense contracts being substantial?;the timing of, or failure to receive, awards and associated cash advances and milestone payments will materially affect the Group's profits and cash flows for the periods involved
1679;Charles Stanley does not undertake any proprietary trading other than that arising from incidental dealing errors and therefore takes minimal market risks. Dealing losses are captured as operational losses.;What accounts for Charles Stanley taking minimal market risks?;Charles Stanley does not undertake any proprietary trading other than that arising from incidental dealing errors
1680;20% of the 2017 bonus payment was deferred into Faroe shares. Mr Hammer's bonus is less than 75% due to changes in exchange rates.;What does Mr Hammer's bonus result from?;changes in exchange rates
1681;At the end of 2017, the United States Government passed and signed the Tax Cuts and Jobs Act, which will have a positive impact for investors in REL. The main impact of the Tax Cuts and Jobs Act for REL is a reduction in the federal corporate tax rate from 35 per cent. to 21 per cent., effective 1 January 2018 which resulted in a Financial Statement benefit of approximately $48 million (57 cents per share). Going forward, the lower federal corporate tax rate will improve net returns for REL 's future realisations in the United States.;What caused a Financial Statement benefit of approximately $48 million (57 cents per share)?;a reduction in the federal corporate tax rate from 35 per cent. to 21 per cent., effective 1 January 2018
1682;The CGC is additionally responsible for the roles identified by UK Corporate Governance Code which would be reserved for Compensation and Nomination Committees. Consequently, the CGC also meets as required to select and propose to the Board suitable candidates of appropriate caliber for appointments to the Board.;What are the effects of the CGC being responsible for the roles identified by the UK Corporate Governance Code, reserved for Compensation and Nomination Committees?;the CGC also meets as required to select and propose to the Board suitable candidates of appropriate caliber for appointments to the Board
1683;Reported profit before tax decreased to £3.5m (2016: £13.0m) as a result of higher amortisation and finance costs following the acquisition of 6PM plus an impairment charge related to 6PM. The impairment arose from a reassessment of the forecasts prompted by the emergence of inherited issues as described above.;What was the cause for the rise in impairment?;a reassessment of the forecasts prompted by the emergence of inherited issues as described above
1684;Net assets as at 31 July 2017 have reduced to £29.89 million (2016: £35.86 million) as a result of the losses incurred during the year of £6.37 million and the corresponding reduction in cash and short-term deposits.;What are the reasons behind the reduction in net assets to £29.89 million as of 31 July 2017?;the losses incurred during the year of £6.37 million and the corresponding reduction in cash and short-term deposits
1685;In light of the performance of the executive team in 2017 relative to the financial targets and strategic objectives set, the Remuneration Committee is satisfied that the reward outcomes are appropriate.;What caused the Remuneration Committee to be satisfied that the reward outcomes are appropriate?;the performance of the executive team in 2017 relative to the financial targets and strategic objectives set
1686;The relative TSR comparator group now consists of 38 companies as a result of the Home Retail Group take-over by J Sainsbury.;What explains the relative TSR comparator group now consisting of 38 companies?;the Home Retail Group take-over by J Sainsbury
1687;The Group's performance in 2017 exceeded expectations with excellent top and bottom line growth. Organic like-for-like sales were strong, helped by passenger growth in the air sector, and the year saw the highest level of net gains since IPO at 6.0%, with gains of over 20% in North America and 18% in Rest of World.;What facilitated the strong organic like-for-like sales?;passenger growth in the air sector
1688;"In 2017 there were no Tier 1 process safety incidents; process safety targets were partially achieved for TEN and Jubilee; our LTIF rate rose to 0.37 as a consequence of four Lost Time Injuries reported in the year (2016: nil).";What factor caused the LTIF rate to rise to 0.37?;four Lost Time Injuries reported in the year (2016: nil)
1689;SkipTheDishes, the Canadian business we acquired in late 2016, is already a sophisticated delivery business, harnessing machine learning technology to predict demand for both couriers and restaurants with increasing accuracy across Canada. The results so far are impressive and, as a result, Canada has become the second largest business in the Group by revenue.;What was the effect of the remarkable results of SkipTheDishes, accurately predicting demand for both couriers and restaurants in Canada?;Canada has become the second largest business in the Group by revenue
1690;In July 2016, the actions of a third party led to the contamination of water supplies in Thorne, near Doncaster. Thanks to the efforts of our field team, supplies were quickly returned to normal, with immediate action taken to protect customer safety.;What was the result of the efforts of their field team?;supplies were quickly returned to normal, with immediate action taken to protect customer safety
1691;The US bank loans increased by $5.8bn largely due to excess liquidity placement. This was mostly offset by decreased US corporate and commercial lending of $5. 1bn as paydowns and maturities exceeded new loan originations owing to our continued efforts to improve returns.;What did excess liquidity placement bring about?;The US bank loans increased by $5.8bn
1692;Airlines with a service provision that allows them to outsource their operations and therefore not invest in their own handling provisions. Our growth plans, both commercially and in business development, progressed during the year with excellent contract gains and a significantly greater commercial focus.;What does outsourcing their operations allow airlines with this service provision to do?;not invest in their own handling provisions
1693;The Company's management and auditor confirmed to the Audit Committee that they were not aware of any material misstatements in the financial statements. Having reviewed the reports received from management and the auditor, the Committee is satisfied that the key areas of risk and judgement have been appropriately addressed in the financial statements and that the significant assumptions used in determining the value of assets and liabilities have been properly appraised and are sufficiently robust.;What were the consequences of reviewing the reports from management and the auditor?;the Committee is satisfied that the key areas of risk and judgement have been appropriately addressed in the financial statements and that the significant assumptions used in determining the value of assets and liabilities have been properly appraised and are sufficiently robust
1694;Healthcare is based on self and spouse cover. The car benefit is subject to a maximum of lease costs of £5,904 pa (reduced from £6,780 due to a move from 3 year to 4 year lease) or cash allowance of £7,500 pa.;Why were lease costs reduced from £6,780 to £5,904 per year?;a move from 3 year to 4 year lease
1695;The Group has continued to deliver further sustained improvements in working capital during the year which, together with the robust trading performance, has resulted in strong underlying cash generation. Net debt has increased by £3.1 million as a result of £9.2 million of net capital;What was the consequence of the Group's sustained improvements in working capital and robust trading performance during the year?;strong underlying cash generation
1696;The Group's South African mining operational earnings are significantly dependent on movements in both the export and domestic coal price. The price of export sales is derived from a US Dollar-denominated export coal price, and therefore the price achievable in South African Rands can be influenced by movements in the exchange rate between the US Dollar and the South African Rand.;What is the result of export sales being derived from a US Dollar-denominated export coal price?;the price achievable in South African Rands can be influenced by movements in the exchange rate between the US Dollar and the South African Rand
1697;The Group maintains appropriate insurance cover in respect of actions taken against the Directors because of their roles, as well as against material loss or claims against the Group. The insured values and type of cover are comprehensively reviewed on a periodic basis.;What explains the actions taken against the Directors?;their roles
1698;In our Strategic report we describe our financial performance under our Investment basis, which is itself an APM, and use a number of other measures which, on account of being derived from the Investment basis, are also APMs. Further information about our use of APMs, including the applicable reconciliations to the IFRS equivalent where appropriate, is provided in page 43, and should be read alongside our Investment basis to IFRS reconciliation.;What explains why a number of other measures are also APMs?;being derived from the Investment basis
1699;All Directors are non-executive directors. Three of the Directors, Nick Leslau, Mike Brown and Sandy Gumm, are connected to the Investment Adviser and are therefore not considered independent within the meaning of the Code. The Chairman was considered independent on appointment and the remaining Directors are considered to have been independent on and since their appointment.;Why are three of the Directors not deemed independent within the meaning of the Code?;Three of the Directors, Nick Leslau, Mike Brown and Sandy Gumm, are connected to the Investment Adviser
1700;The Group achieved forecast results in the year-ended 30 November 2017, with revenue of £43.9m (2016: £21.5m) and adjusted EBITDA of £4.7m (2016: £1.2m). As a result, Andrew Walwyn, Frank Waters and Simon Clifton will receive bonuses of 42.5% percent, 42.5% percent and 50% percent of salary respectively.;What factor contributed to Andrew Walwyn, Frank Waters, and Simon Clifton receiving bonuses of 42.5%, 42.5%, and 50% of salary, respectively?;The Group achieved forecast results in the year-ended 30 November 2017, with revenue of £43.9m (2016: £21.5m) and adjusted EBITDA of £4.7m (2016: £1.2m)
1701;Seek to mitigate the impact of short-term movements in currency on the businesses by hedging short-term exposures progressively based on their maturity. However, large or prolonged movements in exchange rates may have a material adverse effect on the Group's businesses, operating results, financial condition and/or prospects.;What causes the mitigation of the impact of short-term movements in currency on the business?;hedging short-term exposures progressively based on their maturity
1702;In 2018 the company promoted its relationship with universities and research centers as a source of innovation and technology transfer, giving rise to seminars such as Indradays and Chairs, as well as specific frameworks and agreements.;What were the effects of the company promoting its relationship with universities and research centers as a source of innovation and technology transfer?;seminars such as Indradays and Chairs, as well as specific frameworks and agreements
1703;Inflows of $0.4 billion into Currency for Return mandates in the year alongside sterling translation effects resulted in a 25% increase to related management fees for the year. Total Multi-product management fees decreased by 23% as a consequence of net outflows of -$0.5 billion in the year.;What did net outflows of -$0.5 billion in the year lead to?;Total Multi-product management fees decreased by 23%
1704;There has been a decrease in non-current liabilities of $14.4m to $2,839.7m (2016: $2,854.1m). This is primarily driven by a decrease in derivative financial instruments of $25.7m reflecting a reduction in the unrealised conversion liability on the convertible bonds and a decrease in other payables of $16.5m;What caused the decrease in non-current liabilities of $14.4m to $2,839.7m?;a decrease in derivative financial instruments of $25.7m reflecting a reduction in the unrealised conversion liability on the convertible bonds and a decrease in other payables of $16.5m
1705;SSE worked throughout 2016/17 to actively promote the Speak Up policy, alongside awareness raising of Doing the right thing: A guide to ethical business conduct for SSE employees. As a result, the number of whistle-blowing reports has more than doubled between 2015/16 and 2016/17 from 41 to 88.;What motivated the number of whistle-blowers to more than double from 41 in 2015/16 to 88 in 2016/17?;SSE worked throughout 2016/17 to actively promote the Speak Up policy, alongside awareness raising of Doing the right thing: A guide to ethical business conduct for SSE employees
1706;Zegona has exercised its right to appoint a representative to Euskaltel's board of directors and each of its board committees. Zegona believes there is additional value in the Euskaltel investment, both as a result of the strength of the underlying business and from the relevant knowledge and experience Zegona's management team can provide.;What do the strength of the underlying business and Zegona's knowledge and experience lead to?;Zegona believes there is additional value in the Euskaltel investment
1707;This year has been difficult for the vegetable garden. The Western Cape was hit by an extreme summer drought and watering of gardens was prohibited. This meant that the usually busy summer season in the vegetable garden was halted.;What did the extreme summer drought and the prohibition on garden watering in the Wester Cape imply?;the usually busy summer season in the vegetable garden was halted
1708;These testimonials and commendations are of direct value to our shareholders because they signal the continued and growing preference for our brand. Brand reputation and the expressed demand and encouragement from our clients in 2017 has led us to open new offices in Portishead, Birmingham and Dumfries.;What causes these testimonials and commendations to be of direct value to their shareholders?;they signal the continued and growing preference for our brand
1709;Fluidra is in the process of integrating teams in the different markets. The integration will increase the efficiency of the sales network, thanks to consolidated sales teams and export routes optimized for the market.;What will the consequence of the consolidated sales teams and export routes optimized for the market be?;The integration will increase the efficiency of the sales network
1710;In the frame of local economic development, Hummingbird engaged with a local NGO to deliver a soap making project that would ultimately benefit over 300 local women across 10 communities. Thanks to the hard effort of the women producer groups, all are now making positive cashflow.;What led to all groups making positive cashflow now?;the hard effort of the women producer groups
1711;Premier believes that risk management is just good management, leading to better quality decision-making and improving the likelihood of achieving business objectives. Premier has adopted a framework for risk management based on ISO 31000 principles and guidelines.;What does Premier's belief that risk management is just good management result in?;better quality decision-making and improving the likelihood of achieving business objectives
1712;Profits increased 51% and cash generated from operations was especially strong, reaching £31.5 million and resulting in the Group closing the year with net cash for the first time in well over a decade. Given this performance, we have again increased the dividend pay-out ahead of plan.;What was the effect of the Group's good performance?;we have again increased the dividend pay-out ahead of plan
1713;Net finance costs for 2017 was £(0.1)m (2016: £(0.5)m). The higher total interest expense reflects the higher average net debt through the year as a result of acquisitions and share buybacks. The total interest expense was offset by £1.8m of finance income, of which £1.2m was a net foreign.;What was the outcome of acquisitions and share buybacks?;The higher total interest expense reflects the higher average net debt through the year
1714;Last year, we raised our dividend by almost 10% as earnings rose due to our successful development programme.;What did the increase in earnings result in?;Last year, we raised our dividend by almost 10%
1715;Twelve months later and the sector has rebounded strongly. Thanks to our efforts in 2016, Nostra Terra was well positioned to benefit greatly from this. The Company has since taken significant steps forward in realising its ambitions, delivering robust returns for shareholders.;What was the reason for Nostra Terra's strong position to greatly benefit from the sector rebound?;our efforts in 2016
1716;Our mobile proposition is currently more competitive than ever before, due to the imminent abolition of EU roaming charges, and the recent improvements we have made to data allowances for some Double Gold members.;What factors explain their mobile proposition currently being more competitive than ever before?;the imminent abolition of EU roaming charges, and the recent improvements we have made to data allowances for some Double Gold members
1717;Maintenance revenue increased by £5.1 million, or 31%, to £21.8 million (2016:£16.7 million), primarily due to increases in customer portfolio sizes which triggered increased license and maintenance payments and stepped increases after implementations have completed. Such payments accounted for £3.3 million, with the remainder coming from the underlying customer base or new customers.;What explains the increased license and maintenance payments and the stepped increases that occur after implementations have completed?;increases in customer portfolio sizes
1718;Corporate social responsibility at Auto Trader is driven by our values and culture and is focused on making a difference to our employees, our community and our industry. This, along with our diversity and inclusion strategy, is embedded into how we operate on a daily basis. As an employer, it comprises employee engagement, rewards and recognition schemes, people development, health and safety, the environmental impact, sustainability and energy efficient operations.;What accounts for Corporate social responsibility at Auto Trader?;our values and culture
1719;The Committee considers an open and constructive dialogue with investors to be important to establishing a successful remuneration policy which is considered fair and transparent by both Executive Directors and Shareholders. Therefore, the Committee will seek to engage proactively with major Shareholders and Shareholder bodies.;What is the reason for the Committee seeking to engage proactively with major shareholders and shareholder bodies?;The Committee considers an open and constructive dialogue with investors to be important to establishing a successful remuneration policy which is considered fair and transparent by both Executive Directors and Shareholders
1720;The disposal of the Capita Asset Services businesses has been treated as a discontinued operation as stipulated by IFRS 5. The profit on the disposal of these businesses was £445.4m. This profit is specific to the disposed businesses and is therefore excluded.;Why is the £445.4m profit on the disposal of these businesses excluded?;This profit is specific to the disposed businesses
1721;The Committee has chosen not to disclose, in advance, the financial performance targets for the forthcoming year as these include matters which the Committee considers commercially sensitive.;What drove the Committee's decision not to disclose the financial performance targets for the forthcoming year in advance?;these include matters which the Committee considers commercially sensitive
1722;Due to requirements associated with the Group's premium listing and to comply with Companies Act 2006 requirements, shareholders will be asked to specifically approve the Policy at the upcoming 2018 Annual General Meeting.;What factors account for the shareholders being asked to specifically approve the Policy at the upcoming 2018 Annual General Meeting?;requirements associated with the Group's premium listing and to comply with Companies Act 2006 requirements
1723;The Group changed its financial reporting reference date in 2014, hence the graphs show full 12 month figures on either a March or December year-end basis.;Why do the graphs display full 12-month figures based on either a March or December year-end?;The Group changed its financial reporting reference date in 2014
1724;The Company is subject to various laws and regulations by virtue of its status as a public limited company registered under Section 833 of the Companies Act 2006.;What accounts for the Company being subject to various laws and regulations?;its status as a public limited company registered under Section 833 of the Companies Act 2006
1725;Long-term value creation through developing our oil assets, recovering monies owed for past sales and establishing the gas business. Therefore, PSP awards for 2018 will again be assessed 50% on relative TSR against our peer group, and 50% against absolute TSR targets.;What are the consequences of their long-term value creation efforts, including developing oil assets, recovering monies owed from past sales, and establishing the gas business?;PSP awards for 2018 will again be assessed 50% on relative TSR against our peer group, and 50% against absolute TSR targets
1726;2 These measures are not reported on a segmental basis because branch and selling costs, central costs and exceptional items (non-finance) are allocated centrally rather than to each reportable segment.;What is the reason these measures are not reported on a segmental basis?;branch and selling costs, central costs and exceptional items (non-finance) are allocated centrally rather than to each reportable segment
1727;This risk is elevated as a result of on-going challenges in the operating environment in Tanzania, and our on-going disputes with the Government.;What reasons are behind the elevated risk?;on-going challenges in the operating environment in Tanzania, and our on-going disputes with the Government
1728;As the Chairman fee had not been reviewed for a number of years it had fallen behind market practice. Therefore the Committee, with approval of the Board, has increased the total fees to £500,000, and increased the proportion paid in shares from 18% to 25%.;What were the implications of the Chairman fee not being reviewed for some years, given its decline in market practice?;the Committee, with approval of the Board, has increased the total fees to £500,000, and increased the proportion paid in shares from 18% to 25%
1729;As a result of the progress we have made in improving the performance of our business, we are pleased to declare our intention to pay an inaugural dividend to our equity shareholders.;What led them to declare their intention to pay an inaugural dividend to their equity shareholders?;the progress we have made in improving the performance of our business
1730;Using inflexible software, the bank realised that their incumbent system was not fit for purpose. After considering several options, our complaint management software was chosen due to its enhanced functionality and robust monitoring and reporting capabilities.;What did the use of inflexible software imply?;the bank realised that their incumbent system was not fit for purpose
1731;The year end consolidated balance sheet includes goodwill of £10.3million (2016: £10.3million) and acquired intangible assets of £1.2million (2016: £1.5million). £7.9million (2016: £7.9million) of the goodwill and all of the intangible assets' value arose as a result of the Group's acquisition of Enterprise Ventures.;What was the outcome of the Group's acquisition of Enterprise Ventures?;£7.9million (2016: £7.9million) of the goodwill and all of the intangible assets' value arose
1732;The average interest rate on the Group's borrowings during the year was 4.3% (2016: 3.4%) with the increase primarily due to the full year of interest on the 2023 £300m public bond.;What was the primary reason for the increase?;the full year of interest on the 2023 £300m public bond
1733;82 / Petrofac Annual report and accounts 2017 AUDIT COMMITTEE REPORT The Committee met four times during the year, coinciding with key points in the Company's financial reporting cycle. In May 2017, Jane Sadowsky stepped down from the Board and, as a consequence, left the Committee.;Why did Jane Sadowsky leave the Committee?;In May 2017, Jane Sadowsky stepped down from the Board
1734;Trade and other receivables increased 40.3% to US$402.1 million as a result of the increase in income tax recoverable, higher metal volumes sold which increased receivables and an increase in value added tax receivable.;What was the cause of trade and other receivables increasing 40.3% to US$402.1 million?;the increase in income tax recoverable, higher metal volumes sold which increased receivables and an increase in value added tax receivable
1735;The Company operates in numerous countries and as a consequence has foreign exchange exposure. The main operating currencies of the Company are the U.S. dollar, Pounds sterling, Swiss franc, Canadian dollar, Japanese yen and the Euro.;What explains the Company's foreign exchange exposure?;The Company operates in numerous countries
1736;In Europe, overall lending increased by $1.8bn owing to decreased lending in the UK of $2.8bn being offset by increased lending in the rest of Europe, mainly in France and Germany. In North America, lending increased by $2.3bn in the US and Canada.;What is the reason for the increase in overall lending by $1.8bn in Europe?;decreased lending in the UK of $2.8bn being offset by increased lending in the rest of Europe, mainly in France and Germany
1737;We know that our customers are keen to look for greener choices. However, given their limited mobility, public transport is, for them, rarely a viable option. We therefore aim to ensure that a range of lower emitting, higher MPG vehicle choices is available;What makes public transport rarely a viable option for them?;their limited mobility
1738;2. The value of shares held by Ian Griffiths is based on his holding at 29 December 2017 using a share price of 163.8 pence. Where the value of shares required to be held increases as a result of a salary increase (or an increase in the relevant percentage);What causes the value of shares required to be held to increase?;a salary increase (or an increase in the relevant percentage)
1739;Claim scenario workshops continued during 2017, which resulted in the incorporation of further wording enhancements into our existing programme. These workshops remain an integral part of the global insurance programme and greatly assist with gaining important insight into policy coverage and understanding how insurers are likely to respond to claims, based on hypothetical, but nonetheless realistic loss scenarios.;What did the claim scenario workshops in 2017 lead to?;the incorporation of further wording enhancements into our existing programme
1740;Strong cash management has continued through the year. We delivered an underlying free cash flow of £23.1m (2016: £56.8m) which was down on the prior year due to increased spend on replacement capital and the non-repeat of favourable inflows from the sale of receivables in Netherlands and Belgium last year.;What factors account for underlying free cash flow to be £23.1m, which was down on the prior year?;increased spend on replacement capital and the non-repeat of favourable inflows from the sale of receivables in Netherlands and Belgium last year
1741;Reputation risks are risks arising from a negative perception by customers, counterparties, shareholders, investors or regulators that can unfavourably affect a bank's capacity to remain in existence or establish new business relations and continue accessing sources of financing.;What prompts a reputation risk?;a negative perception by customers, counterparties, shareholders, investors or regulators that can unfavourably affect a bank's capacity to remain in existence or establish new business relations and continue accessing sources of financing
1742;The outcome of the negotiations on the UK's withdrawal and any subsequent negotiations on trade and access to the country's major trading markets, including the single EU market, is currently unknown. As a result, there is ongoing uncertainty over the terms under which the UK will leave the EU.;What explains the ongoing uncertainty over the terms under which the UK will leave the EU?;The outcome of the negotiations on the UK's withdrawal and any subsequent negotiations on trade and access to the country's major trading markets, including the single EU market, is currently unknown
1743;The effective tax rate for 2017 was 20.7% (2016: 18.6%), compared to an average statutory rate for the UK for 2017 of 19.25% (2016: 20%). The higher effective tax rate is largely due to the revaluation of U.S.-related deferred tax assets, driven by the reduction in the U.S. Federal corporate tax rate.;What were the consequences of the revaluation of U.S.-related deferred tax assets?;The effective tax rate for 2017 was 20.7% (2016: 18.6%), compared to an average statutory rate for the UK for 2017 of 19.25% (2016: 20%)
1744;Revenue was up by 7% at US$11,520 million compared with US$10,738 million in FY2016. The table on the right indicates the movement by segment. The increase was primarily driven by improved zinc and aluminium metal prices, improved volumes on account of our aluminium ramp up;What were the factors that contributed to the increase in revenue?;improved zinc and aluminium metal prices, improved volumes on account of our aluminium ramp up
1745;Similarly, the Articles of Association and the Board Regulations stipulate the maximum number of proprietary directors that can represent a single shareholder (without prejudice to the right of representation), which reinforces the role of independent directors, due to their high presence in different committees and the fact that proprietary directors that represent a single shareholder are prohibited from participating in decisions for proposing and appointing independent directors.;What factors contribute to the strengthening of the position of independent directors?;their high presence in different committees and the fact that proprietary directors that represent a single shareholder are prohibited from participating in decisions for proposing and appointing independent directors
1746;This year, our environmental indicators have improved due to higher revenues and economies of scale.;Why have their environmental indicators improved this year?;higher revenues and economies of scale
1747;"• Product or service quality and customer satisfaction: the customer is the focal point of Indra’s activity; for this reason, the company maintains the necessary certifications to ensure the quality of the products and services it offers and conducts a customer satisfaction survey in order to detect areas in which it may improve. See Section 6 of this report.";What are the effects of the customer being the focal point of Indra’s activity?;the company maintains the necessary certifications to ensure the quality of the products and services it offers and conducts a customer satisfaction survey in order to detect areas in which it may improve
1748;The board views the non-executive director as independent of the board, notwithstanding his tenure being more than 10 years, due to the range and depth of his external commitments and experience in the property sector.;What factors drive the board's decision to consider the non-executive director independent, despite his tenure being more than 10 years?;the range and depth of his external commitments and experience in the property sector
1749;The Group's bank interest payable in FY17 was £24.0m, an increase of £6.9m. The increase was driven by higher average net debt primarily as a result of the Peacock Foods acquisition. £1.8m of interest on major projects was capitalised during the period (FY16: £1.3m).;What was the outcome of the Peacock Foods acquisition?;The Group's bank interest payable in FY17 was £24.0m, an increase of £6.9m. The increase was driven by higher average net debt
1750;We were appointed by the Directors on 13th December 2017 to audit the financial statements for the year ended 31st December 2017 and subsequent financial periods. This is therefore our first year of uninterrupted engagement.;Why is this year their first year of uninterrupted engagement?;We were appointed by the Directors on 13th December 2017 to audit the financial statements for the year ended 31st December 2017 and subsequent financial periods
1751;We also understand there is a need to provide better pricing to customers. This will involve a move away from promotional offers and vouchers, and towards a simpler, more competitive approach. We therefore initiated pricing changes in the fourth quarter with the Switch & Save campaign.;Why did they initiate pricing changes in the fourth quarter with the Switch & Save campaign?;We also understand there is a need to provide better pricing to customers. This will involve a move away from promotional offers and vouchers, and towards a simpler, more competitive approach
1752;Neil Johnson OBE Chairman Overview In challenging times, it's never been more important that we provide reliable and affordable support, helping our customers achieve worry-free independence and freedom. I am delighted, therefore, that this year has seen us maintain outstanding levels of customer satisfaction of 98%;What is the reason the chairman is delighted that this year has seen the maintenance of outstanding customer satisfaction levels of 98%?;In challenging times, it's never been more important that we provide reliable and affordable support, helping our customers achieve worry-free independence and freedom
1753;Heavy delays to newbuildings under construction mean that tankers scheduled for delivery in 2016 slipped into 2017 and beyond and resulted in lower overall fleet growth in 2016 than expected.;What explains the lower overall fleet growth in 2016 than expected?;tankers scheduled for delivery in 2016 slipped into 2017 and beyond
1754;Angie Risley was appointed to the Board on 18 September 2017 and will be appointed Chairman of the Committee with effect from 12 April 2018, subject to her re-election. Vinita Bali was unable to attend one meeting due to a prior commitment. She had signified her approval of the matters being discussed to the Remuneration Committee Chairman prior to the meeting.;What is the reason Vinita Bali was unable to attend one meeting?;a prior commitment
1755;The Directors are also responsible for safeguarding the assets of the Group and Company and hence for taking reasonable steps for the prevention and detection of fraud and other irregularities.;Why are the Directors responsible for taking reasonable steps for the prevention and detection of fraud and other irregularities?;The Directors are also responsible for safeguarding the assets of the Group and Company
1756;The key strengths of our operating business are our people, our PRISM operating platform, our brand and the strength of our relationships with Universities. We have continued to build on these throughout 2017, resulting in a 12% increase in EPRA earnings to £70.5 million (2016: £62.7 million). This growth has again been driven by high occupancy, rental growth and the impact of portfolio movements, as well as further operational efficiencies and ongoing cost discipline.;What was the result of high occupancy, rental growth, portfolio movements, further operational efficiencies, and ongoing cost discipline?;a 12% increase in EPRA earnings to £70.5 million (2016: £62.7 million)
1757;iii. Due to the nature of their niche technical skills requirement, EID, MASS and SEA have a fixed level of core software and hardware engineering and technical expertise.;What does the requirement for niche technical skills entail for the organization?;EID, MASS and SEA have a fixed level of core software and hardware engineering and technical expertise
1758;Variable remuneration – sales team Sales staff are rewarded based on a qualitative behavioural scorecard and the achievement of quantitative growth targets of the Group, set on an annual basis by the Board.;What determines the sales team's remuneration?;a qualitative behavioural scorecard and the achievement of quantitative growth targets of the Group, set on an annual basis by the Board
1759;"We recognise that our highly skilled people are the key to success within our organisation; ensuring that they are fully trained in their fields is critical to achieving that success. As such, we place a large emphasis on ensuring that our training programmes work effectively for our people and business needs.";What accounts for the emphasis on ensuring that training programs effectively meet the needs of both people and the business?;"We recognise that our highly skilled people are the key to success within our organisation; ensuring that they are fully trained in their fields is critical to achieving that success"
1760;Deloitte are members of the Remuneration Consulting Group and, as such, operate under the Code of Conduct in relation to executive remuneration consulting in the UK. During the year, the Committee reviewed the advice provided by Deloitte and has confirmed that it has been objective and independent.;What is the impact of Deloitte being members of the Remuneration Consulting Group?;operate under the Code of Conduct in relation to executive remuneration consulting in the UK
1761;The Company does not present an 'on target' figure because the incentive scheme is structured with stretching targets which if achieved result in the executives receiving their maximum remuneration as depicted in the graphs below.;What led the Company not to represent an 'on target' figure?;the incentive scheme is structured with stretching targets which if achieved result in the executives receiving their maximum remuneration
1762;There are no annual bonus outcomes to report in the table as the Admiral DFSS bonus is not structured as a traditional annual bonus scheme and consequently a vesting outcome (as a percentage of max) is meaningless.;Why are there no annual bonus outcomes to report in the table?;the Admiral DFSS bonus is not structured as a traditional annual bonus scheme
1763;Improvement in the macro indicators with respect to the previous year, with a GDP growth owing to the increase in private consumption and firm's investment, driven in a great measure by the reduction in interest rates (SELIC), with minimum historical levels, and the boost from exports arising from the depreciation of the Brazilian real. Additionally, expectations for the next years are optimistic, and macro indicators are expected to continue improving, with a gradual normalisation of interest rates.;What contributed to the GDP growth?;the increase in private consumption and firm's investment, driven in a great measure by the reduction in interest rates (SELIC), with minimum historical levels, and the boost from exports arising from the depreciation of the Brazilian real
1764;All instances of Board and committee meeting non-attendances throughout the year were due to ad-hoc meetings being arranged at short notice meaning members were unable to attend due to prior engagements.;What was the reason for all instances of Board and committee meeting non-attendances throughout the year?;ad-hoc meetings being arranged at short notice meaning members were unable to attend
1765;In light of recent disclosures, a review of the effectiveness of the Corporate Governance and Financial Reporting procedures is to be undertaken, and the effective operation of the Committee will be encompassed within that review.;What were the implications of recent disclosures?;a review of the effectiveness of the Corporate Governance and Financial Reporting procedures is to be undertaken, and the effective operation of the Committee will be encompassed within that review
1766;We have an extensive operations' footprint across 30 countries. Our broad range of products are therefore never far from where they need to be, allowing us to meet our customers' needs quickly and easily, as well as reducing the number of deliveries to our customers;Why are they never far to ensure rapid order fulfillment, customer satisfaction, and optimized delivery routes?;We have an extensive operations' footprint across 30 countries
1767;Information Security forms an essential part of Indra’s business strategy, owing to the impact it has on its activity and that of its customers. For this reason the necessary measures for its protection must be established.;Why is it necessary to establish measures for information protection?;Information Security forms an essential part of Indra’s business strategy, owing to the impact it has on its activity and that of its customers
1768;In 2018, sales rose by 0.8% as a result of a slight recovery in the general economic situation and also in the construction industry.;What triggered the 0.8% rise in sales?;a slight recovery in the general economic situation and also in the construction industry
1769;Macfarlane Group uses total turnover (£000) in the reporting period to calculate the intensity ratio, as this allows emissions to be monitored over time taking into account changes in the size of the Group. This factor was chosen because it provides the greatest degree of accuracy.;What were the consequences of Macfarlane Group using total turnover to calculate the intensity ratio in the reporting period?;this allows emissions to be monitored over time taking into account changes in the size of the Group
1770;Access to and transport and use of plasma may be subject to restrictions by governmental agencies both inside and outside the United States. As a result, the Company's ability to match its collection and production of plasma-based therapies to market demand is imprecise.;What explains the imprecision in the Company's ability to match its collection and production of plasma-based therapies to market demand?;Access to and transport and use of plasma may be subject to restrictions by governmental agencies both inside and outside the United States
1771;Our rental activities in the power reliability market in western economies enjoyed another record year and turnover was up 10.7% to £6.2 million (2016: £5.6 million). Overall rental revenue was down to £ 11.2 million (2016: £12.5 million) due to the continued downturn in the oil and gas markets.;What did the continued downturn in the oil and gas markets result in?;Overall rental revenue was down to £ 11.2 million (2016: £12.5 million)
1772;All the Directors are resident in the UK and their biographical details, which are set out on page s 26 and 27, demonstrate the wide range of skills and experience that they bring to the Board. In view of the Company's size and as the Board is comprised of only five Directors, all of whom are independent, the Board considers it sensible for all the Directors to be members of the Audit Committee and of the Nomination and Remuneration Committee.;What is the impact of the Company's small size and having a Board comprised of only five independent Directors?;the Board considers it sensible for all the Directors to be members of the Audit Committee and of the Nomination and Remuneration Committee
1773;A further issue stemming from the platform engineering concept relates directly to the manufacturing process itself. Our manufacturing partner operates in a small batch-size environment, resulting in a more job-shop approach rather than a large scale manufacturing process and as a consequence has lost productivity due to frequent changeovers.;What is the implication of their manufacturing partner operating in a small batch-size environment?;a more job-shop approach rather than a large scale manufacturing process
1774;Headline cost per seat excluding fuel increased by 7.7% to £41. 27 and increased by 0.9% at constant currency. This increase is mainly due to continued inflationary pressures in the market, particularly at regulated airports, and higher disruption costs as a result of a greater level of EU 261 compensation;What factors led to the headline cost per seat excluding fuel increasing by 7.7% to £41.27 and by 0.9% at constant currency?;continued inflationary pressures in the market, particularly at regulated airports, and higher disruption costs
1775;Although it is a defined benefit plan, the employer's obligation for the provision of pension benefits is fixed at 20% of salary (and previously capped at 60,000 p.a.). Consequently, RPC is no longer expected to be exposed to any material actuarial risks in relation to the accrued benefits;Why is RPC no longer expected to be exposed to any material actuarial risks in relation to the accrued benefits?;the employer's obligation for the provision of pension benefits is fixed at 20% of salary (and previously capped at 60,000 p.a.)
1776;Major product programme delivery Since last year, the level of risk for the major product programme delivery principal risk has increased. This is due to in-service issues that we have experienced with our Trent 1000 and Trent 900 engines (see page 24) and the resources required to mitigate the impact;What are the reasons behind the increased level of risk for the major product programme delivery principal risk since last year?;in-service issues that we have experienced with our Trent 1000 and Trent 900 engines (see page 24) and the resources required to mitigate the impact
1777;Internal Audit is independent of the business, and as such has no responsibility for operational business management. This ensures the integrity and objectivity of its annual Audit Plan work, which is approved by the Committee. The authority of the Internal Audit function is derived from the Committee.;What are the implications of the Internal Audit being independent of the business?;has no responsibility for operational business management
1778;Shareholders will be aware that the Fund's portfolio contains stocks which the Manager considers to be high-quality and feels are priced attractively. Consequently, during times when emerging stock markets appreciate very rapidly and are driven by a narrow sector of the market, the Fund's performance is likely to lag that of the broader market or indices heavily influenced by that sector.;What are the effects of shareholders being aware that the Fund's portfolio contains high-quality, attractively-priced stocks according to the Manager?;during times when emerging stock markets appreciate very rapidly and are driven by a narrow sector of the market, the Fund's performance is likely to lag that of the broader market or indices heavily influenced by that sector
1779;As the proposals remain in draft, it is uncertain what the final requirements and timing will be. Under the BoE's statement of policy on MREL, the BoE will set MREL for UK G-SIBs as necessary to implement the TLAC standard and institution or group-specific MREL requirements will depend on the preferred resolution strategy for that institution or group.;What does the proposal being in draft phase translates to?;it is uncertain what the final requirements and timing will be
1780;While competitive initiatives led to a reduction in gross margin in the full year, this was more than offset by cost reduction initiatives. As a result our overall operating margin improved 0.4 percentage points on an underlying basis and 0.5 percentage points on a reported basis to 11.8% (2016: 11.3%).;What did competitive initiatives cause?;a reduction in gross margin in the full year
1781;Under the provisions of the Company's Articles of Association, all Directors are subject to election at the first Annual General Meeting after their appointment and thereafter to re-election every three years.;What are the implications of the provisions of the Company's Articles of Association?;all Directors are subject to election at the first Annual General Meeting after their appointment and thereafter to re-election every three years
1782;Expensed administration costs in 2017 were reduced to £7.7 million (2016: £10.2 million) mainly due to an additional charge in 2016 of £2.0 million following a true-up of 2015 timewriting rates, and due to increased activity on operated assets (in particular Brasse) leading to a higher G&A recharge to assets.;What accounts for the reduction in expensed administration costs to £7.7 million in 2017?;an additional charge in 2016 of £2.0 million following a true-up of 2015 timewriting rates, and due to increased activity on operated assets (in particular Brasse) leading to a higher G&A recharge to assets
1783;The consumer price index (CPI) closed 2018 with a year-on-year value of 1.2% (with core inflation, a value that does not include changes in the price of energy products or unprocessed fresh foods, which ended the year at 0.9%), following a fall of more than one percent during the last two months of the year, such that the value at the end of 2018 was one tenth more than at the end of 2017 (1.1%). In the aforementioned subsegment, the fall in transport, clothing and healthcare products stands out, with, in contrast, an increase in medical services. The Harmonised Index of Consumer Prices (HICP), which measures the trend in prices using the same method in all countries of the Eurozone, also ended the year at 1.2%. The National Institute of Statistics (NIS) confirmed that the figure for the decrease in inflation at the end of the year was a result of the reduction in fuel prices, especially diesel and petrol, which consequently led to the containment of inflation in all products and services, with transportation implications. In contrast, products associated with leisure and culture increased their prices the most in the final third of the year, driven by the rise in tourism package prices. In December 2018, the highest year-on-year inflation was recorded in the Canary Islands, Catalonia and Madrid (all at 1.4%), as well as Navarre, which also ended the year above the Spanish average (1.3%). Only Melilla ended the year Furthermore, consumer confidence in Spain ended the year at 90.9 points (negative confidence), which was the lowest level in the last two years (consumer perception must be above 100 points in order to be considered positive). In 2018, consumer confidence in Spain fell by 11.5 points (in line with the decrease of the same indicator in the Eurozone by figures close to 2.3 points), following the reduction of the two components of the indicator (current situation and expectations).;What was the factor responsible for the stabilisation of inflation in all transportation-related products and services and the sudden decrease of the inflation ratio?;the reduction in fuel prices, especially diesel and petrol
1784;Chairman Margaret Ford retired from the Board at the February 2017 AGM. As a result the Nominations Committee oversaw the selection of Mark Clare as Non-Executive Chairman with effect from the February 2017 AGM. In accordance with best practice, this was led by Belinda Richards as Senior Independent;What was the consequence of Chairman Margaret Ford retiring from the Board?;the Nominations Committee oversaw the selection of Mark Clare as Non-Executive Chairman with effect from the February 2017 AGM
1785;In light of this performance, the Board is recommending a final dividend of 1.5p per share, to give a total dividend for the year of 3.0p per share.;What does this performance entail?;the Board is recommending a final dividend of 1.5p per share, to give a total dividend for the year of 3.0p per share
1786;(11) WAIO – BKM Ore Reserves have increased due to Mineral Resource classification upgrades at Newman JV and Mining Area C. CID Ore Reserves have decreased after a processing capability re-evaluation of lower CID. Reserve Life remains the same due to an increase in nominated production rate;What factor led to Ore Reserves increasing?;Mineral Resource classification upgrades at Newman JV and Mining Area C
1787;Our simplification journey Pearson enters 2018 in a strong financial position because of tight management of costs, actions to simplify the portfolio and a sharper focus on the biggest opportunities – areas that are consistent with our previously announced simplification strategy.;What factors led to Pearson entering 2018 in a strong financial position?;tight management of costs, actions to simplify the portfolio and a sharper focus on the biggest opportunities – areas that are consistent with our previously announced simplification strategy
1788;The £4.2 m lower trade receivables, commented on earlier, provides a flattering, although exceptional impact on the net cash from operations that would be expected to reverse in FY 18.;What are the results of the £4.2 million decrease in trade receivables?;a flattering, although exceptional impact on the net cash from operations that would be expected to reverse in FY 18
1789;On 31 December, provisions for insolvency risk stood at EUR 6,014 million. Its evolution in comparison with the previous year-end reflects the entry into force of the IFRS 9 on 1 January 2018, which produced an increase of EUR 791 million for credit loss allowances. Furthermore, its evolution is influenced by the recoverable value adjustments to the loan exposures, the cancellation of the debt derived from the purchase and foreclosure of real estate, and the derecognition and write-off of assets.;What factor contributed to the evolution of provisions for insolvency risk which stood at 6,014 euros and to a 791 million euros growth for credit loss allowances?;the entry into force of the IFRS 9 on 1 January 2018
1790;Action taken this year to simplify the business included the successful organisation transformation and restructure of Head Office. Role reductions were made and there was no overall impact on engagement scores for this population. Employee engagement within the total business increased to 81%. As a result of this performance, maximum payment was made under this measure (10%).;What was the effect of the 81% increase in employee engagement within the total business?;maximum payment was made under this measure (10%)
1791;To determine its exposure to these risks, Repsol has developed its own analysis method, given that no standard methodology is available in the industry, adjusting the risk analysis methodology in the short term (5-year horizon typical of a cycle of strategic planning) in order to extend its scope to medium and long-term risks.;What is the implication of Repsol having developed its own analysis method due to no standard methodology existing in the industry?;adjusting the risk analysis methodology in the short term (5-year horizon typical of a cycle of strategic planning) in order to extend its scope to medium and long-term risks
1792;Having made that assessment, the Board is completely satisfied that he remains independent in judgement and character. Stephen will therefore stand for re-election at this year's AGM. As advised last year, it has been agreed that Stephen will not take part in any considerations of the valuation of the Group's property portfolio.;What does Stephen's decision to stand for re-election at this year's AGM result from?;the Board is completely satisfied that he remains independent in judgement and character
1793;The US Dollar PGM basket price (including by-products) increased by 6% compared to the 2016 average price, resulting in an increase in revenue of $89 million. It should be noted that whilst the US Dollar basket price increased compared to 2016, in Rand terms the basket price (including by-products) decreased by 3% driven by the stronger Rand.;What is the $89 million increase in revenue owed to?;The US Dollar PGM basket price (including by-products) increased by 6% compared to the 2016 average price
1794;b) Where actual energy consumption data cannot be obtained we have estimated emissions, pro-rata, based on the data recorded by similar sites in the Group. Using this methodology, the estimated emissions from these sites equate to 0.4% of the Group' s total emissions.;What is the result of this methodology on sites where actual energy consumption data cannot be obtained?;the estimated emissions from these sites equate to 0.4% of the Group' s total emissions
1795;Over the past year, REL has focussed on maintaining capital flexibility for its existing investments and as a result has not participated in new investments by Riverstone's Global Energy & Power Fund VI.;What does REL's participation in new investments by Riverstone's Global Energy & Power Fund VI stem from?;Over the past year, REL has focussed on maintaining capital flexibility for its existing investments
1796;Due to the size and composition of the Board, the Group does not operate a nomination committee. New Director appointments are therefore a matter for the Board as a whole.;What are the implications of the size and composition of the Board?;the Group does not operate a nomination committee
1797;Operating expenses EBITDA grew by 26% from £8.0m to £10.1m, part of this growth was due to the improvement in margins from moving the infrastructure into the cloud which now allows the platform to scale globally.;What factor contributed to the 26% growth in Operating Expenses EBITDA, from £8.0m to £10.1m?;the improvement in margins from moving the infrastructure into the cloud which now allows the platform to scale globally
1798;Medium as likelihood of volatility is high but the potential impact at present is low due to the quantum of investment in Ireland.;What caused the potential impact being low at present?;the quantum of investment in Ireland
1799;The effective tax rate on Underlying Profits was 21%. The effective tax is higher than the prevailing rate due to certain charges being disallowed for UK corporation tax. During the second half of the year, the Group successfully concluded negotiations with HMRC in respect of certain historic expenditures.;What causes the effective tax to be higher than the prevailing rate?;certain charges being disallowed for UK corporation tax
1800;"• Specific risks for 2018: reduced flexibility to manage the business due to new controls agreed with lenders; breach of revised banking covenants; and inability to execute corporate actions including funding development projects such as Sea Lion.";What factor led to reduced flexibility to manage the business?;new controls agreed with lenders
1801;Following a competitive tender process, PwC were appointed the Group's auditors in December 2011 and have therefore served as the Group's auditors since the conclusion of the 2012 AGM. Accordingly, the 2017 audit is PwC's sixth consecutive audit.;Why have PwC served as the Group's auditors since the conclusion of the 2012 AGM?;PwC were appointed the Group's auditors in December 2011
1802;Professional fees tax effected based on the applicable rate in the UK in the period in which incurred. Share-based compensation is not deductible for tax purposes and therefore not tax-affected.;Why shared-based compensation is not tax-affected?;Share-based compensation is not deductible for tax purposes
1803;Total net assets at 31 December 2017 were £35.7 million compared to £41.8 million in 2016. The decrease in net assets during the year is due to the loss for the year of £4.6 million and the negative movements in the foreign exchange reserve of £1.5;What were the reasons for the decrease in net assets during the year?;the loss for the year of £4.6 million and the negative movements in the foreign exchange reserve of £1.5
1804;The Spitfire brand has broadened its appeal thanks to a portfolio consisting of lager, gold and amber variants.;What does Spitfire brand's broadened appeal owe to?;a portfolio consisting of lager, gold and amber variants
1805;The foreign currency risk to which the Group is exposed as a result of its operations in the international sphere is managed in accordance with the Market Risks Policy, which envisages various strategies aimed at reducing that risk, such as, for example, the arrangement of financial or natural hedges, ongoing monitoring of exchange rate fluctuations and other complementary measures.;What factores lead to the foreign currency risk to which the Group is exposed being managed in accordance with the Market Risks Policy?;its operations in the international sphere
1806;Revenues have stayed broadly flat. Adjusted operating profit 1 has reduced to £82.0m (2016: £95.2m). Reported operating profit before other items reduced to a loss of £(6.3)m (2016: profit £113.9m), after writing off £88.3m as a result of the balance sheet review.;What did the balance sheet review lead to?;Reported operating profit before other items reduced to a loss of £(6.3)m (2016: profit £113.9m), after writing off £88.3m
1807;Finance and Marketing transitioned 100% into the SSC, other functions partially transferred with benefits in in-country back office staff reductions between 30-70%. Standardised processes and systems have resulted in the cost per fee earner reducing by 21%. Extension of the centre concept is being planned for extension to other geographies. The Global Finance System went live in the UK Shared Service Centre with further countries to be rolled out, introducing standards and simplifying processes to drive efficiency.;What did standardised processes and systems bring about?;the cost per fee earner reducing by 21%
1808;Based on our professional judgement, we determined materiality for the financial statements as a whole as follows: Group materiality £1.90m (2016: £1.67m).;What happened due to their professional judgement?;we determined materiality for the financial statements as a whole as follows: Group materiality £1.90m (2016: £1.67m)
1809;— The like-for-like occupancy rate across the portfolio has continued to grow due to flexibility offered on deals by in-house marketing and the customer support centre.;What factors led to the continued growth in the like-for-like occupancy rate across the portfolio?;flexibility offered on deals by in-house marketing and the customer support centre
1810;Revenues and margins may be adversely affected should competitors launch a novel or generic product that competes with one of our unique products upon the expiry or early loss of patents. Costs may increase due to defensive marketing activity.;What may cause costs to increase?;defensive marketing activity
1811;There was also an increase in geographic diversity linked to executed projects because of engagements made as part of the agreement with UNICEF.;What led to a greater geographic variety?;executed projects because of engagements made as part of the agreement with UNICEF
1812;Because of the write-offs in goodwill over the past few years, the Company, in accounting terms, is currently prevented from paying a dividend. Therefore, as part of the business carried out at the Annual General Meeting, a resolution will be put forward to enable the Company to undertake a capital reduction.;What is the reason the Company is currently prevented, in accounting terms, from paying a dividend?;the write-offs in goodwill over the past few years
1813;This patented product delivers significant value to both our customers and the end user markets as the SyNovus® formulation significantly reduces the required operating temperature of glove manufacturing lines, reducing both energy costs and the associated environmental impact.;Why this patented product delivers significant value to both customers and the end user markets?;the SyNovus® formulation significantly reduces the required operating temperature of glove manufacturing lines
1814;Due to the current uncertainties with the Brexit negotiations the Group is still considering appropriate mitigation strategies. However, the bulk of the Group's operations and revenues are UK-based. Romania and Ireland will remain within the EU and are unlikely to be significantly affected by Brexit.;What is the reason the Group is still considering appropriate mitigation strategies?;the current uncertainties with the Brexit negotiations
1815;Due to the high profile of the Group, the Committee reserves the right to provide our Executives with the appropriate level of security arrangements to allow them to perform their duties in the safest possible conditions.;What are the implications of the high profile of the Group?;the Committee reserves the right to provide our Executives with the appropriate level of security arrangements to allow them to perform their duties in the safest possible conditions
1816;We made some adjustments to our proposition in 2017, given the potential uncertainty ahead and tight margins in certain areas. We therefore decided to restrict lending growth in consumer, and commercial real estate sectors.;What prompted the adjustments to their proposition in 2017?;the potential uncertainty ahead and tight margins in certain areas
1817;As a result of the dividend payout and the share buyback programme – in the absence of inorganic investment opportunities that meet the criteria for financial discipline in investment – Naturgy shareholders may be up for a total of Euros 1,5 billion in remuneration to be charged against the results of 2018, 50% higher than the previous year.;What is the impact of returning capital to shareholders through dividends and buybacks?;Naturgy shareholders may be up for a total of Euros 1,5 billion in remuneration to be charged against the results of 2018, 50% higher than the previous year
1818;The Committee discussed the Group's approach to the new revenue standard (IFRS 15). The standard does not apply to transactions that are accounted for in accordance with IFRS 9 and, as a result, the impact on the Group is not significant.;Why is the impact of the standard on the Group not significant?;The standard does not apply to transactions that are accounted for in accordance with IFRS 9
1819;Operating cash flow rose by 1% in headline terms, despite a decrease in adjusted operating profit, driven by a strong cash conversion of 116% driven by tight working capital control, strong collections and high Penguin Random House cash dividends.;What factors are owed to the strong cash conversion of 116%?;tight working capital control, strong collections and high Penguin Random House cash dividends
1820;The Committee has included TSR in the LTIP performance conditions for the 2017 award and intends to continue to use it under the new policy because TSR is aligned to shareholders' ownership experience. The Committee recognises the range of shareholder views on TSR as a performance measure for LTIP awards;What is the reason for the Committee to continue using TSR under the new policy?;TSR is aligned to shareholders' ownership experience
1821;The Group had a reduced finance credit of £1.1m (2016: £2.4m) arising from the unwinding of the discount on its available for sale financial assets during 2017 as the portfolio was sold during the year. There were also other expenses of £0.2m (2016: income of £0.3m).;What motivated the Group's £1.1m reduction in finance credit, compared to 2016's £2.4m?;the unwinding of the discount on its available for sale financial assets during 2017
1822;Goodwill The goodwill on the Group's balance sheet at 31 December 2017 decreased to £874 million (2016: £937 million). The decrease was due to currency translation differences of £46 million and the disposal of goodwill relating to Heery International Inc of £17 million.;What factors contributed to the decrease in goodwill on the Group's balance sheet to £874 million as of 31 December 2017?;currency translation differences of £46 million and the disposal of goodwill relating to Heery International Inc of £17 million
1823;A sub-committee meeting comprising the Chairman, Audit Committee Chair and executive directors was held on 8 September 2016. Katherine Innes Ker and Nick Horler were therefore eligible to attend four unscheduled Board meetings.;What is the reason Katherine Innes Ker and Nick Horier are eligible to attend four unscheduled Board meetings?;A sub-committee meeting comprising the Chairman, Audit Committee Chair and executive directors was held on 8 September 2016
1824;There were five Committee meetings during 2017 and the Directors' attendance during that period was as follows: 1 Vicky Jarman and Dr Tim Miller were unable to attend one meeting due to prior commitments.;What led to Vicky Jarman and Dr Tim Miller being unable to attend one meeting?;prior commitments
1825;The Committee's activities in 2017 included: – Receiving reports on cultural change and challenging management to ensure that performance management outcomes and incentives and were directly linked to the Santander values and positive behaviours. Time spent on culture reduced as a result of such matters transferring to the Responsible Banking Committee.;What caused the reduction in time spent on culture?;such matters transferring to the Responsible Banking Committee
1826;Our polyhalite product contains four of the six macro-nutrients (potassium, sulphur, magnesium and calcium) required for plant growth. Polyhalite is an effective, direct application, multi-nutrient fertilizer and can also be combined with nitrogen and phosphorous to create high-value NPK fertilizer products that contain all six macro- nutrients. As such, we are less exposed to the existing potash supply structure with respect to product supply and demand dynamics.;What is the explanation for the low exposure to the existing potash supply structure regarding product supply and demand dynamics?;Polyhalite is an effective, direct application, multi-nutrient fertilizer and can also be combined with nitrogen and phosphorous to create high-value NPK fertilizer products that contain all six macro- nutrients
1827;The CAF Group adopts the measures that it considers necessary to ensure that employees can exercise their rights to freedom of association and collective bargaining in all the countries where it operates. It also has the required measures in place to prevent child labour, forced or compulsory labour or the assignation of hazardous labour to young people, both in its own operations and upstream among its suppliers, thanks to the collaboration with Ecovadis detailed in the “Social Matters” section, and the oversight activities performed to ensure compliance with the Code of Conduct in CAF’s core activity at domestic and international levels. In 2017 the Group published a slavery and human trafficking statement in accordance with UK Modern Slavery Act 2015.;What causes the CAF Group having the required measures in place to prevent child labour, forced or compulsory labour or the assignation of hazardous labour to young people, both in its own operations and upstream among its suppliers?;the collaboration with Ecovadis detailed in the “Social Matters” section, and the oversight activities performed to ensure compliance with the Code of Conduct in CAF’s core activity at domestic and international levels
1828;The return on capital employed rose in the current year to 19.3% from 17.1% in 2016. Free cash flow increased to £83.0m (2016: £60.5m) as a result of our improved profitability and in spite of increased capital expenditure to support the future growth of the business.;What caused free cash flow to increase to £83.0 million in 2017?;our improved profitability
1829;In 2018 the majority of employees across the Group have received average salary increases ranging from 2.0%–3.25%, dependent on geographical location with the principal exception being those employees based in Brazil, Latin America and China where, due to inflation, current market salary increases are higher.;What factor led to employees based in Brazil, Latin America, and China receiving higher salary increases compared to other regions?;inflation
1830;Cumulative free cash flow is defined as net cash inflow from operating activities, less capital expenditure, less the cash flow input of certain adjusted items. Free cash flow is the most appropriate measure of cash flow performance because it relates to cash generated to finance additional investments in business opportunities;What factor explains that free cash flow is the most appropriate measure of cash flow performance?;it relates to cash generated to finance additional investments in business opportunities
1831;Group adjusted operating margins declined by 80bps to 5.5% (2016: 6.3%), primarily due to an increase in operating costs from investments in the Group's customer propositions, together with a 20bps decline in gross margins.;What factors drove the Group's decline in adjusted operating margins by 80bps, to 5.5%, compared to 2016's 6.3%?;an increase in operating costs from investments in the Group's customer propositions, together with a 20bps decline in gross margins
1832;Gross margin was 71.3% (2016: 76.3%). The decrease was due to the change in mix towards the lower margin commercial activity in the Africa and Asia Pacific region, as a result of a full year's contribution from Link. The gross margin from the Specialty Pharmaceutical products was broadly unchanged.;What drove the decrease in the gross margin to 71.3%, compared to 76.3% in 2016?;the change in mix towards the lower margin commercial activity in the Africa and Asia Pacific region
1833;Profit after tax rose from $68.1m in 2016 to $117.6m, driven by underlying earnings growth and a one-off tax credit as result of changes to US tax legislation.;What factors contributed to the rise in profit after tax from $68.1m in 2016 to $117.6m?;underlying earnings growth and a one-off tax credit
1834;Underlying attributable profit was 4% lower in euros at EUR 1,705 million, 8% higher excluding the exchange rate impact, due to greater customer revenue and lower provisions.;What was the effect of the greater customer revenue and lower provisions?;Underlying attributable profit was 4% lower in euros at EUR 1,705 million
1835;The internal control system is designed to manage risk rather than eliminate it and can therefore only provide reasonable and not absolute assurance against material misstatement or loss. The Board confirms that there are on-going processes for identifying, evaluating and managing the significant risks faced by the Group.;What is the reason for the internal control system being able to provide only reasonable and not absolute assurance against material misstatement or loss?;The internal control system is designed to manage risk rather than eliminate it
1836;Subsequent programme updates were provided at the September and November Committee meetings. The Committee was confident that the Group was doing all that it could to be compliant by the deadline and that any outstanding challenges were common across the industry primarily due to market-wide issues and dependencies.;What is the primary cause of the outstanding challenges being common across the industry?;market-wide issues and dependencies
1837;The average estimated time dedicated by each member of the committee to preparing for and participating in meetings held in 2018 was approximately four hours per meeting, with the chairman estimated to have spent double that time per meeting. Annual assessment of the functioning and performance of the committee and fulfilment of the goals set for 2018 The committee's effectiveness during 2018 was considered as part of the overall internal assessment of board effectiveness carried out internally this year. The committee considered the findings and suggested actions resulting from the review and related to the appointments committee. In 2018, the committee successfully addressed all the challenges put forward for the year and identified in the 2017 activities report. In particular, confirmed its leadership role in the proper composition of the board of directors achieving a broader geographical diversity as a result of the incorporation of Mr Alvaro Cardoso de Souza in 2018 and reviewing also its own composition avoiding the identity of its members with those of the remuneration committee, in line with the best practices. The self-assessment process positively rated both the composition of the committee and the very high degree of dedication among its members, as well as the chairman's leadership. The frequency and duration of its meetings were also found to be appropriate for its proper functioning and for the performance of their duties and that sufficient and accurate documentation was provided on the topics discussed, the proper presentation of which strengthened the quality of the debates among members and sound decision-making. 2019 priorities;What contributed to the confirmation of the leadership role in the proper composition of the board of directors achieving a broader geographical diversity and reviewing its own composition avoiding the identity of its members with those of the remuneration committee, in line with the best practices?;the incorporation of Mr Alvaro Cardoso de Souza in 2018
1838;• We have finalised a new standard for the technological and physical security of all our business units. Implementation has taken more time than expected due to the extent of the new arrangements and the increased scope. However, we are planning to complete implementation for all business units during 2018.;What is the reason the implementation of the new standard has taken more time than expected?;the extent of the new arrangements and the increased scope
1839;The ramp up of the entire plant has been successful due to the experience of our in-house construction team and SENET, our EPCM engineering contractor. The Company is pleased to report that Yanfolila has a 95% Malian work force, with the supervisors and control room operators having been recruited;What led to the ramp up of the entire plant to be successful?;the experience of our in-house construction team and SENET, our EPCM engineering contractor
1840;AISC of US$803 per ounce sold was 10% higher than 2016 (US$733/oz) primarily due to higher cash costs as explained above (US$88/oz) and the impact of the lower production base (US$51/oz), partly offset by lower capitalised development costs (US$45/oz) and lower sustaining capital expenditure (US$18/oz).;What caused the AISC to increase to US$803 per ounce sold, which is 10% higher than the 2016 cost of US$733 per ounce?;higher cash costs as explained above (US$88/oz) and the impact of the lower production base (US$51/oz)
1841;(i) a worse net sales mix with branded products, in which sales volumes rose but the net value was considerably reduced by promotion activities (with an impact of -€2.5 million), (ii) the smaller contribution by Roland Monterrat products owing to tougher price competition in the sandwich market (-€2 million) and (iii) cost inflation of raw and auxiliary materials, especially in the case of fragrant varieties, meat for fillings and transport, in spite of a positive performance by durum wheat (-€4.5 million overall).;What are the reasons behind the smaller contribution by Roland Monterrat products?;tougher price competition in the sandwich market (-€2 million) and (iii) cost inflation of raw and auxiliary materials, especially in the case of fragrant varieties, meat for fillings and transport, in spite of a positive performance by durum wheat (-€4.5 million overall)
1842;During the year the Remuneration Committee reviewed the salary of the CEO who was awarded an increase of 2% in line with increases for the wider workforce. Given that Darren Bryant has informed the Board that he wishes to retire following the appointment of a successor and an appropriate handover period, his salary has not been reviewed.;Why has Darren Bryant's salary not been reviewed?;Darren Bryant has informed the Board that he wishes to retire following the appointment of a successor and an appropriate handover period
1843;The Group Director of Risk & Internal Audit was appointed on 2 October 2017, reporting directly to the Chairman of the Audit Committee. This is seen as a key measure and commitment from the Board to improve reporting and consequently control systems.;What causes the improvement in control systems?;This is seen as a key measure and commitment from the Board to improve reporting
1844;Delivering the science-based carbon reduction and climate resilience targets set out in the Paris Agreement will have significant structural implications for the economy and the businesses and communities we serve. That is why we are evolving our Group-wide sustainability strategy.;What will cause significant structural effects for the economy and the businesses and communities they serve?;Delivering the science-based carbon reduction and climate resilience targets set out in the Paris Agreement
1845;Net financing costs remained at a similar level to last year, despite the improvement in our net cash position, as a result of the group's longer-term financing, through our US private placement, and some local currency debt maintained as a hedge against assets in high inflation economies.;What explains the net financing costs remaining at a similar level to last year despite the improvement in their net cash position?;the group's longer-term financing, through our US private placement, and some local currency debt maintained as a hedge against assets in high inflation economies
1846;These metrics are key determinants of shareholder value creation, because they reflect the effectiveness of strategic investment decisions, the focus on growing our SFI business and the growth in financial value of the whole Group.;Why are metrics essential factors in determining shareholder value creation?;they reflect the effectiveness of strategic investment decisions, the focus on growing our SFI business and the growth in financial value of the whole Group
1847;A number of investment properties that have previously been impaired are in receipt of rental income from independent third party tenants. As a result, £2.2m of impairment against these locations is no longer required and has been reversed (2016: £0.4m charge).;What are the consequences of some previously-impaired investment properties being in receipt of rental income from independent third party tenants?;£2.2m of impairment against these locations is no longer required and has been reversed (2016: £0.4m charge)
1848;IFRS 15 will be adopted from 1 January 2018 and therefore in next year's audited financial statements, Gamma will restate the 2017 figures under the new accounting policies (which are set out in Note 3).;Why will Gamma restate the 2017 figures under the new accounting policies in next year's audited financial statements?;IFRS 15 will be adopted from 1 January 2018
1849;Based on its assessment of performance, the Committee applied its judgement to determine annual bonus awards, without attaching a weighting to each performance factor or setting a value payable for achievement of each target. The Group Chief Executive's recommendation was taken into account for the Chief Financial Officer.;What was the implication of the performance assessment?;the Committee applied its judgement to determine annual bonus awards, without attaching a weighting to each performance factor or setting a value payable for achievement of each target
1850;Net debt has increased from $61.8m to $73.1m at 30 September 2017, primarily due to the acquisition of Treasure Beach in May 2017. An additional $8.4m was added to the Bank of Nova Scotia loan facility and was fully drawn down at that point.;What was the main reason for net debt increasing from $61.8m to $73.1m at 30 September 2017?;the acquisition of Treasure Beach in May 2017
1851;As the Board consists entirely of non-executive directors it is considered appropriate that matters relating to remuneration are considered by the Board as a whole, rather than a separate remuneration committee. All directors are considered independent with the exception of Oliver Bedford who is an employee of Hargreave Hale Limited and is not therefore independent.;What are the consequences of the Board consisting entirely of non-executive directors?;it is considered appropriate that matters relating to remuneration are considered by the Board as a whole, rather than a separate remuneration committee
1852;By their nature, such strategic projects are often complicated, interlinked and may result in a high level of change and require considerable resource to deliver them. As a result, the expected benefits and the costs of implementation of each project may deviate from those anticipated at their outset.;Why might the expected benefits and costs of implementation of each strategic project deviate from those anticipated at their outset?;By their nature, such strategic projects are often complicated, interlinked and may result in a high level of change and require considerable resource to deliver them
1853;We have an extensive operations' footprint across 30 countries. Our broad range of products are therefore never far from where they need to be, allowing us to meet our customers' needs quickly and easily, as well as reducing the number of deliveries to our customers.;What does the presence of the wide range of products always being close to where they are needed enable?;to meet our customers' needs quickly and easily, as well as reducing the number of deliveries to our customers
1854;The remaining 30% of the bonus opportunity was based on specific personal/strategic objectives set by the Remuneration Committee, concerning their key responsibilities in connection with delivering the Group's strategy. Achievement of these personal/strategic objectives resulted in bonus payments of 27.0% of salary for Andrew Tinkler.;What did the achievement of the personal/strategic objetives set by the Remuneration Committee lead to?;bonus payments of 27.0% of salary for Andrew Tinkler
1855;Increase in Life MSB due to investment contract liability reassessment.;What does the increase in Life arise from?;investment contract liability reassessment
1856;If we are to understand modern society, we need a diverse and inclusive workforce that reflects society. Managing this talent diversity in an inclusive way, reflecting our values, will enable us to attract, develop and retain the best professionals and to achieve better results in a sustainable manner.;What is the impact of them managing the talent diversity in an inclusive way, which also reflects their values?;to attract, develop and retain the best professionals and to achieve better results in a sustainable manner
1857;During the year, the weakness of Sterling against the Euro and the US Dollar following the Brexit vote, has put pressure on food cost inflation. Where possible we have benefited from additional volume discounts due to our significant opening program.;What were the implications of the Brexit vote?;the weakness of Sterling against the Euro and the US Dollar
1858;Looking forward, the Group expects to set its initial MBE for future accident years conservatively. Over time, the proportion of the Group's underwriting profit attributable to the current-year is expected to increase, including due to targeted improvements in the expense and commission ratios.;What is the reason the proportion of the Group's underwriting profit attributable to the current year is expected to increase over time?;targeted improvements in the expense and commission ratios
1859;The system of internal control is designed to identify, evaluate and manage significant risks associated with the achievement of the Group's objectives. Because of the limitations inherent in any system of internal control, this system is designed to meet the Group's particular needs and the risks to which it is exposed, rather than eliminate risk altogether. Consequently it can only provide reasonable, and not absolute, assurance against material misstatement or loss.;What do the limitations inherent in any system of internal control translate to?;this system is designed to meet the Group's particular needs and the risks to which it is exposed, rather than eliminate risk altogether
1860;Our Connected World Services division has also had a good year, generating £21 million of headline EBIT, driven by deepening our existing partnerships. Our relationship with Sprint continues to evolve and we are currently in the process of rolling-out our IT platform, honeybee, across their estate;What caused the Connected World Services division to generate £21 million of headline EBIT?;deepening our existing partnerships
1861;Rather than join in with our peers who invariably start cost cutting once the bear market arrives, we prefer to keep staff together thus maintaining not just corporate knowledge but their focus and long-term commitment.;What are the implications of preferring to keep staff together?;maintaining not just corporate knowledge but their focus and long-term commitment
1862;"In 2018, the total volume of waste treated was 16,068 tons, 20% less than the previous year. This was due to a better use of materials and the shutting down of production at the Monzón plant, where the surplus water from the processing was categorized as waste. Furthermore, the by-product generated in the chemical process is no longer manufactured. Fluidra Group companies do not transport or treat waste internationally classified as hazardous, in compliance with Annexes I, II, II and VIII, of the Basel Convention; all treatment or transportation that may result from such waste is performed in accordance with national regulations.";What happened because of the improved use of materials and the closure of the Monzón plant?;In 2018, the total volume of waste treated was 16,068 tons, 20% less than the previous year
1863;• Gold production exceeded guidance principally as a result of the full year of operations at San Julián phase I, although it reduced by 2.6% year-on-year due to the expected reduction of gold inventories at Herradura.;Why did the gold production reduce by 2.6% year-on-year?;the expected reduction of gold inventories at Herradura
1864;Because the BHC Act generally restricts the activities of BHCs to banking and activities closely related to banking, Barclays PLC, Barclays Bank PLC and BUSL have elected to be treated as financial holding companies under the BHC Act.;What is the consequence of the BHC Act generally restricting the activities of BHCs to banking and closely related activities?;Barclays PLC, Barclays Bank PLC and BUSL have elected to be treated as financial holding companies under the BHC Act
1865;Due to timing of the 2017 year-end process, the actual short-term incentive figures for all other employees had not been finalized by the date of this report. Therefore, the 2017 short-term incentive figures represent target figures multiplied by the 2017 Corporate Bonus Modifier score approved by the Committee in early February.;What was the effect of the timing of the 2017 year-end process?;the actual short-term incentive figures for all other employees had not been finalized by the date of this report
1866;The tax rate on adjusted profit in FY 2017 was 25.8% (2016: 24.7%), higher than initially guided principally due to a change in the geographic mix of our taxable profits, in addition to a change in the transfer pricing approach by an overseas tax authority.;What were the reasons the tax rate on adjusted profit in FY 2017 was higher than initially guided?;a change in the geographic mix of our taxable profits, in addition to a change in the transfer pricing approach by an overseas tax authority
1867;The new code is a development from the previous version as it more explicitly outlines the steps employees should take to ensure that their day-to-day actions and decisions are consistent both with SSE's values and rules.;Why is the new code considered a development from the previous version?;it more explicitly outlines the steps employees should take to ensure that their day-to-day actions and decisions are consistent both with SSE's values and rules
1868;The financial year being reported on was a 53 week period, therefore in order to facilitate comparison to prior year a restated 52 week summary of performance measures is detailed below. All year-on-year growth rates in the financial review are provided on a 52 week basis.;Why does the Company provided a restated 52 week summary of performance measures?;The financial year being reported on was a 53 week period
1869;The amortisation charge in relation to IFRS3 intangible assets of £2.0m (2016: £1.9m) arose from separately identifiable assets recognised as part of previous acquisitions. The assets principally relate to software and customer relationships and are amortised over their expected life which was determined in the year the acquisition took place.;What were the consequences of separately identifiable assets being recognised as part of previous acquisitions?;The amortisation charge in relation to IFRS3 intangible assets of £2.0m (2016: £1.9m)
1870;This planning has enabled us to recruit very high calibre candidates to the Board, with diverse skills and expertise. Succession planning has therefore been a particular area of focus during the year and we continue to keep this under active review.;Why has succession planning been a focus during the year and subject to active review?;This planning has enabled us to recruit very high calibre candidates to the Board, with diverse skills and expertise
1871;Movement in the year During the year, the competitive environment within the markets that Hunting serves remained strong and therefore Hunting's exposure to this risk is unchanged since last year.;Why is Hunting's exposure to this risk unchanged since last year?;During the year, the competitive environment within the markets that Hunting serves remained strong
1872;The impact of operating assumption changes in the year was a positive £44.0 million (2016: £18.6 million) as a result of higher retention assumptions reflecting positive experience for on-shore bond, ISA and Unit Trust business, and operational economies of scale noted above.;What were the reasons for the positive impact of operating assumption changes amounting to £44.0 million during the year?;higher retention assumptions reflecting positive experience for on-shore bond, ISA and Unit Trust business, and operational economies of scale noted above
1873;All this was possible thanks to the activation of a secure information exchange community for cybersecurity and the creation of the Cyber Emergency Response Team (CERT), which received accreditation of CERT ENEL at the Spanish national CERT level in 2018.;What made everything possible?;the activation of a secure information exchange community for cybersecurity and the creation of the Cyber Emergency Response Team (CERT), which received accreditation of CERT ENEL at the Spanish national CERT level in 2018
1874;Lower growth in electricity demand is expected for developed markets such as Europe and the United States, due to lower economic growth, energy efficiency policies and stabilized energy consumption patterns.;What is the effect of lower economic growth, energy efficiency policies and stabilized energy consumption patterns?;Lower growth in electricity demand is expected for developed markets such as Europe and the United States
1875;Quality Incentive Contract (QICs) bonuses were £6.9m (2016: £1.1m) as a result of improved performance against Transport for London (TfL) quality targets, reflecting route restructuring by TfL due to congestion.;What caused the changes reflecting route restructuring by TfL?;congestion
1876;Our passenger numbers allow us to serve many of our destinations daily and others several times a week during the spring, summer and autumn months, enabling us to offer a great choice of variable-duration holidays at affordable prices.;What does the offer of a great choice of variable-duration holidays at affordable prices arise from?;Our passenger numbers allow us to serve many of our destinations daily and others several times a week during the spring, summer and autumn months
1877;The Group has agreed to increase existing cash contributions by 10 per cent per annum commencing with the current year back-dated to the beginning of the year. The planned contribution for 2016/17 was, therefore, increased from £16 million to £17.6 million. The contribution for 2017/18 will increase to £18.3 million.;What is the reason for the increase in the planned contribution for 2016/2017 from £16 million to £17.6 million?;The Group has agreed to increase existing cash contributions by 10 per cent per annum commencing with the current year back-dated to the beginning of the year
1878;Financial risk: as a VCT, the Company is exposed to market price risk, credit risk, fair value risk, liquidity risk, cash flow risk and interest rate risk. The Company's income and expenditure is predominantly denominated in sterling and hence the Company has limited foreign currency risk.;What explains the Company's limited foreign currency risk?;The Company's income and expenditure is predominantly denominated in sterling
1879;Motor risk adjusted prices increased by 9.5% in 2017 while risk mix reduced by 3.2% reflecting the way the Group deployed Ogden pricing changes which were in line with claims experience. As a result, Motor average premium 1 grew by 5.9% in 2017.;What factors contributed to the 5.9% growth in Motor average premium 1 in 2017?;Motor risk adjusted prices increased by 9.5% in 2017 while risk mix reduced by 3.2% reflecting the way the Group deployed Ogden pricing changes which were in line with claims experience
1880;Notes: (1) It should be noted that shares vesting under the DAB rules are shares related to previously earned bonus and therefore the performance conditions for the relevant annual bonus had to be met before the shares were awarded.;Why did the performance conditions for the relevant annual bonus have to be met before the shares were awarded?;shares vesting under the DAB rules are shares related to previously earned bonus
1881;This is an increase of 8 percent on 2017 and has been possible thanks to greater involvement of the company’s professionals, the replication of best practices and harnessing synergies in its projects.;What factors prompted the 8% increase on 2017?;greater involvement of the company’s professionals, the replication of best practices and harnessing synergies in its projects
1882;The expense ratio increased slightly due to a higher intangible asset impairment of £56.9 million (2016: £39.3 million). The commission ratio improved 0.7 percentage points compared with 2016.;What does the slight increase in expense ratio owe to?;a higher intangible asset impairment of £56.9 million (2016: £39.3 million)
1883;2018 was a complex year due to the merge with Zodiac and the change in shareholder structure, which prompted a reshaping of the Board of Directors based on the merge negotiations. The merge changed the balance of gender parity on the Board, and at present the one female board member is no longer there.;What made 2018 a complex year?;the merge with Zodiac and the change in shareholder structure, which prompted a reshaping of the Board of Directors based on the merge negotiations
1884;There are no annual bonus outcomes to report in the table as the Admiral DFSS bonus is not structured as a traditional annual bonus scheme and consequently a vesting outcome (as a percentage of max) is meaningless.;Why are there no annual bonus to report in the table?;the Admiral DFSS bonus is not structured as a traditional annual bonus scheme
1885;The Board has resolved that a remuneration committee is not appropriate for a company of this size and nature. Remuneration is therefore regarded as part of the Board's responsibilities to be addressed regularly. All Directors are non-executive and all participate in meetings of the Board at which Directors';What causes remuneration to be regarded as part of the Board's responsibilities to be addressed regularly?;The Board has resolved that a remuneration committee is not appropriate for a company of this size and nature
1886;We remain a service-based business and our people are the key to our success. We understand that in reshaping a number of businesses into one business the change process can be painful. I would therefore particularly like to thank our staff for their endeavours through the year.;What is the reason behind the thanks their staff receives receives?;their endeavours through the year
1887;Closure and rehabilitation provisions was a key audit matter due to the significant size relative to the Group's financial position and the level of judgement applied by us in evaluating management's estimates of the quantum and timing of future costs and assessing the rate used to discount the costs;What were the causes behind the classification of closure and rehabilitation provisions as a key audit matter?;the significant size relative to the Group's financial position and the level of judgement applied by us in evaluating management's estimates of the quantum and timing of future costs and assessing the rate used to discount the costs
1888;At the 2018 Annual General Meeting the directors' remuneration report will be put to shareholders for approval by way of an advisory vote. In accordance with the Act, a resolution to approve the Company's revised remuneration policy will also be submitted to shareholders for a binding vote.;What will be the implication of the Act?;a resolution to approve the Company's revised remuneration policy will also be submitted to shareholders for a binding vote
1889;The Group recognises that its long-term sustainability depends on having sufficient economic capital to meet its liabilities as they fall due, thus protecting its reputation and the integrity of its relationship with policyholders and other stakeholders.;What is the consequence of the Group recognizing that its long-term sustainability depends on having sufficient economic capital to meet its liabilities?;protecting its reputation and the integrity of its relationship with policyholders and other stakeholders
1890;The Board is responsible to shareholders for the proper management of the Company and looks to meet on at least four occasions each year. It has formally adopted a schedule of matters which must be brought to it for decision, thus ensuring that it maintains full and effective control over key strategic and operational decisions.;What is the outcome of the Board formally adopting a schedule of matters to be brought to it for decision?;ensuring that it maintains full and effective control over key strategic and operational decisions
1891;"• Revenues from sales to deregulated market customers outside of Spain amounted to 1.009 billion Euros, 67 million Euros (– 6.2%) less than in 2017, mainly due to the decrease in the volume of electricity sold in Portugal, Germany and Holland as a result of the change in the ""mix"" of customers.";"What was the impact of the decrease in the volume of electricity sold in Portugal, Germany and Holland due to the change in the ""mix"" of customers?";Revenues from sales to deregulated market customers outside of Spain amounted to 1.009 billion Euros, 67 million Euros (– 6.2%) less than in 2017
1892;Our overall score in the annual Dow Jones Sustainability Index (DJSI) declined slightly in 2017 compared to 2016. Analysis showed this was largely due to the introduction of new question sets, significant changes to other sections, and a lower score in the codes of conduct and export categories.;What does the decline in their annual Dow Jones Sustainability Index (DJSI) score in 2017 compared to 2016 owe to?;the introduction of new question sets, significant changes to other sections, and a lower score in the codes of conduct and export categories
1893;Other costs decreased by £4.1 million (34%) to £7.9 million, with the main contributors being lower bad debt expenses due to more benign market conditions, lower irrecoverable sales tax and the effect of favourable balance sheet revaluation.;What were the causes contributing to lower bad debt expenses?;more benign market conditions, lower irrecoverable sales tax and the effect of favourable balance sheet revaluation
1894;All Chain regions had book to bill ratios greater than 100% for the year. Underlying order intake demonstrated good progress in the year with growth in the second half of 11.9% over the second half of the prior year. This compared to growth of 4.6% for the first half, and together resulted in growth for the full year of 8.2%.;What did the combination of a 4.6% growth in underlying order intake for the first half and the improved results in the second half compared to the prior year lead to?;growth for the full year of 8.2%
1895;Average net debt for the full year, calculated as a rolling 12 month of month-end balances, stood at £501.1 million. H1 average net debt was £457.3 million and H2 average net debt £545.0 million, the increase driven by ongoing cash outflows on EfW and a non-repeat of the reporting period-end cash pushes.;What factors motivated the increase?;ongoing cash outflows on EfW and a non-repeat of the reporting period-end cash pushes
1896;Historically, this has provided the main operational challenge due to competing uses for used transformer oil and/or long-established practices around waste incineration.;Why has this historically provided the main operational challenge?;competing uses for used transformer oil and/or long-established practices around waste incineration
1897;In 2017, many of the trends seen in the previous year continued, and even strengthened, including solid growth on the steel and bulk commodities markets. This was spurred by rising demand in major economies and significant capacity optimisations in China, which led to higher utilisation rates.;What caused higher utilisation rates?;rising demand in major economies and significant capacity optimisations in China
1898;Whilst the judgements on assumptions used in arriving at the deficit numbers is judged to be low as these use known published data/indices, there is more judgement in the nature of the disclosure hence the overall judgement required is viewed as moderate.;What factors contribute to the overall judgment being viewed as moderate?;Whilst the judgements on assumptions used in arriving at the deficit numbers is judged to be low as these use known published data/indices, there is more judgement in the nature of the disclosure
1899;2 Exceptional items are excluded from profit before tax and exceptional items due to these items being one-off and material in nature. The Directors believe these measures provide a consistent and comparable view of the underlying performance of the Group's ongoing business.;Why are exceptional items excluded from profit before tax?;these items being one-off and material in nature
1900;– Distinct products and services are being provided under certain of the Group's contracts that, until the transition date, had been accounted for in aggregate. Under the new standard, the distinct products and services must be recognised separately, giving rise to an impact on the timing of recognition of the Group's income and expenses, as the stage of completion of each product and service is estimated separately.;What does the separate recognition of distinct products and services and the separate estimation of the stage of completion of each product and service lead to?;an impact on the timing of recognition of the Group's income and expenses
1901;(3) Group interest reflects the working interest and may vary year-on-year based on the Group's effective interest in producing wells.;What causes the Group's interest to vary year-on-year?;the Group's effective interest in producing wells
1902;During the financial year, the Group carried out a strategic review of its warehouse operations which has led to a restructuring of these facilities. As a result, the Group announced the closure of its distribution centre in Northampton and a number of regional warehousing facilities;What was the effect of the Group carrying out a strategic review of its warehouse operations during the financial year?;a restructuring of these facilities
1903;We recognise the employment needs of the local communities and the positive impact that employment has on the local economy. It is for this reason that we always consider employing people from the local communities before searching further afield.;What explains their practice of considering local candidates before looking further afield?;We recognise the employment needs of the local communities and the positive impact that employment has on the local economy
1904;Segmental performance In the Primary, Community & Acute Care business, profit grew by 3%, despite a 2% revenue reduction, thereby strengthening the operating margin by 1.7%. The revenue reduction was a consequence of lower levels of activity in Acute and a reduction in some GPSoC discretionary revenue streams.;What does the revenue reduction owe to?;lower levels of activity in Acute and a reduction in some GPSoC discretionary revenue streams
1905;The Committee reviewed management's analysis supporting the going concern basis of preparation including reviewing the Company's financial performance, budgets for 2017/18 and cash flow projections. As a result of the assessment, the Committee reported to the Board that the going concern basis of preparation remained appropriate.;What effect did the assessment have?;the Committee reported to the Board that the going concern basis of preparation remained appropriate
1906;The increasing customer demand for travel information and reservations has led to a rapid and ongoing increase in IT systems capacity.;What is the outcome of the augmented consumer demand for travel information and bookings?;a rapid and ongoing increase in IT systems capacity
1907;Colin Jones is on different arrangements as described elsewhere in this report and the details for the incoming CFO have not been agreed at this time, therefore the only chart shown below is for Andrew Rashbass, the CEO.;What is the reason for the only chart shown below being for Andrew Rashbass, the CEO?;Colin Jones is on different arrangements as described elsewhere in this report and the details for the incoming CFO have not been agreed at this time
1908;At the start of the year, we also reduced the size of our transport fleet by 10% in light of network changes. At this point, we decided against further reducing the size of the fleet due to the future demand from new contracts. As a result, the business carried significant excess costs of under-utilised trucks during the current financial year which have been included in non-underlying costs.;What explains the decision against further reducing the size of the fleet after the 10% reduction?;the future demand from new contracts
1909;On 22 April 2016, as a result of the share placing undertaken by Acromas Bid Co Limited, Non-Executive Director James Arnell resigned from the Board.;What happened on 22 April 2016 due to the share placing undertaken by Acromas Bid Co Limited?;Non-Executive Director James Arnell resigned from the Board
1910;Whilst there was a 4% fall in applications in 2017, University intake was broadly in line with 2016 due to the excess of applications over acceptances.;What did the excess of applications over acceptances result in?;University intake was broadly in line with 2016
1911;Margins on total Group sales of equipment rose to 39.4% (2016: 38.5%), though overall gross margin was down at 36.4% (2016: 38.4%) due to the change in revenue mix between hire and sales.;What did the change in revenue mix between hire and sales lead to?;Margins on total Group sales of equipment rose to 39.4% (2016: 38.5%), though overall gross margin was down at 36.4% (2016: 38.4%
1912;As noted in the Strategic Report, all of the Directors are non-executive and, therefore, the Company does not have a chief executive officer, nor does it have any employees.;What is the reason the Company does not have a Chief Executive Officer or any employees?;all of the Directors are non-executive
1913;Other income comprises commissions earned on these products, together with rental income, foreign exchange movements and other ancillary fees. In 2017, other income reduced to £9.1 million (2016: £11.5 million), due to lower commission income and lower foreign exchange gains.;What did a lower commission income and lower foreign exchange gains translate to?;In 2017, other income reduced to £9.1 million (2016: £11.5 million)
1914;Retail spend per admission increased by 13.4% to £1.86 (2016: £1.64 constant currency). The increase was predominantly driven by the film mix and growth of the local economies but also the expansion of offerings, with three new VIP sites, one in Israel – Zichron, and two in Poland – Chodov and Wroclaw, as well as ongoing operational improvements.;What factors account for the 13.4% increase in retail spend per admission, from £1.64 to £1.86 in constant currency, compared to 2016?;the film mix and growth of the local economies but also the expansion of offerings, with three new VIP sites, one in Israel – Zichron, and two in Poland – Chodov and Wroclaw, as well as ongoing operational improvements
1915;As at 31 December 2017 the net defined benefit scheme liabilities were £5.6 million (2016: £3.7 million). The movement in the scheme liability was as a result of the £6.3 million reduction in the value of the scheme assets (including a £4.7 million actuarial loss);What was the consequence of the net defined benefit scheme liabilities being £5.6 million as of 31 December 2017?;the £6.3 million reduction in the value of the scheme assets (including a £4.7 million actuarial loss)
1916;Operating Free Cash Flow conversion decreased to 69% (2016: 113 %) due to recognition of £7.3 million of deferred revenue license amounts and an increase in trade receivables.;What factors contributed to the decrease in Operating Free Cash Flow to 69% this year, compared to 113% in 2016?;recognition of £7.3 million of deferred revenue license amounts and an increase in trade receivables
1917;As there were no changes proposed to the remuneration policy for 2017, it was not submitted to shareholders for approval at the 2017 Annual General Meeting.;What did the absence of change proposals to the remuneration policy for 2017 result in?;it was not submitted to shareholders for approval at the 2017 Annual General Meeting
1918;Having robust governance processes provides management with a platform to deliver the other aspects of the business strategy. As a result, a significant proportion of management's time and attention continues to be focused on ensuring that both the existing governance processes, coupled with future developments, are delivered.;What are the consequences of management having a platform provided by robust governance processes to support the delivery of the business strategy?;a significant proportion of management's time and attention continues to be focused on ensuring that both the existing governance processes, coupled with future developments, are delivered
1919;Other income comprises fund management fees, corporate finance fee income and other fees typically chargeable to the Group's portfolio companies for services including executive search and selection, legal and administrative support. Other income for the year increased to £6.1m (2016: £2.6m). The increase was largely due to the acquisition of Parkwalk Advisors in January and the resultant fund management related fees and commissions (£3.2m) which were consolidated into the Group's results for the first time.;What caused the fund management-related fees and commissions to reach £3.2 million?;the acquisition of Parkwalk Advisors in January
1920;Intangible assets increased to US$1,156.9m from US$652.9m mainly because of the goodwill recognised in respect of the Al Zahra acquisition.;What did the fact that the goodwill was recognised in respect of the AI Zaira acquisition result in?;Intangible assets increased to US$1,156.9m from US$652.9m
1921;The statutory effective tax rate is 1.5%, lower than would be expected due to some impairment charges not deductible for tax purposes. Earnings per share Continuing adjusted basic earnings per share and adjusted diluted earnings per share, before adjusting items, both increased by 5.5% to 47.8 pence and 47.7 pence;What caused the statutory effective tax rate to be 1.5% lower than expected?;some impairment charges not deductible for tax purposes
1922;The Nomination Committee also reviewed its membership in comparison to other FTSE 100 companies during the year. Consequently, it was agreed that David Thomas would step down as a member with effect from 30 June 2017.;Why did the Nomination Committee agree that David Thomas would step down as a member, effective 30 June 2017?;The Nomination Committee also reviewed its membership in comparison to other FTSE 100 companies during the year
1923;During 2017, Sage welcomed its first new Non-executive Directors since 2014. We therefore took the opportunity to refresh our induction programme, to ensure that the new Non-executive Directors could develop a full understanding of how Sage works.;Why did they take the opportunity to refresh their induction programme?;During 2017, Sage welcomed its first new Non-executive Directors since 2014
1924;Record's AUME is affected by movements in equity and other market levels because substantially all the Passive and Dynamic Hedging, and some of the Multi-product mandates, are linked to equity and other market levels.;What led to Record's AUME being affected by movements in equity and other market levels?;substantially all the Passive and Dynamic Hedging, and some of the Multi-product mandates, are linked to equity and other market levels
1925;With sufficient development headings now established the Group started to increase the level of stoping activity in the first quarter of 2017 and consequently the tonnage of ore that is being recovered from stope mining.;What motivates the increase in the tonnage of ore recovered from stope mining?;With sufficient development headings now established the Group started to increase the level of stoping activity in the first quarter of 2017
1926;Loss on revaluation and sale of investment and development property The loss on revaluation and sale of the Group's investment and development property was £28.0 million. Covent Garden recorded a gain on revaluation of £93.4 million as a result of rental growth.;What was the effect of rental growth?;Covent Garden recorded a gain on revaluation of £93.4 million
1927;The IAS19 deficit decreased to £70.6m (2016: £88.8m) pre-tax, £58.6m (2016: £72.6m) post-tax due to strong asset returns. The assumptions underpinning the deficit calculation are detailed in Note 28 in the Notes to the Financial Statements.;What explains the decrease in the IAS19 deficit to £70.6m (2016: £88.8m) pre-tax?;strong asset returns
1928;Consistent with Paul and the senior management team, the Board is committed to making Essentra a great place to work, where talent can thrive. We therefore whole-heartedly support his focus on building employee engagement.;What prompts the whole-hearted support towards Paul's focus on building employee engagement?;the Board is committed to making Essentra a great place to work, where talent can thrive
1929;Board support Board meetings are scheduled at least two years in advance and ad hoc meetings are arranged when required according to the needs of the business. The Board also has a programme which sets out the standing items for every meeting, key periodic activities such as approval of results, AGM documentation, business plans and assessment of evaluation results, as well as matters for more detailed focus owing to their significance to the Company. Comprehensive briefing papers are circulated to all Directors more than one week before each meeting.;What factor contributes to more-specialized matters being set out by the Board every meeting?;their significance to the Company
1930;Note 5 – Prior to 2012 the LTIP schemes were in fact better characterised as deferred annual bonus schemes. As such they are classified within the annual bonus value and any value is included in the annual bonus pay-out against maximum percentage.;What are the consequences of the LTIP schemes being better characterized as deferred annual bonus schemes prior to 2012?;they are classified within the annual bonus value and any value is included in the annual bonus pay-out against maximum percentage
1931;As the asset has a nominal cost base, the carrying value virtually represents the valuation surplus. The Group recognises a deferred tax provision against the valuation surplus and, as such, the net value on the balance sheet is £75.1m (2016: £82.4m).;What impact does having a nominal cost base for the asset have?;the carrying value virtually represents the valuation surplus
1932;Farmer confidence has returned during the year as a result of the increase in farmgate milk prices and improved revenues from beef and sheep leading to a recovery in farm incomes. We expect farm incomes to continue to improve throughout the current financial year. The uncertainty following the outcome from the EU referendum remains, particularly relating to the future of the single farm payment and support for UK farmers. However, in the short-term UK livestock and dairy prices have responded positively due to a number of factors, including the devaluation of sterling.;What have a number of factors, including the devaluation of sterling, resulted in?;in the short-term UK livestock and dairy prices have responded positively
1933;"Miles Roberts Group Chief Executive ""We are delighted to report another year of good growth for DS Smith, delivered through a combination of acquisitions and organic development. We have again expanded our customer offering during the year both geographically and through our continuous focus on innovative solutions for our customers, and we have delivered against all our medium-term financial targets."" Adjusted operating profit increased by 5 per cent on a constant currency basis to £443 million (17 per cent on a reported basis), driven by the contribution from volume growth, contributing 9 per cent growth (£38 million), and from the net contribution of businesses acquired and disposed of, contributing 2 per cent growth (£10 million). Input cost increases were driven by a rise in the cost of raw materials and other operating costs, which impacted profit by £36 million.";What does the increase in input cost result from?;a rise in the cost of raw materials and other operating costs, which impacted profit by £36 million
1934;Constant currency adjusted operating profit decreased by 23 per cent, despite a modest contribution from the acquired business, reflecting the impact of input cost pressures on the paper manufacturing operations in the region. Consequently, return on sales fell 260 basis points to 8.3 percent.;What caused the return on sales to fall 260 basis points to 8.3 percent?;Constant currency adjusted operating profit decreased by 23 per cent, despite a modest contribution from the acquired business, reflecting the impact of input cost pressures on the paper manufacturing operations in the region
1935;Due to timing of the 2017 year end process, the actual short-term incentive figures for all other employees had not been finalized by the date of this report. Therefore, the 2017 short-term incentive figures represent target figures multiplied by the 2017 Corporate Bonus Modifier score approved by the Committee in early February.;What is the consequence of the actual short-term incentive figures for all other employees not being finalized by the date of this report?;the 2017 short-term incentive figures represent target figures multiplied by the 2017 Corporate Bonus Modifier score approved by the Committee in early February
1936;In 2017, the average supply chain greenhouse gas emissions from all of Drax's biomass supplies amounted to 36g CO 2 /MJ. This is an increase of 6% compared with 2016 because we sourced a higher proportion of our biomass supplies from the US.;What caused this increase of 6% compared with 2016?;we sourced a higher proportion of our biomass supplies from the US
1937;Fees for audit services to non-recourse subsidiaries during the year amounted to £59,403 (2016 – £62,129). The increase in fees for audit services to the Company and recourse subsidiaries was due to additional work on the Group's investments in certain project companies which Deloitte does not audit.;What originated the increase in fees for audit services to the Company and recourse subsidiaries?;additional work on the Group's investments in certain project companies which Deloitte does not audit
1938;Patagonia Gold retains its investment focus on Argentina and, for this reason, it continues to review opportunities to enhance its participation in the local mining business. Improved market sentiment coupled with the change in government in Argentina pose an excellent opportunity for Patagonia Gold to grow its business;Why does Patagonia Gold continue to review opportunities to enhance its participation in the local mining business?;Patagonia Gold retains its investment focus on Argentina
1939;Other revenue primarily relates to environmental, operational and maintenance services rendered to offtakers in our Maritsa, Togo, Kivuwatt and Cap des Biches power plants. Other revenue increased mainly as a result of the full commercial operations of Cap des Biches I and II in 2017.;What is the main driver of the other increase in revenue?;the full commercial operations of Cap des Biches I and II in 2017
1940;All of our employees have undertaken an externally facilitated personality profile exercise, which helps us to understand the dynamics of our teams and informs our recruitment of new employees and our plans for CPD of existing team members.;What does the employees' undertaking of an externally facilitated personality profile exercise enable?;to understand the dynamics of our teams and informs our recruitment of new employees and our plans for CPD of existing team members
1941;The effective tax rate for 2017 was 20.7% (2016: 18.6%), compared to an average statutory rate for the UK for 2017 of 19.25% (2016: 20%). The higher effective tax rate is largely due to the revaluation of U.S.-related deferred tax assets, driven by the reduction in the U.S. Federal corporate tax rate.;What does the revaluation of U.S.-related deferred tax assets result from?;the reduction in the U.S. Federal corporate tax rate
1942;— Missed opportunities due to failure to mobilise resources efficiently.;What was the reason for the missed opportunities?;failure to mobilise resources efficiently
1943;As a consequence of this review the Committee is proposing a number of amendments to the annual bonus plan and to the long-term incentive arrangements. This will necessitate a revision of the current remuneration policy, which is being submitted to shareholders for approval at the annual general meeting.;What does this review result in?;the Committee is proposing a number of amendments to the annual bonus plan and to the long-term incentive arrangements
1944;Over the last twelve months, a significant component of the transition was completed with the reorganisation of the Group's operating structure, resulting in the bulk of its activities moving under its banking subsidiary, Paragon Bank.;What is the movement of the bulk of the Group's activities under its banking subsidiary, Paragon Bank, owed to?;Over the last twelve months, a significant component of the transition was completed with the reorganisation of the Group's operating structure
1945;There are occasions when expectations from a host community cannot be met, resulting in conflict and unrest. The relationship with host communities is particularly vulnerable due to differences in the leadership structures of the stakeholders with whom the mine engages.;What explains the outcome of conflict and unrest?;There are occasions when expectations from a host community cannot be met
1946;Stronger producer country currencies had the effect of reducing underlying EBITDA by $0.7 billion, mainly owing to a 9% strengthening of the South African rand and a 4% strengthening of the Chilean peso against the dollar.;What was the effect of the 9% strengthening of the South African rand and the 4% strengthening of the Chilean peso against the dollar?;reducing underlying EBITDA by $0.7 billion
1947;The Company has no premises, consumes no electricity, gas or diesel fuel and consequently does not have a measurable carbon footprint. JPMAM is a signatory to Carbon Disclosure Project.;Why does the Company not have a measurable carbon footprint?;The Company has no premises, consumes no electricity, gas or diesel fuel
1948;The extent of our coverage is also influenced by the sale of Aquatron Robotics due to the divestment required by the Directorate-General for European Competition following the merge of the two companies and its dominant position in the robot market.;What factor makes the sale of Aquatron Robotics influential on the extent of the coverage?;the divestment required by the Directorate-General for European Competition following the merge of the two companies and its dominant position in the robot market
1949;Due to the size of the Board, the Chairman of the Company is also the Chairman of the Audit Committee. The recommendation in the Code is that the Chairman of the Company can be a member of the Audit Committee;What is the reason why the Chairman of the Company is also the Chairman of the Audit Committee?;the size of the Board
1950;"Taking into account this feedback from shareholders, the Committee has increased the weighting of the EPS measure and reduced the weighting of the adjusted operating profit measure, whilst keeping the total percentage of the bonus based on profit measures the same as last year (85%). The Committee has also determined that the Group employee retention measure is no longer as relevant to measuring the success of the business and it will therefore not be used as a measure for the 2017/18 ABP. Instead, there will be an increased weighting on working capital management, which remains a focus for management. The Committee is aware of the current trend of a ""simplification"" of incentive arrangements in the UK listed environment. These changes reduce the number of performance measures used (from four to three), therefore simplifying the arrangements in place at Volution. The performance measures and weightings for the year ended 31 July 2018 will therefore become adjusted operating profit (35%), adjusted EPS (50%) and working capital management (15%). The targets set for the year ended 31 July 2018 will be disclosed in the next Annual Report on Remuneration, unless they remain commercially sensitive.";What is the outcome of the changes reducing the number of performance measures used (from four to three)?;simplifying the arrangements in place at Volution
1951;The Company has not undertaken any significant CSR programmes during FY17. Based on our business model as a community lender, we are now planning our approach for FY18.;What is the reason they are planning their approach for FY18?;our business model as a community lender
1952;LTL's relative underperformance in year to January 2017 resulted to a large extent from the Manager's unwillingness to own commodity extractors/processors, industrial and leveraged financial companies. Because of the concentrated nature and focus of their portfolios LTL expect to suffer periods like this every so often.;What is the reason behind LTL's expectation to experience periods like this occasionally?;the concentrated nature and focus of their portfolios
1953;The NPL rate, however, increased to 7.73%, mainly due to the maturity of those loans forborne in 2017, which included the support to customers affected by hurricane season. The cost of credit, at the end of December stood at 10.01% (+17 bp in the year), due to the average investment lower growth as a result of the vintages amortisation from high production exercises (2015), partially mitigated by the increase in recoveries efficiency and the positive evolution of the used car price. The coverage ratio remains at high levels, 155%.;What were the reasons behind the 10.01% cost of credit, at the end of December?;the average investment lower growth as a result of the vintages amortisation from high production exercises (2015), partially mitigated by the increase in recoveries efficiency and the positive evolution of the used car price
1954;The majority of the decrease in earnings per share was caused by an increased number of minority shareholders in Arena after the public offering.;What was the reason for the majority of the decrease in earnings per share?;an increased number of minority shareholders in Arena after the public offering
1955;The gross margin from land disposals (including the sale of subsidiary and joint venture) was 38.7% (2016: 39.4%). Contract income showed a gross loss because the Group incurred significant remedial costs as well as liquidated ascertained damages on two construction contracts from Housing Associations that were sub contracted to a contractor that failed last year. Excluding these contracts, construction contract margin was 17.8%.;What factors explain the loss in contract income?;the Group incurred significant remedial costs as well as liquidated ascertained damages on two construction contracts from Housing Associations that were sub contracted to a contractor that failed last year
1956;As a company whose business is fundamentally based on intellectual capital and does not own its business premises, Ashmore has a limited direct impact on the environment and there are few environmental risks associated with the Group's activities.;What is the reason Ashmore has a limited direct impact on the environment and few environmental risks associated with the Group's activities?;a company whose business is fundamentally based on intellectual capital and does not own its business premises
1957;The Board proposes to increase the final dividend to 7.3p per share. This will be paid on 26 July 2017 to shareholders on the register on 16 June 2017. As a result, the total proposed dividend for the 2017 financial year will be 12.3p per share.;What will be the effect of the increase in the final dividend to 7.3p per share, given it will be paid on 26 July 2017?;the total proposed dividend for the 2017 financial year will be 12.3p per share
1958;The Committee determined the annual bonus pool for the year ended 31 December 2017 based on a total compensation ratio of 43% (2016: 44%). On an underlying basis the total compensation ratio is unchanged year on year, as we have around a 1% benefit from higher levels of bonus deferral;Why is the total compensation ratio unchanged year on year?;we have around a 1% benefit from higher levels of bonus deferral
1959;"Administrative expenses (""G&A"") continued to be under strict control. Ukrainian G&A remained flat as staff were compensated for the loss of earning power due to the devaluation of local currency and the overall G&A went down from $5.6 million in 2016 to $5.0 million in 2017.";What caused Ukrainian G&A to remain flat?;staff were compensated for the loss of earning power
1960;The strengthening of these processes and governance means that the Group is able to demonstrate technical and commercial feasibility of development activities and consequently is now required to capitalise development spend under IAS 38 'Intangible assets'.;What is the reason for the current requirement to capitalize development spend under IAS 38 'Intangible assets'?;The strengthening of these processes and governance means that the Group is able to demonstrate technical and commercial feasibility of development activities
1961;6. Percentage changes are calculated from the base data and may differ slightly from changes calculated from the data in the tables because of rounding.;What is the impact of rounding?;Percentage changes are calculated from the base data and may differ slightly from changes calculated from the data in the tables
1962;On the other hand, competition is much stiffer as a result of the entry of the so-called fintechs in providing some financial services. These companies enjoy some advantages, particularly in terms of costs (they do not have branches and do not have to renew outdated technology), and in the products and markets where they operate, as they focus on the most profitable ones and do not provide the universal service that we do. We need to end asymmetric regulations, as banks, on the one hand, and digital platforms and start-ups, on the other, are not competing on a level playing field, whether in terms of capital requirements, compliance or use of data. We are not an IT company, but it is our duty to use the best technology and look for the best possible solutions for the real financial challenges of our customers, providing them exactly with what they need.;What is the implication of other companies focusing on the most profitable products and markets and not providing the universal service that they do?;These companies enjoy some advantages, particularly in terms of costs (they do not have branches and do not have to renew outdated technology), and in the products and markets where they operate
1963;Operational Risks - This is the risk of loss resulting from inadequate or failed internal processes, people and systems, or from external events.;What factors explain the risk of loss?;inadequate or failed internal processes, people and systems, or from external events
1964;The adjusted operating cost base of the Group reduced by $16.7 million, excluding foreign exchange and despite inflation, as the cost saving actions from the portfolio review programme and restructuring of the sales organisation which commenced in late 2016, began to deliver benefits.;What factors drove the $16.7 million reduction in the adjusted operating cost base of the Group, excluding foreign exchange and despite inflation?;the cost saving actions from the portfolio review programme and restructuring of the sales organisation which commenced in late 2016, began to deliver benefits
1965;In the prior year, other operating income was excluded from our definition of underlying performance. This income is an integral feature of the replacement of meters, particularly prevalent during the current smart domestic rollout, and will occur on an ongoing basis. It is therefore the Board's intention to present our underlying performance including this income.;What factors influence the Board's decision to present the underlying performance including operating income?;In the prior year, other operating income was excluded from our definition of underlying performance. This income is an integral feature of the replacement of meters, particularly prevalent during the current smart domestic rollout, and will occur on an ongoing basis
1966;The 2017 underwriting year was affected by the worst catastrophe losses for some years, in addition 2016 returns were lower due to softening market conditions. The 2017 losses have been fully recognised in these accounts so any improvement in the next two years will contribute to earnings.;What had an effect on the 2017 underwriting year?;the worst catastrophe losses for some years
1967;The materials and water consumption increase caused an upward variation in the associated emissions, adjusted by the reduction in emissions linked to the use of products and services, thus yielding a virtually constant value for scope 3 emissions versus the previous year.;What were the results of the growth in material and water usage?;an upward variation in the associated emissions, adjusted by the reduction in emissions linked to the use of products and services, thus yielding a virtually constant value for scope 3 emissions versus the previous year.
1968;Asset management sales and staircasing performed strongly this year, contributing £8.6 m (2016: £3.5m) to the overall surplus. This result is driven in part by increased numbers of units sold and in part by higher surplus per property due to the type of dwelling sold.;What factors contributed to the strong performance of asset management sales and staircasing this year, which added £8.6 million to the overall surplus?;in part by increased numbers of units sold and in part by higher surplus per property due to the type of dwelling sold
1969;• Natural catastrophe risk: The risk of one or more large events caused by nature affecting a number of policies and therefore giving rise to multiple losses. Given Beazley's risk profile, such an event could be a hurricane, major windstorm or earthquake. This risk is monitored using exposure management techniques to ensure that the risk and reward are appropriate and that the exposure is not overly concentrated in one area.;What is the source of the risk associated with one or more large events?;nature affecting a number of policies
1970;Legacy Share Matching Plan Until 2013, awards were also made under a Share Matching Plan ('SMP'). Under the SMP, the Executive Directors could receive up to 0.5 matching shares for each share deferred under the annual bonus plan (the maximum award level was therefore 30% of salary).;What explains the maximum award leven being 30% of salary?;Under the SMP, the Executive Directors could receive up to 0.5 matching shares for each share deferred under the annual bonus plan
1971;As previously announced Heike van de Kerkhof resigned from the Board with effect from 24 November 2016. As a result the Nomination Committee led the search for a suitable replacement.;Why did the Nomination Committee led the search for a suitable replacement?;As previously announced Heike van de Kerkhof resigned from the Board with effect from 24 November 2016
1972;A key part of implementing the TOM is to embed effective and efficient business processes and systems within it. Over the next two years we will therefore be focusing on designing and implementing standardised business processes;Why will they focus on designing and implementing standardised business processes over the next two years?;A key part of implementing the TOM is to embed effective and efficient business processes and systems within it
1973;Managing operational risk continues to be a key focus within the Group due to the complexity and volume of change, the Group's IT infrastructure, cyber risk, and reliance on third party suppliers.;What are the reasons for the management of operational risk continuing to be a key focus within the Group?;the complexity and volume of change, the Group's IT infrastructure, cyber risk, and reliance on third party suppliers
1974;"Finance expense increased due to the increased amount of debt and the refinancing during the period. The increase debt reflects the portfolio acquisition in March 2017, with the assumption of £69.4m of bank borrowing and some £35.7m of Zero Dividend Preference shares (""ZDP"") and the £35.7m of additional borrowings.";What drove the increase in finance expense?;the increased amount of debt and the refinancing during the period
1975;He also missed two Audit Committee meetings one because he was required to attend a meeting on the North American Free Trade Agreement (NAFTA) a subject in which he has particular expertise by virtue of his role in originally negotiating NAFTA.;What is the reason he has particular expertise in the North American Free Trade Agreement?;his role in originally negotiating NAFTA
1976;Clontarf had held a 3% royalty on revenue arising from future operations on the Block. Clontarf did not incur any liabilities as a result of Union Oil's decision but wrote off the carrying value of the asset in the financial statements for the year ending 31 December 2017.;What was the origin of Clontarf's 3% royalty on revenue?;future operations on the Block
1977;The assessment of the TSR measure was made independently by New Bridge Street who advised that TSR over the three-year performance period to 9 March 2018 was 68.5% which resulted in the Company being ranked above the upper quartile position on a relative basis.;What caused the Company to be ranked above the upper quartile position on a relative basis?;The assessment of the TSR measure was made independently by New Bridge Street who advised that TSR over the three-year performance period to 9 March 2018 was 68.5%
1978;During the year GoCompare made minority investments in MortgageGym Limited and Souqalmal Holdings Limited. The process of determining the fair value of these equity investments is inherently judgemental due to the companies being unquoted and by virtue of them being in a start-up phase.;What caused the process of determining the fair value of these equity investments to be inherently judgmental?;the companies being unquoted and by virtue of them being in a start-up phase
1979;• The volume of premiums increased to €853 million, almost 7% up on 2017, thanks to the 5.3% increase in the Automotive area and the extraordinary pace of growth, 12.4%, in the Home sector.;What was the outcome of the 5.3% rise in the Automotive area and the rapid expansion in the Home sector?;The volume of premiums increased to €853 million, almost 7% up on 2017
1980;This year, we continued to implement the objectives set out in our Environmental Policy and as a result, the Bank has introduced many initiatives to enhance our commitment to conducting our business;Why has the Bank introduced many initiatives to enhance their commitment to conducting their business?;This year, we continued to implement the objectives set out in our Environmental Policy
1981;Based on the 2017 performance targets set at in late 2016, the Group either achieved or exceeded the targets set for revenue, gross margin and EBITDA. As a result of this performance, the Remuneration Committee resolved to pay bonuses as set out in this report.;What was the outcome of the Group's performance in achieving or exceeding the targets set for revenue, gross margin, and EBITDA?;the Remuneration Committee resolved to pay bonuses as set out in this report
1982;Due to its importance to clients, Escrow provides the Group with excellent recurring revenues along with good margins and cash generation. Escrow can be provided both in the traditional on-premise software market as well as in the cloud.;What are the implications of the importance they place on clients?;Escrow provides the Group with excellent recurring revenues along with good margins and cash generation
1983;Turnover increased by 1.9% to €53.7 billion including an unfavourable currency impact of 2.1% (2016: 5.1% unfavourable currency impact) mainly due to strengthening of the euro.;What has the strengthening of the euro caused?;Turnover increased by 1.9% to €53.7 billion including an unfavourable currency impact of 2.1% (2016: 5.1% unfavourable currency impact)
1984;Renewable generation increased by 12.5% during the period, while hydro production saw a 3.0-fold rise, thus reducing the overall thermal production by 8.8%, most notably coal, which was directly impacted by rising costs.;What did the increase of renewable energy and hydropower generation contribute to?;reducing the overall thermal production by 8.8%, most notably coal, which was directly impacted by rising costs
1985;Samarco was a key audit matter due to the significant size of the potential claims, the high degree of estimation uncertainty and the level of judgement required to be applied by us when assessing the legal claims and BHP Billiton Brasil's obligations.;What factors contributed to Samarco being deemed a key audit matter?;the significant size of the potential claims, the high degree of estimation uncertainty and the level of judgement required to be applied by us when assessing the legal claims and BHP Billiton Brasil's obligations
1986;As a result of the profits on disposal in each financial year, the Group generated a profit for the year of £1,621k (2016: £1,824k).;What caused the Group to generate a profit of £1,621k in 2017, compared to £1,824k in 2016?;the profits on disposal in each financial year
1987;We reviewed a proposal to revise the Group's target, set at the end of 2014, to reduce the amount of waste produced from the Group's operations by 25% by 2020, normalised on turnover. Due to historical data discrepancies and inaccuracies we agreed a proposal in June 2017;What was the impact of historical data discrepancies and inaccuracies?;we agreed a proposal in June 2017
1988;Statutory Profit for the year was up 2% to £37.4 million after the impact of increased deal related exceptional costs, amortisation of intangibles assets arising on acquisitions and share-based payments.;What factors contributed to the 2% increase in statutory profit for the year, reaching £37.4 million?;increased deal related exceptional costs, amortisation of intangibles assets arising on acquisitions and share-based payments
1989;At present, the methodology for implementing the equalisation is uncertain and thus the impact cannot be reliably measured. As a result, no allowance has been made for GMP equalisation in the calculation of the deﬁned beneﬁt obligation within these consolidated financial statements.;What factor explains why no allowance has been made for GMP equalisation in the calculation of the defined benefit obligation within these consolidated financial statements?;At present, the methodology for implementing the equalisation is uncertain and thus the impact cannot be reliably measured
1990;Income in the year, excluding special dividends, was £9,060,000 (2016: £9,062,000). The amount of special dividends received fell and consequently the total income for the year of £9,703,000 is marginally less than last year's £9,783,000.;What was the effect of the decrease in the amount of special dividends received?;the total income for the year of £9,703,000 is marginally less than last year's £9,783,000
1991;This approach is the result of the Euskaltel Group's language policy, which promotes respect for the different languages of the regions in which it operates in order to guarantee the use of the language chosen by its customers in their commercial relations. It therefore encourages internal training and activities to stimulate the use of the language.;What is the key driver of the approach that encourages internal training and activities to stimulate the use of the language?;the Euskaltel Group's language policy, which promotes respect for the different languages of the regions in which it operates in order to guarantee the use of the language chosen by its customers in their commercial relations
1992;UK 2017 was another difficult year for our UK Construction business due to the ongoing period of challenging market conditions and continued pockets of underperformance in operational delivery in a number of contracts, which resulted in a net loss result for the division.;What were the reasons for the net loss result in the division?;the ongoing period of challenging market conditions and continued pockets of underperformance in operational delivery in a number of contracts
1993;Operating cash flow rose by 1% in headline terms, despite a decrease in adjusted operating profit, driven by a strong cash conversion of 116% driven by tight working capital control, strong collections and high Penguin Random House cash dividends.;What is the 1% increase in operating cash flow in headline terms, despite a decrease in adjusted operating profit, owed to?;a strong cash conversion of 116%
1994;In accordance with the mandate entrusted to the Compliance and Conduct function improvements were made, in 2018, in the strategic compliance programme. In the two previous years, the scope and objectives of the Compliance and Conduct target operation model (TOM) were defined, and the initiative was implemented in the Group's local units and at the Corporate centre, towards the end of 2018, thus achieving a Compliance and Conduct function that is on par with the best standards in the financial industry.;What did the definition of the scope and objectives of the Compliance and Conduct target operation model (TOM) and the implemenation of the initiative in the Group's local units and at the Corporate centre, towards the end of 2018 allow?;achieving a Compliance and Conduct function that is on par with the best standards in the financial industry
1995;No Board effectiveness review took place during the year due to the newness of its composition. However, throughout the year the Board reviewed issues such as board composition, meeting structures, strategic oversight and risk management.;What factor led to the absence of a Board effectiveness review during the year?;the newness of its composition
1996;■ ■ Barclays UK: Reduction was driven by UK cards portfolio, where balances on forbearance plans were lower due to an asset sale and application of tighter entry criteria.;What caused the Barclays UK's reduction?;UK cards portfolio
1997;Inability to obtain necessary water concessions because of government control or private interests.;What causes the inability to obtain necessary water concessions?;government control or private interests
1998;"Special items amount to €57 million and are mainly due to: i) the capital gain on the sale of the interest held in Naturgy Energy Group, S.A. (+€344 million); ii) the extraordinary write downs in Venezuela (-€843 million due to the risk affecting the recovery of loans, tax assets and investments) and Upstream production assets (€-454 million) and Downstream (-€24 million); iii) extraordinary income on exchange differences (includes the impact of the exchange rate on financial and tax positions and the reclassification of exchange differences relating to canceled exploration assets) and the application of abandonment and tax risk provisions in Upstream.";What factors influence the special items that amount to €57 million?;"the capital gain on the sale of the interest held in Naturgy Energy Group, S.A. (+€344 million); ii) the extraordinary write downs in Venezuela (-€843 million due to the risk affecting the recovery of loans, tax assets and investments) and Upstream production assets (€-454 million) and Downstream (-€24 million); iii) extraordinary income on exchange differences (includes the impact of the exchange rate on financial and tax positions and the reclassification of exchange differences relating to canceled exploration assets) and the application of abandonment and tax risk provisions in Upstream"
1999;Annualised cost per home account fell by 8% compared to 2016, with efficiencies realised through our new operating model including the combination of multiple customer operations teams into one organisation, lower incoming call volumes resulting from investment in our digital platform which has made it easier to complete transactions online, consolidation of our planning and dispatch activities, and the integration of seven separate field forces into one.;What motivated a decrease in incoming call volumes?;investment in our digital platform
2000;In light of the ongoing Strategic Review to assess the financing options open to the Group in relation to the Bonds, the directors have reconsidered the period over which they can reasonably assess the Group's viability.;What factor led the directors to reconsider the period over which they can assess the Group's viability?;the ongoing Strategic Review to assess the financing options open to the Group in relation to the Bonds
